/home/pbigalke/miniconda3/envs/my_satpy_env/lib/python3.12/site-packages/cartopy/mpl/style.py:76: UserWarning: facecolor will have no effect as it has been defined as "never".
  warnings.warn('facecolor will have no effect as it has been '
/home/pbigalke/miniconda3/envs/my_satpy_env/lib/python3.12/site-packages/cartopy/mpl/style.py:76: UserWarning: facecolor will have no effect as it has been defined as "never".
  warnings.warn('facecolor will have no effect as it has been '
/home/pbigalke/miniconda3/envs/my_satpy_env/lib/python3.12/site-packages/cartopy/mpl/style.py:76: UserWarning: facecolor will have no effect as it has been defined as "never".
  warnings.warn('facecolor will have no effect as it has been '
/home/pbigalke/miniconda3/envs/my_satpy_env/lib/python3.12/site-packages/cartopy/mpl/style.py:76: UserWarning: facecolor will have no effect as it has been defined as "never".
  warnings.warn('facecolor will have no effect as it has been '
/home/pbigalke/miniconda3/envs/my_satpy_env/lib/python3.12/site-packages/cartopy/mpl/style.py:76: UserWarning: facecolor will have no effect as it has been defined as "never".
  warnings.warn('facecolor will have no effect as it has been '
/home/pbigalke/miniconda3/envs/my_satpy_env/lib/python3.12/site-packages/cartopy/mpl/style.py:76: UserWarning: facecolor will have no effect as it has been defined as "never".
  warnings.warn('facecolor will have no effect as it has been '
/home/pbigalke/miniconda3/envs/my_satpy_env/lib/python3.12/site-packages/cartopy/mpl/style.py:76: UserWarning: facecolor will have no effect as it has been defined as "never".
  warnings.warn('facecolor will have no effect as it has been '
/home/pbigalke/miniconda3/envs/my_satpy_env/lib/python3.12/site-packages/cartopy/mpl/style.py:76: UserWarning: facecolor will have no effect as it has been defined as "never".
  warnings.warn('facecolor will have no effect as it has been '
/home/pbigalke/miniconda3/envs/my_satpy_env/lib/python3.12/site-packages/cartopy/mpl/style.py:76: UserWarning: facecolor will have no effect as it has been defined as "never".
  warnings.warn('facecolor will have no effect as it has been '
/home/pbigalke/miniconda3/envs/my_satpy_env/lib/python3.12/site-packages/cartopy/mpl/style.py:76: UserWarning: facecolor will have no effect as it has been defined as "never".
  warnings.warn('facecolor will have no effect as it has been '
/home/pbigalke/miniconda3/envs/my_satpy_env/lib/python3.12/site-packages/cartopy/mpl/style.py:76: UserWarning: facecolor will have no effect as it has been defined as "never".
  warnings.warn('facecolor will have no effect as it has been '
/home/pbigalke/miniconda3/envs/my_satpy_env/lib/python3.12/site-packages/cartopy/mpl/style.py:76: UserWarning: facecolor will have no effect as it has been defined as "never".
  warnings.warn('facecolor will have no effect as it has been '
/home/pbigalke/miniconda3/envs/my_satpy_env/lib/python3.12/site-packages/cartopy/mpl/style.py:76: UserWarning: facecolor will have no effect as it has been defined as "never".
  warnings.warn('facecolor will have no effect as it has been '
/home/pbigalke/miniconda3/envs/my_satpy_env/lib/python3.12/site-packages/cartopy/mpl/style.py:76: UserWarning: facecolor will have no effect as it has been defined as "never".
  warnings.warn('facecolor will have no effect as it has been '
/home/pbigalke/miniconda3/envs/my_satpy_env/lib/python3.12/site-packages/cartopy/mpl/style.py:76: UserWarning: facecolor will have no effect as it has been defined as "never".
  warnings.warn('facecolor will have no effect as it has been '
/home/pbigalke/miniconda3/envs/my_satpy_env/lib/python3.12/site-packages/cartopy/mpl/style.py:76: UserWarning: facecolor will have no effect as it has been defined as "never".
  warnings.warn('facecolor will have no effect as it has been '
/home/pbigalke/miniconda3/envs/my_satpy_env/lib/python3.12/site-packages/cartopy/mpl/style.py:76: UserWarning: facecolor will have no effect as it has been defined as "never".
  warnings.warn('facecolor will have no effect as it has been '
/home/pbigalke/miniconda3/envs/my_satpy_env/lib/python3.12/site-packages/cartopy/mpl/style.py:76: UserWarning: facecolor will have no effect as it has been defined as "never".
  warnings.warn('facecolor will have no effect as it has been '
/home/pbigalke/miniconda3/envs/my_satpy_env/lib/python3.12/site-packages/cartopy/mpl/style.py:76: UserWarning: facecolor will have no effect as it has been defined as "never".
  warnings.warn('facecolor will have no effect as it has been '
/home/pbigalke/miniconda3/envs/my_satpy_env/lib/python3.12/site-packages/cartopy/mpl/style.py:76: UserWarning: facecolor will have no effect as it has been defined as "never".
  warnings.warn('facecolor will have no effect as it has been '
/home/pbigalke/miniconda3/envs/my_satpy_env/lib/python3.12/site-packages/cartopy/mpl/style.py:76: UserWarning: facecolor will have no effect as it has been defined as "never".
  warnings.warn('facecolor will have no effect as it has been '
/home/pbigalke/miniconda3/envs/my_satpy_env/lib/python3.12/site-packages/cartopy/mpl/style.py:76: UserWarning: facecolor will have no effect as it has been defined as "never".
  warnings.warn('facecolor will have no effect as it has been '
/home/pbigalke/miniconda3/envs/my_satpy_env/lib/python3.12/site-packages/cartopy/mpl/style.py:76: UserWarning: facecolor will have no effect as it has been defined as "never".
  warnings.warn('facecolor will have no effect as it has been '
/home/pbigalke/miniconda3/envs/my_satpy_env/lib/python3.12/site-packages/cartopy/mpl/style.py:76: UserWarning: facecolor will have no effect as it has been defined as "never".
  warnings.warn('facecolor will have no effect as it has been '
/home/pbigalke/miniconda3/envs/my_satpy_env/lib/python3.12/site-packages/cartopy/mpl/style.py:76: UserWarning: facecolor will have no effect as it has been defined as "never".
  warnings.warn('facecolor will have no effect as it has been '
/home/pbigalke/miniconda3/envs/my_satpy_env/lib/python3.12/site-packages/cartopy/mpl/style.py:76: UserWarning: facecolor will have no effect as it has been defined as "never".
  warnings.warn('facecolor will have no effect as it has been '
/home/pbigalke/miniconda3/envs/my_satpy_env/lib/python3.12/site-packages/cartopy/mpl/style.py:76: UserWarning: facecolor will have no effect as it has been defined as "never".
  warnings.warn('facecolor will have no effect as it has been '
/home/pbigalke/miniconda3/envs/my_satpy_env/lib/python3.12/site-packages/cartopy/mpl/style.py:76: UserWarning: facecolor will have no effect as it has been defined as "never".
  warnings.warn('facecolor will have no effect as it has been '
/home/pbigalke/miniconda3/envs/my_satpy_env/lib/python3.12/site-packages/cartopy/mpl/style.py:76: UserWarning: facecolor will have no effect as it has been defined as "never".
  warnings.warn('facecolor will have no effect as it has been '
/home/pbigalke/miniconda3/envs/my_satpy_env/lib/python3.12/site-packages/cartopy/mpl/style.py:76: UserWarning: facecolor will have no effect as it has been defined as "never".
  warnings.warn('facecolor will have no effect as it has been '
/home/pbigalke/miniconda3/envs/my_satpy_env/lib/python3.12/site-packages/cartopy/mpl/style.py:76: UserWarning: facecolor will have no effect as it has been defined as "never".
  warnings.warn('facecolor will have no effect as it has been '
/home/pbigalke/miniconda3/envs/my_satpy_env/lib/python3.12/site-packages/cartopy/mpl/style.py:76: UserWarning: facecolor will have no effect as it has been defined as "never".
  warnings.warn('facecolor will have no effect as it has been '
/home/pbigalke/miniconda3/envs/my_satpy_env/lib/python3.12/site-packages/cartopy/mpl/style.py:76: UserWarning: facecolor will have no effect as it has been defined as "never".
  warnings.warn('facecolor will have no effect as it has been '
/home/pbigalke/miniconda3/envs/my_satpy_env/lib/python3.12/site-packages/cartopy/mpl/style.py:76: UserWarning: facecolor will have no effect as it has been defined as "never".
  warnings.warn('facecolor will have no effect as it has been '
/home/pbigalke/miniconda3/envs/my_satpy_env/lib/python3.12/site-packages/cartopy/mpl/style.py:76: UserWarning: facecolor will have no effect as it has been defined as "never".
  warnings.warn('facecolor will have no effect as it has been '
/home/pbigalke/miniconda3/envs/my_satpy_env/lib/python3.12/site-packages/cartopy/mpl/style.py:76: UserWarning: facecolor will have no effect as it has been defined as "never".
  warnings.warn('facecolor will have no effect as it has been '
/home/pbigalke/Documents/Code/data-investigation/data-investigation/plot_MWCC_H.py:155: UserWarning: The following kwargs were not used by contour: 'projection'
  ax.tricontour(mwcc_lons, mwcc_lats, z, levels=levels, linewidths=0.5, colors='k', projection=projection, vmin=0, vmax=1)
/home/pbigalke/Documents/Code/data-investigation/data-investigation/plot_MWCC_H.py:156: UserWarning: The following kwargs were not used by contour: 'projection'
  ax.tricontourf(mwcc_lons, mwcc_lats, z, levels=levels, colors=colors, projection=projection, vmin=0, vmax=1)
/home/pbigalke/miniconda3/envs/my_satpy_env/lib/python3.12/site-packages/cartopy/mpl/style.py:76: UserWarning: facecolor will have no effect as it has been defined as "never".
  warnings.warn('facecolor will have no effect as it has been '
/home/pbigalke/miniconda3/envs/my_satpy_env/lib/python3.12/site-packages/cartopy/mpl/style.py:76: UserWarning: facecolor will have no effect as it has been defined as "never".
  warnings.warn('facecolor will have no effect as it has been '
/home/pbigalke/miniconda3/envs/my_satpy_env/lib/python3.12/site-packages/cartopy/mpl/style.py:76: UserWarning: facecolor will have no effect as it has been defined as "never".
  warnings.warn('facecolor will have no effect as it has been '
/home/pbigalke/miniconda3/envs/my_satpy_env/lib/python3.12/site-packages/cartopy/mpl/style.py:76: UserWarning: facecolor will have no effect as it has been defined as "never".
  warnings.warn('facecolor will have no effect as it has been '
/home/pbigalke/miniconda3/envs/my_satpy_env/lib/python3.12/site-packages/cartopy/mpl/style.py:76: UserWarning: facecolor will have no effect as it has been defined as "never".
  warnings.warn('facecolor will have no effect as it has been '
/home/pbigalke/miniconda3/envs/my_satpy_env/lib/python3.12/site-packages/cartopy/mpl/style.py:76: UserWarning: facecolor will have no effect as it has been defined as "never".
  warnings.warn('facecolor will have no effect as it has been '
/home/pbigalke/miniconda3/envs/my_satpy_env/lib/python3.12/site-packages/cartopy/mpl/style.py:76: UserWarning: facecolor will have no effect as it has been defined as "never".
  warnings.warn('facecolor will have no effect as it has been '
/home/pbigalke/miniconda3/envs/my_satpy_env/lib/python3.12/site-packages/cartopy/mpl/style.py:76: UserWarning: facecolor will have no effect as it has been defined as "never".
  warnings.warn('facecolor will have no effect as it has been '
/home/pbigalke/miniconda3/envs/my_satpy_env/lib/python3.12/site-packages/cartopy/mpl/style.py:76: UserWarning: facecolor will have no effect as it has been defined as "never".
  warnings.warn('facecolor will have no effect as it has been '
/home/pbigalke/Documents/Code/data-investigation/data-investigation/plot_MWCC_H.py:155: UserWarning: The following kwargs were not used by contour: 'projection'
  ax.tricontour(mwcc_lons, mwcc_lats, z, levels=levels, linewidths=0.5, colors='k', projection=projection, vmin=0, vmax=1)
/home/pbigalke/Documents/Code/data-investigation/data-investigation/plot_MWCC_H.py:156: UserWarning: The following kwargs were not used by contour: 'projection'
  ax.tricontourf(mwcc_lons, mwcc_lats, z, levels=levels, colors=colors, projection=projection, vmin=0, vmax=1)
/home/pbigalke/miniconda3/envs/my_satpy_env/lib/python3.12/site-packages/cartopy/mpl/style.py:76: UserWarning: facecolor will have no effect as it has been defined as "never".
  warnings.warn('facecolor will have no effect as it has been '
/home/pbigalke/miniconda3/envs/my_satpy_env/lib/python3.12/site-packages/cartopy/mpl/style.py:76: UserWarning: facecolor will have no effect as it has been defined as "never".
  warnings.warn('facecolor will have no effect as it has been '
/home/pbigalke/miniconda3/envs/my_satpy_env/lib/python3.12/site-packages/cartopy/mpl/style.py:76: UserWarning: facecolor will have no effect as it has been defined as "never".
  warnings.warn('facecolor will have no effect as it has been '
/home/pbigalke/Documents/Code/data-investigation/data-investigation/plot_MWCC_H.py:155: UserWarning: The following kwargs were not used by contour: 'projection'
  ax.tricontour(mwcc_lons, mwcc_lats, z, levels=levels, linewidths=0.5, colors='k', projection=projection, vmin=0, vmax=1)
/home/pbigalke/Documents/Code/data-investigation/data-investigation/plot_MWCC_H.py:156: UserWarning: The following kwargs were not used by contour: 'projection'
  ax.tricontourf(mwcc_lons, mwcc_lats, z, levels=levels, colors=colors, projection=projection, vmin=0, vmax=1)
/home/pbigalke/miniconda3/envs/my_satpy_env/lib/python3.12/site-packages/cartopy/mpl/style.py:76: UserWarning: facecolor will have no effect as it has been defined as "never".
  warnings.warn('facecolor will have no effect as it has been '
/home/pbigalke/miniconda3/envs/my_satpy_env/lib/python3.12/site-packages/cartopy/mpl/style.py:76: UserWarning: facecolor will have no effect as it has been defined as "never".
  warnings.warn('facecolor will have no effect as it has been '
/home/pbigalke/miniconda3/envs/my_satpy_env/lib/python3.12/site-packages/cartopy/mpl/style.py:76: UserWarning: facecolor will have no effect as it has been defined as "never".
  warnings.warn('facecolor will have no effect as it has been '
/home/pbigalke/miniconda3/envs/my_satpy_env/lib/python3.12/site-packages/cartopy/mpl/style.py:76: UserWarning: facecolor will have no effect as it has been defined as "never".
  warnings.warn('facecolor will have no effect as it has been '
/home/pbigalke/miniconda3/envs/my_satpy_env/lib/python3.12/site-packages/cartopy/mpl/style.py:76: UserWarning: facecolor will have no effect as it has been defined as "never".
  warnings.warn('facecolor will have no effect as it has been '
/home/pbigalke/miniconda3/envs/my_satpy_env/lib/python3.12/site-packages/cartopy/mpl/style.py:76: UserWarning: facecolor will have no effect as it has been defined as "never".
  warnings.warn('facecolor will have no effect as it has been '
/home/pbigalke/miniconda3/envs/my_satpy_env/lib/python3.12/site-packages/cartopy/mpl/style.py:76: UserWarning: facecolor will have no effect as it has been defined as "never".
  warnings.warn('facecolor will have no effect as it has been '
/home/pbigalke/miniconda3/envs/my_satpy_env/lib/python3.12/site-packages/cartopy/mpl/style.py:76: UserWarning: facecolor will have no effect as it has been defined as "never".
  warnings.warn('facecolor will have no effect as it has been '
/home/pbigalke/miniconda3/envs/my_satpy_env/lib/python3.12/site-packages/cartopy/mpl/style.py:76: UserWarning: facecolor will have no effect as it has been defined as "never".
  warnings.warn('facecolor will have no effect as it has been '
/home/pbigalke/miniconda3/envs/my_satpy_env/lib/python3.12/site-packages/cartopy/mpl/style.py:76: UserWarning: facecolor will have no effect as it has been defined as "never".
  warnings.warn('facecolor will have no effect as it has been '
/home/pbigalke/miniconda3/envs/my_satpy_env/lib/python3.12/site-packages/cartopy/mpl/style.py:76: UserWarning: facecolor will have no effect as it has been defined as "never".
  warnings.warn('facecolor will have no effect as it has been '
/home/pbigalke/miniconda3/envs/my_satpy_env/lib/python3.12/site-packages/cartopy/mpl/style.py:76: UserWarning: facecolor will have no effect as it has been defined as "never".
  warnings.warn('facecolor will have no effect as it has been '
/home/pbigalke/miniconda3/envs/my_satpy_env/lib/python3.12/site-packages/cartopy/mpl/style.py:76: UserWarning: facecolor will have no effect as it has been defined as "never".
  warnings.warn('facecolor will have no effect as it has been '
/home/pbigalke/miniconda3/envs/my_satpy_env/lib/python3.12/site-packages/cartopy/mpl/style.py:76: UserWarning: facecolor will have no effect as it has been defined as "never".
  warnings.warn('facecolor will have no effect as it has been '
/home/pbigalke/miniconda3/envs/my_satpy_env/lib/python3.12/site-packages/cartopy/mpl/style.py:76: UserWarning: facecolor will have no effect as it has been defined as "never".
  warnings.warn('facecolor will have no effect as it has been '
/home/pbigalke/miniconda3/envs/my_satpy_env/lib/python3.12/site-packages/cartopy/mpl/style.py:76: UserWarning: facecolor will have no effect as it has been defined as "never".
  warnings.warn('facecolor will have no effect as it has been '
/home/pbigalke/miniconda3/envs/my_satpy_env/lib/python3.12/site-packages/cartopy/mpl/style.py:76: UserWarning: facecolor will have no effect as it has been defined as "never".
  warnings.warn('facecolor will have no effect as it has been '
/home/pbigalke/miniconda3/envs/my_satpy_env/lib/python3.12/site-packages/cartopy/mpl/style.py:76: UserWarning: facecolor will have no effect as it has been defined as "never".
  warnings.warn('facecolor will have no effect as it has been '
/home/pbigalke/miniconda3/envs/my_satpy_env/lib/python3.12/site-packages/cartopy/mpl/style.py:76: UserWarning: facecolor will have no effect as it has been defined as "never".
  warnings.warn('facecolor will have no effect as it has been '
/home/pbigalke/miniconda3/envs/my_satpy_env/lib/python3.12/site-packages/cartopy/mpl/style.py:76: UserWarning: facecolor will have no effect as it has been defined as "never".
  warnings.warn('facecolor will have no effect as it has been '
/home/pbigalke/miniconda3/envs/my_satpy_env/lib/python3.12/site-packages/cartopy/mpl/style.py:76: UserWarning: facecolor will have no effect as it has been defined as "never".
  warnings.warn('facecolor will have no effect as it has been '
/home/pbigalke/miniconda3/envs/my_satpy_env/lib/python3.12/site-packages/cartopy/mpl/style.py:76: UserWarning: facecolor will have no effect as it has been defined as "never".
  warnings.warn('facecolor will have no effect as it has been '
/home/pbigalke/miniconda3/envs/my_satpy_env/lib/python3.12/site-packages/cartopy/mpl/style.py:76: UserWarning: facecolor will have no effect as it has been defined as "never".
  warnings.warn('facecolor will have no effect as it has been '
/home/pbigalke/miniconda3/envs/my_satpy_env/lib/python3.12/site-packages/cartopy/mpl/style.py:76: UserWarning: facecolor will have no effect as it has been defined as "never".
  warnings.warn('facecolor will have no effect as it has been '
/home/pbigalke/miniconda3/envs/my_satpy_env/lib/python3.12/site-packages/cartopy/mpl/style.py:76: UserWarning: facecolor will have no effect as it has been defined as "never".
  warnings.warn('facecolor will have no effect as it has been '
/home/pbigalke/miniconda3/envs/my_satpy_env/lib/python3.12/site-packages/cartopy/mpl/style.py:76: UserWarning: facecolor will have no effect as it has been defined as "never".
  warnings.warn('facecolor will have no effect as it has been '
/home/pbigalke/miniconda3/envs/my_satpy_env/lib/python3.12/site-packages/cartopy/mpl/style.py:76: UserWarning: facecolor will have no effect as it has been defined as "never".
  warnings.warn('facecolor will have no effect as it has been '
/home/pbigalke/Documents/Code/data-investigation/data-investigation/plot_MWCC_H.py:155: UserWarning: The following kwargs were not used by contour: 'projection'
  ax.tricontour(mwcc_lons, mwcc_lats, z, levels=levels, linewidths=0.5, colors='k', projection=projection, vmin=0, vmax=1)
/home/pbigalke/Documents/Code/data-investigation/data-investigation/plot_MWCC_H.py:156: UserWarning: The following kwargs were not used by contour: 'projection'
  ax.tricontourf(mwcc_lons, mwcc_lats, z, levels=levels, colors=colors, projection=projection, vmin=0, vmax=1)
/home/pbigalke/miniconda3/envs/my_satpy_env/lib/python3.12/site-packages/cartopy/mpl/style.py:76: UserWarning: facecolor will have no effect as it has been defined as "never".
  warnings.warn('facecolor will have no effect as it has been '
/home/pbigalke/miniconda3/envs/my_satpy_env/lib/python3.12/site-packages/cartopy/mpl/style.py:76: UserWarning: facecolor will have no effect as it has been defined as "never".
  warnings.warn('facecolor will have no effect as it has been '
/home/pbigalke/miniconda3/envs/my_satpy_env/lib/python3.12/site-packages/cartopy/mpl/style.py:76: UserWarning: facecolor will have no effect as it has been defined as "never".
  warnings.warn('facecolor will have no effect as it has been '
/home/pbigalke/miniconda3/envs/my_satpy_env/lib/python3.12/site-packages/cartopy/mpl/style.py:76: UserWarning: facecolor will have no effect as it has been defined as "never".
  warnings.warn('facecolor will have no effect as it has been '
/home/pbigalke/miniconda3/envs/my_satpy_env/lib/python3.12/site-packages/cartopy/mpl/style.py:76: UserWarning: facecolor will have no effect as it has been defined as "never".
  warnings.warn('facecolor will have no effect as it has been '
/home/pbigalke/miniconda3/envs/my_satpy_env/lib/python3.12/site-packages/cartopy/mpl/style.py:76: UserWarning: facecolor will have no effect as it has been defined as "never".
  warnings.warn('facecolor will have no effect as it has been '
/home/pbigalke/miniconda3/envs/my_satpy_env/lib/python3.12/site-packages/cartopy/mpl/style.py:76: UserWarning: facecolor will have no effect as it has been defined as "never".
  warnings.warn('facecolor will have no effect as it has been '
/home/pbigalke/miniconda3/envs/my_satpy_env/lib/python3.12/site-packages/cartopy/mpl/style.py:76: UserWarning: facecolor will have no effect as it has been defined as "never".
  warnings.warn('facecolor will have no effect as it has been '
/home/pbigalke/miniconda3/envs/my_satpy_env/lib/python3.12/site-packages/cartopy/mpl/style.py:76: UserWarning: facecolor will have no effect as it has been defined as "never".
  warnings.warn('facecolor will have no effect as it has been '
/home/pbigalke/miniconda3/envs/my_satpy_env/lib/python3.12/site-packages/cartopy/mpl/style.py:76: UserWarning: facecolor will have no effect as it has been defined as "never".
  warnings.warn('facecolor will have no effect as it has been '
/home/pbigalke/miniconda3/envs/my_satpy_env/lib/python3.12/site-packages/cartopy/mpl/style.py:76: UserWarning: facecolor will have no effect as it has been defined as "never".
  warnings.warn('facecolor will have no effect as it has been '
/home/pbigalke/miniconda3/envs/my_satpy_env/lib/python3.12/site-packages/cartopy/mpl/style.py:76: UserWarning: facecolor will have no effect as it has been defined as "never".
  warnings.warn('facecolor will have no effect as it has been '
/home/pbigalke/miniconda3/envs/my_satpy_env/lib/python3.12/site-packages/cartopy/mpl/style.py:76: UserWarning: facecolor will have no effect as it has been defined as "never".
  warnings.warn('facecolor will have no effect as it has been '
/home/pbigalke/miniconda3/envs/my_satpy_env/lib/python3.12/site-packages/cartopy/mpl/style.py:76: UserWarning: facecolor will have no effect as it has been defined as "never".
  warnings.warn('facecolor will have no effect as it has been '
/home/pbigalke/miniconda3/envs/my_satpy_env/lib/python3.12/site-packages/cartopy/mpl/style.py:76: UserWarning: facecolor will have no effect as it has been defined as "never".
  warnings.warn('facecolor will have no effect as it has been '
/home/pbigalke/miniconda3/envs/my_satpy_env/lib/python3.12/site-packages/cartopy/mpl/style.py:76: UserWarning: facecolor will have no effect as it has been defined as "never".
  warnings.warn('facecolor will have no effect as it has been '
/home/pbigalke/miniconda3/envs/my_satpy_env/lib/python3.12/site-packages/cartopy/mpl/style.py:76: UserWarning: facecolor will have no effect as it has been defined as "never".
  warnings.warn('facecolor will have no effect as it has been '
/home/pbigalke/miniconda3/envs/my_satpy_env/lib/python3.12/site-packages/cartopy/mpl/style.py:76: UserWarning: facecolor will have no effect as it has been defined as "never".
  warnings.warn('facecolor will have no effect as it has been '
/home/pbigalke/miniconda3/envs/my_satpy_env/lib/python3.12/site-packages/cartopy/mpl/style.py:76: UserWarning: facecolor will have no effect as it has been defined as "never".
  warnings.warn('facecolor will have no effect as it has been '
/home/pbigalke/miniconda3/envs/my_satpy_env/lib/python3.12/site-packages/cartopy/mpl/style.py:76: UserWarning: facecolor will have no effect as it has been defined as "never".
  warnings.warn('facecolor will have no effect as it has been '
/home/pbigalke/miniconda3/envs/my_satpy_env/lib/python3.12/site-packages/cartopy/mpl/style.py:76: UserWarning: facecolor will have no effect as it has been defined as "never".
  warnings.warn('facecolor will have no effect as it has been '
/home/pbigalke/miniconda3/envs/my_satpy_env/lib/python3.12/site-packages/cartopy/mpl/style.py:76: UserWarning: facecolor will have no effect as it has been defined as "never".
  warnings.warn('facecolor will have no effect as it has been '
/home/pbigalke/miniconda3/envs/my_satpy_env/lib/python3.12/site-packages/cartopy/mpl/style.py:76: UserWarning: facecolor will have no effect as it has been defined as "never".
  warnings.warn('facecolor will have no effect as it has been '
/home/pbigalke/miniconda3/envs/my_satpy_env/lib/python3.12/site-packages/cartopy/mpl/style.py:76: UserWarning: facecolor will have no effect as it has been defined as "never".
  warnings.warn('facecolor will have no effect as it has been '
/home/pbigalke/miniconda3/envs/my_satpy_env/lib/python3.12/site-packages/cartopy/mpl/style.py:76: UserWarning: facecolor will have no effect as it has been defined as "never".
  warnings.warn('facecolor will have no effect as it has been '
/home/pbigalke/miniconda3/envs/my_satpy_env/lib/python3.12/site-packages/cartopy/mpl/style.py:76: UserWarning: facecolor will have no effect as it has been defined as "never".
  warnings.warn('facecolor will have no effect as it has been '
/home/pbigalke/miniconda3/envs/my_satpy_env/lib/python3.12/site-packages/cartopy/mpl/style.py:76: UserWarning: facecolor will have no effect as it has been defined as "never".
  warnings.warn('facecolor will have no effect as it has been '
/home/pbigalke/miniconda3/envs/my_satpy_env/lib/python3.12/site-packages/cartopy/mpl/style.py:76: UserWarning: facecolor will have no effect as it has been defined as "never".
  warnings.warn('facecolor will have no effect as it has been '
/home/pbigalke/miniconda3/envs/my_satpy_env/lib/python3.12/site-packages/cartopy/mpl/style.py:76: UserWarning: facecolor will have no effect as it has been defined as "never".
  warnings.warn('facecolor will have no effect as it has been '
/home/pbigalke/miniconda3/envs/my_satpy_env/lib/python3.12/site-packages/cartopy/mpl/style.py:76: UserWarning: facecolor will have no effect as it has been defined as "never".
  warnings.warn('facecolor will have no effect as it has been '
/home/pbigalke/miniconda3/envs/my_satpy_env/lib/python3.12/site-packages/cartopy/mpl/style.py:76: UserWarning: facecolor will have no effect as it has been defined as "never".
  warnings.warn('facecolor will have no effect as it has been '
/home/pbigalke/miniconda3/envs/my_satpy_env/lib/python3.12/site-packages/cartopy/mpl/style.py:76: UserWarning: facecolor will have no effect as it has been defined as "never".
  warnings.warn('facecolor will have no effect as it has been '
/home/pbigalke/miniconda3/envs/my_satpy_env/lib/python3.12/site-packages/cartopy/mpl/style.py:76: UserWarning: facecolor will have no effect as it has been defined as "never".
  warnings.warn('facecolor will have no effect as it has been '
/home/pbigalke/miniconda3/envs/my_satpy_env/lib/python3.12/site-packages/cartopy/mpl/style.py:76: UserWarning: facecolor will have no effect as it has been defined as "never".
  warnings.warn('facecolor will have no effect as it has been '
/home/pbigalke/miniconda3/envs/my_satpy_env/lib/python3.12/site-packages/cartopy/mpl/style.py:76: UserWarning: facecolor will have no effect as it has been defined as "never".
  warnings.warn('facecolor will have no effect as it has been '
/home/pbigalke/miniconda3/envs/my_satpy_env/lib/python3.12/site-packages/cartopy/mpl/style.py:76: UserWarning: facecolor will have no effect as it has been defined as "never".
  warnings.warn('facecolor will have no effect as it has been '
/home/pbigalke/miniconda3/envs/my_satpy_env/lib/python3.12/site-packages/cartopy/mpl/style.py:76: UserWarning: facecolor will have no effect as it has been defined as "never".
  warnings.warn('facecolor will have no effect as it has been '
/home/pbigalke/miniconda3/envs/my_satpy_env/lib/python3.12/site-packages/cartopy/mpl/style.py:76: UserWarning: facecolor will have no effect as it has been defined as "never".
  warnings.warn('facecolor will have no effect as it has been '
/home/pbigalke/miniconda3/envs/my_satpy_env/lib/python3.12/site-packages/cartopy/mpl/style.py:76: UserWarning: facecolor will have no effect as it has been defined as "never".
  warnings.warn('facecolor will have no effect as it has been '
/home/pbigalke/miniconda3/envs/my_satpy_env/lib/python3.12/site-packages/cartopy/mpl/style.py:76: UserWarning: facecolor will have no effect as it has been defined as "never".
  warnings.warn('facecolor will have no effect as it has been '
/home/pbigalke/miniconda3/envs/my_satpy_env/lib/python3.12/site-packages/cartopy/mpl/style.py:76: UserWarning: facecolor will have no effect as it has been defined as "never".
  warnings.warn('facecolor will have no effect as it has been '
/home/pbigalke/miniconda3/envs/my_satpy_env/lib/python3.12/site-packages/cartopy/mpl/style.py:76: UserWarning: facecolor will have no effect as it has been defined as "never".
  warnings.warn('facecolor will have no effect as it has been '
/home/pbigalke/miniconda3/envs/my_satpy_env/lib/python3.12/site-packages/cartopy/mpl/style.py:76: UserWarning: facecolor will have no effect as it has been defined as "never".
  warnings.warn('facecolor will have no effect as it has been '
/home/pbigalke/miniconda3/envs/my_satpy_env/lib/python3.12/site-packages/cartopy/mpl/style.py:76: UserWarning: facecolor will have no effect as it has been defined as "never".
  warnings.warn('facecolor will have no effect as it has been '
/home/pbigalke/miniconda3/envs/my_satpy_env/lib/python3.12/site-packages/cartopy/mpl/style.py:76: UserWarning: facecolor will have no effect as it has been defined as "never".
  warnings.warn('facecolor will have no effect as it has been '
/home/pbigalke/miniconda3/envs/my_satpy_env/lib/python3.12/site-packages/cartopy/mpl/style.py:76: UserWarning: facecolor will have no effect as it has been defined as "never".
  warnings.warn('facecolor will have no effect as it has been '
/home/pbigalke/miniconda3/envs/my_satpy_env/lib/python3.12/site-packages/cartopy/mpl/style.py:76: UserWarning: facecolor will have no effect as it has been defined as "never".
  warnings.warn('facecolor will have no effect as it has been '
/home/pbigalke/miniconda3/envs/my_satpy_env/lib/python3.12/site-packages/cartopy/mpl/style.py:76: UserWarning: facecolor will have no effect as it has been defined as "never".
  warnings.warn('facecolor will have no effect as it has been '
/home/pbigalke/miniconda3/envs/my_satpy_env/lib/python3.12/site-packages/cartopy/mpl/style.py:76: UserWarning: facecolor will have no effect as it has been defined as "never".
  warnings.warn('facecolor will have no effect as it has been '
/home/pbigalke/miniconda3/envs/my_satpy_env/lib/python3.12/site-packages/cartopy/mpl/style.py:76: UserWarning: facecolor will have no effect as it has been defined as "never".
  warnings.warn('facecolor will have no effect as it has been '
/home/pbigalke/miniconda3/envs/my_satpy_env/lib/python3.12/site-packages/cartopy/mpl/style.py:76: UserWarning: facecolor will have no effect as it has been defined as "never".
  warnings.warn('facecolor will have no effect as it has been '
/home/pbigalke/miniconda3/envs/my_satpy_env/lib/python3.12/site-packages/cartopy/mpl/style.py:76: UserWarning: facecolor will have no effect as it has been defined as "never".
  warnings.warn('facecolor will have no effect as it has been '
/home/pbigalke/miniconda3/envs/my_satpy_env/lib/python3.12/site-packages/cartopy/mpl/style.py:76: UserWarning: facecolor will have no effect as it has been defined as "never".
  warnings.warn('facecolor will have no effect as it has been '
/home/pbigalke/miniconda3/envs/my_satpy_env/lib/python3.12/site-packages/cartopy/mpl/style.py:76: UserWarning: facecolor will have no effect as it has been defined as "never".
  warnings.warn('facecolor will have no effect as it has been '
/home/pbigalke/miniconda3/envs/my_satpy_env/lib/python3.12/site-packages/cartopy/mpl/style.py:76: UserWarning: facecolor will have no effect as it has been defined as "never".
  warnings.warn('facecolor will have no effect as it has been '
/home/pbigalke/miniconda3/envs/my_satpy_env/lib/python3.12/site-packages/cartopy/mpl/style.py:76: UserWarning: facecolor will have no effect as it has been defined as "never".
  warnings.warn('facecolor will have no effect as it has been '
/home/pbigalke/miniconda3/envs/my_satpy_env/lib/python3.12/site-packages/cartopy/mpl/style.py:76: UserWarning: facecolor will have no effect as it has been defined as "never".
  warnings.warn('facecolor will have no effect as it has been '
/home/pbigalke/Documents/Code/data-investigation/data-investigation/plot_MWCC_H.py:155: UserWarning: The following kwargs were not used by contour: 'projection'
  ax.tricontour(mwcc_lons, mwcc_lats, z, levels=levels, linewidths=0.5, colors='k', projection=projection, vmin=0, vmax=1)
/home/pbigalke/Documents/Code/data-investigation/data-investigation/plot_MWCC_H.py:156: UserWarning: The following kwargs were not used by contour: 'projection'
  ax.tricontourf(mwcc_lons, mwcc_lats, z, levels=levels, colors=colors, projection=projection, vmin=0, vmax=1)
/home/pbigalke/miniconda3/envs/my_satpy_env/lib/python3.12/site-packages/cartopy/mpl/style.py:76: UserWarning: facecolor will have no effect as it has been defined as "never".
  warnings.warn('facecolor will have no effect as it has been '
/home/pbigalke/miniconda3/envs/my_satpy_env/lib/python3.12/site-packages/cartopy/mpl/style.py:76: UserWarning: facecolor will have no effect as it has been defined as "never".
  warnings.warn('facecolor will have no effect as it has been '
/home/pbigalke/miniconda3/envs/my_satpy_env/lib/python3.12/site-packages/cartopy/mpl/style.py:76: UserWarning: facecolor will have no effect as it has been defined as "never".
  warnings.warn('facecolor will have no effect as it has been '
/home/pbigalke/miniconda3/envs/my_satpy_env/lib/python3.12/site-packages/cartopy/mpl/style.py:76: UserWarning: facecolor will have no effect as it has been defined as "never".
  warnings.warn('facecolor will have no effect as it has been '
/home/pbigalke/miniconda3/envs/my_satpy_env/lib/python3.12/site-packages/cartopy/mpl/style.py:76: UserWarning: facecolor will have no effect as it has been defined as "never".
  warnings.warn('facecolor will have no effect as it has been '
/home/pbigalke/miniconda3/envs/my_satpy_env/lib/python3.12/site-packages/cartopy/mpl/style.py:76: UserWarning: facecolor will have no effect as it has been defined as "never".
  warnings.warn('facecolor will have no effect as it has been '
/home/pbigalke/miniconda3/envs/my_satpy_env/lib/python3.12/site-packages/cartopy/mpl/style.py:76: UserWarning: facecolor will have no effect as it has been defined as "never".
  warnings.warn('facecolor will have no effect as it has been '
/home/pbigalke/miniconda3/envs/my_satpy_env/lib/python3.12/site-packages/cartopy/mpl/style.py:76: UserWarning: facecolor will have no effect as it has been defined as "never".
  warnings.warn('facecolor will have no effect as it has been '
/home/pbigalke/miniconda3/envs/my_satpy_env/lib/python3.12/site-packages/cartopy/mpl/style.py:76: UserWarning: facecolor will have no effect as it has been defined as "never".
  warnings.warn('facecolor will have no effect as it has been '
/home/pbigalke/miniconda3/envs/my_satpy_env/lib/python3.12/site-packages/cartopy/mpl/style.py:76: UserWarning: facecolor will have no effect as it has been defined as "never".
  warnings.warn('facecolor will have no effect as it has been '
/home/pbigalke/miniconda3/envs/my_satpy_env/lib/python3.12/site-packages/cartopy/mpl/style.py:76: UserWarning: facecolor will have no effect as it has been defined as "never".
  warnings.warn('facecolor will have no effect as it has been '
/home/pbigalke/miniconda3/envs/my_satpy_env/lib/python3.12/site-packages/cartopy/mpl/style.py:76: UserWarning: facecolor will have no effect as it has been defined as "never".
  warnings.warn('facecolor will have no effect as it has been '
/home/pbigalke/miniconda3/envs/my_satpy_env/lib/python3.12/site-packages/cartopy/mpl/style.py:76: UserWarning: facecolor will have no effect as it has been defined as "never".
  warnings.warn('facecolor will have no effect as it has been '
/home/pbigalke/miniconda3/envs/my_satpy_env/lib/python3.12/site-packages/cartopy/mpl/style.py:76: UserWarning: facecolor will have no effect as it has been defined as "never".
  warnings.warn('facecolor will have no effect as it has been '
/home/pbigalke/miniconda3/envs/my_satpy_env/lib/python3.12/site-packages/cartopy/mpl/style.py:76: UserWarning: facecolor will have no effect as it has been defined as "never".
  warnings.warn('facecolor will have no effect as it has been '
/home/pbigalke/miniconda3/envs/my_satpy_env/lib/python3.12/site-packages/cartopy/mpl/style.py:76: UserWarning: facecolor will have no effect as it has been defined as "never".
  warnings.warn('facecolor will have no effect as it has been '
/home/pbigalke/miniconda3/envs/my_satpy_env/lib/python3.12/site-packages/cartopy/mpl/style.py:76: UserWarning: facecolor will have no effect as it has been defined as "never".
  warnings.warn('facecolor will have no effect as it has been '
/home/pbigalke/miniconda3/envs/my_satpy_env/lib/python3.12/site-packages/cartopy/mpl/style.py:76: UserWarning: facecolor will have no effect as it has been defined as "never".
  warnings.warn('facecolor will have no effect as it has been '
/home/pbigalke/miniconda3/envs/my_satpy_env/lib/python3.12/site-packages/cartopy/mpl/style.py:76: UserWarning: facecolor will have no effect as it has been defined as "never".
  warnings.warn('facecolor will have no effect as it has been '
/home/pbigalke/miniconda3/envs/my_satpy_env/lib/python3.12/site-packages/cartopy/mpl/style.py:76: UserWarning: facecolor will have no effect as it has been defined as "never".
  warnings.warn('facecolor will have no effect as it has been '
/home/pbigalke/miniconda3/envs/my_satpy_env/lib/python3.12/site-packages/cartopy/mpl/style.py:76: UserWarning: facecolor will have no effect as it has been defined as "never".
  warnings.warn('facecolor will have no effect as it has been '
/home/pbigalke/miniconda3/envs/my_satpy_env/lib/python3.12/site-packages/cartopy/mpl/style.py:76: UserWarning: facecolor will have no effect as it has been defined as "never".
  warnings.warn('facecolor will have no effect as it has been '
/home/pbigalke/miniconda3/envs/my_satpy_env/lib/python3.12/site-packages/cartopy/mpl/style.py:76: UserWarning: facecolor will have no effect as it has been defined as "never".
  warnings.warn('facecolor will have no effect as it has been '
/home/pbigalke/miniconda3/envs/my_satpy_env/lib/python3.12/site-packages/cartopy/mpl/style.py:76: UserWarning: facecolor will have no effect as it has been defined as "never".
  warnings.warn('facecolor will have no effect as it has been '
/home/pbigalke/miniconda3/envs/my_satpy_env/lib/python3.12/site-packages/cartopy/mpl/style.py:76: UserWarning: facecolor will have no effect as it has been defined as "never".
  warnings.warn('facecolor will have no effect as it has been '
/home/pbigalke/miniconda3/envs/my_satpy_env/lib/python3.12/site-packages/cartopy/mpl/style.py:76: UserWarning: facecolor will have no effect as it has been defined as "never".
  warnings.warn('facecolor will have no effect as it has been '
/home/pbigalke/miniconda3/envs/my_satpy_env/lib/python3.12/site-packages/cartopy/mpl/style.py:76: UserWarning: facecolor will have no effect as it has been defined as "never".
  warnings.warn('facecolor will have no effect as it has been '
/home/pbigalke/miniconda3/envs/my_satpy_env/lib/python3.12/site-packages/cartopy/mpl/style.py:76: UserWarning: facecolor will have no effect as it has been defined as "never".
  warnings.warn('facecolor will have no effect as it has been '
/home/pbigalke/miniconda3/envs/my_satpy_env/lib/python3.12/site-packages/cartopy/mpl/style.py:76: UserWarning: facecolor will have no effect as it has been defined as "never".
  warnings.warn('facecolor will have no effect as it has been '
/home/pbigalke/miniconda3/envs/my_satpy_env/lib/python3.12/site-packages/cartopy/mpl/style.py:76: UserWarning: facecolor will have no effect as it has been defined as "never".
  warnings.warn('facecolor will have no effect as it has been '
/home/pbigalke/miniconda3/envs/my_satpy_env/lib/python3.12/site-packages/cartopy/mpl/style.py:76: UserWarning: facecolor will have no effect as it has been defined as "never".
  warnings.warn('facecolor will have no effect as it has been '
/home/pbigalke/miniconda3/envs/my_satpy_env/lib/python3.12/site-packages/cartopy/mpl/style.py:76: UserWarning: facecolor will have no effect as it has been defined as "never".
  warnings.warn('facecolor will have no effect as it has been '
/home/pbigalke/miniconda3/envs/my_satpy_env/lib/python3.12/site-packages/cartopy/mpl/style.py:76: UserWarning: facecolor will have no effect as it has been defined as "never".
  warnings.warn('facecolor will have no effect as it has been '
/home/pbigalke/miniconda3/envs/my_satpy_env/lib/python3.12/site-packages/cartopy/mpl/style.py:76: UserWarning: facecolor will have no effect as it has been defined as "never".
  warnings.warn('facecolor will have no effect as it has been '
/home/pbigalke/miniconda3/envs/my_satpy_env/lib/python3.12/site-packages/cartopy/mpl/style.py:76: UserWarning: facecolor will have no effect as it has been defined as "never".
  warnings.warn('facecolor will have no effect as it has been '
/home/pbigalke/miniconda3/envs/my_satpy_env/lib/python3.12/site-packages/cartopy/mpl/style.py:76: UserWarning: facecolor will have no effect as it has been defined as "never".
  warnings.warn('facecolor will have no effect as it has been '
/home/pbigalke/miniconda3/envs/my_satpy_env/lib/python3.12/site-packages/cartopy/mpl/style.py:76: UserWarning: facecolor will have no effect as it has been defined as "never".
  warnings.warn('facecolor will have no effect as it has been '
/home/pbigalke/miniconda3/envs/my_satpy_env/lib/python3.12/site-packages/cartopy/mpl/style.py:76: UserWarning: facecolor will have no effect as it has been defined as "never".
  warnings.warn('facecolor will have no effect as it has been '
/home/pbigalke/miniconda3/envs/my_satpy_env/lib/python3.12/site-packages/cartopy/mpl/style.py:76: UserWarning: facecolor will have no effect as it has been defined as "never".
  warnings.warn('facecolor will have no effect as it has been '
/home/pbigalke/miniconda3/envs/my_satpy_env/lib/python3.12/site-packages/cartopy/mpl/style.py:76: UserWarning: facecolor will have no effect as it has been defined as "never".
  warnings.warn('facecolor will have no effect as it has been '
/home/pbigalke/miniconda3/envs/my_satpy_env/lib/python3.12/site-packages/cartopy/mpl/style.py:76: UserWarning: facecolor will have no effect as it has been defined as "never".
  warnings.warn('facecolor will have no effect as it has been '
/home/pbigalke/miniconda3/envs/my_satpy_env/lib/python3.12/site-packages/cartopy/mpl/style.py:76: UserWarning: facecolor will have no effect as it has been defined as "never".
  warnings.warn('facecolor will have no effect as it has been '
/home/pbigalke/miniconda3/envs/my_satpy_env/lib/python3.12/site-packages/cartopy/mpl/style.py:76: UserWarning: facecolor will have no effect as it has been defined as "never".
  warnings.warn('facecolor will have no effect as it has been '
/home/pbigalke/miniconda3/envs/my_satpy_env/lib/python3.12/site-packages/cartopy/mpl/style.py:76: UserWarning: facecolor will have no effect as it has been defined as "never".
  warnings.warn('facecolor will have no effect as it has been '
/home/pbigalke/miniconda3/envs/my_satpy_env/lib/python3.12/site-packages/cartopy/mpl/style.py:76: UserWarning: facecolor will have no effect as it has been defined as "never".
  warnings.warn('facecolor will have no effect as it has been '
/home/pbigalke/miniconda3/envs/my_satpy_env/lib/python3.12/site-packages/cartopy/mpl/style.py:76: UserWarning: facecolor will have no effect as it has been defined as "never".
  warnings.warn('facecolor will have no effect as it has been '
/home/pbigalke/miniconda3/envs/my_satpy_env/lib/python3.12/site-packages/cartopy/mpl/style.py:76: UserWarning: facecolor will have no effect as it has been defined as "never".
  warnings.warn('facecolor will have no effect as it has been '
/home/pbigalke/miniconda3/envs/my_satpy_env/lib/python3.12/site-packages/cartopy/mpl/style.py:76: UserWarning: facecolor will have no effect as it has been defined as "never".
  warnings.warn('facecolor will have no effect as it has been '
/home/pbigalke/miniconda3/envs/my_satpy_env/lib/python3.12/site-packages/cartopy/mpl/style.py:76: UserWarning: facecolor will have no effect as it has been defined as "never".
  warnings.warn('facecolor will have no effect as it has been '
/home/pbigalke/miniconda3/envs/my_satpy_env/lib/python3.12/site-packages/cartopy/mpl/style.py:76: UserWarning: facecolor will have no effect as it has been defined as "never".
  warnings.warn('facecolor will have no effect as it has been '
/home/pbigalke/miniconda3/envs/my_satpy_env/lib/python3.12/site-packages/cartopy/mpl/style.py:76: UserWarning: facecolor will have no effect as it has been defined as "never".
  warnings.warn('facecolor will have no effect as it has been '
/home/pbigalke/miniconda3/envs/my_satpy_env/lib/python3.12/site-packages/cartopy/mpl/style.py:76: UserWarning: facecolor will have no effect as it has been defined as "never".
  warnings.warn('facecolor will have no effect as it has been '
/home/pbigalke/miniconda3/envs/my_satpy_env/lib/python3.12/site-packages/cartopy/mpl/style.py:76: UserWarning: facecolor will have no effect as it has been defined as "never".
  warnings.warn('facecolor will have no effect as it has been '
/home/pbigalke/miniconda3/envs/my_satpy_env/lib/python3.12/site-packages/cartopy/mpl/style.py:76: UserWarning: facecolor will have no effect as it has been defined as "never".
  warnings.warn('facecolor will have no effect as it has been '
/home/pbigalke/miniconda3/envs/my_satpy_env/lib/python3.12/site-packages/cartopy/mpl/style.py:76: UserWarning: facecolor will have no effect as it has been defined as "never".
  warnings.warn('facecolor will have no effect as it has been '
/home/pbigalke/miniconda3/envs/my_satpy_env/lib/python3.12/site-packages/cartopy/mpl/style.py:76: UserWarning: facecolor will have no effect as it has been defined as "never".
  warnings.warn('facecolor will have no effect as it has been '
/home/pbigalke/miniconda3/envs/my_satpy_env/lib/python3.12/site-packages/cartopy/mpl/style.py:76: UserWarning: facecolor will have no effect as it has been defined as "never".
  warnings.warn('facecolor will have no effect as it has been '
/home/pbigalke/Documents/Code/data-investigation/data-investigation/plot_MWCC_H.py:155: UserWarning: The following kwargs were not used by contour: 'projection'
  ax.tricontour(mwcc_lons, mwcc_lats, z, levels=levels, linewidths=0.5, colors='k', projection=projection, vmin=0, vmax=1)
/home/pbigalke/Documents/Code/data-investigation/data-investigation/plot_MWCC_H.py:156: UserWarning: The following kwargs were not used by contour: 'projection'
  ax.tricontourf(mwcc_lons, mwcc_lats, z, levels=levels, colors=colors, projection=projection, vmin=0, vmax=1)
/home/pbigalke/miniconda3/envs/my_satpy_env/lib/python3.12/site-packages/cartopy/mpl/style.py:76: UserWarning: facecolor will have no effect as it has been defined as "never".
  warnings.warn('facecolor will have no effect as it has been '
/home/pbigalke/miniconda3/envs/my_satpy_env/lib/python3.12/site-packages/cartopy/mpl/style.py:76: UserWarning: facecolor will have no effect as it has been defined as "never".
  warnings.warn('facecolor will have no effect as it has been '
/home/pbigalke/miniconda3/envs/my_satpy_env/lib/python3.12/site-packages/cartopy/mpl/style.py:76: UserWarning: facecolor will have no effect as it has been defined as "never".
  warnings.warn('facecolor will have no effect as it has been '
/home/pbigalke/Documents/Code/data-investigation/data-investigation/plot_MWCC_H.py:155: UserWarning: The following kwargs were not used by contour: 'projection'
  ax.tricontour(mwcc_lons, mwcc_lats, z, levels=levels, linewidths=0.5, colors='k', projection=projection, vmin=0, vmax=1)
/home/pbigalke/Documents/Code/data-investigation/data-investigation/plot_MWCC_H.py:156: UserWarning: The following kwargs were not used by contour: 'projection'
  ax.tricontourf(mwcc_lons, mwcc_lats, z, levels=levels, colors=colors, projection=projection, vmin=0, vmax=1)
/home/pbigalke/miniconda3/envs/my_satpy_env/lib/python3.12/site-packages/cartopy/mpl/style.py:76: UserWarning: facecolor will have no effect as it has been defined as "never".
  warnings.warn('facecolor will have no effect as it has been '
/home/pbigalke/miniconda3/envs/my_satpy_env/lib/python3.12/site-packages/cartopy/mpl/style.py:76: UserWarning: facecolor will have no effect as it has been defined as "never".
  warnings.warn('facecolor will have no effect as it has been '
/home/pbigalke/miniconda3/envs/my_satpy_env/lib/python3.12/site-packages/cartopy/mpl/style.py:76: UserWarning: facecolor will have no effect as it has been defined as "never".
  warnings.warn('facecolor will have no effect as it has been '
/home/pbigalke/miniconda3/envs/my_satpy_env/lib/python3.12/site-packages/cartopy/mpl/style.py:76: UserWarning: facecolor will have no effect as it has been defined as "never".
  warnings.warn('facecolor will have no effect as it has been '
/home/pbigalke/miniconda3/envs/my_satpy_env/lib/python3.12/site-packages/cartopy/mpl/style.py:76: UserWarning: facecolor will have no effect as it has been defined as "never".
  warnings.warn('facecolor will have no effect as it has been '
/home/pbigalke/miniconda3/envs/my_satpy_env/lib/python3.12/site-packages/cartopy/mpl/style.py:76: UserWarning: facecolor will have no effect as it has been defined as "never".
  warnings.warn('facecolor will have no effect as it has been '
/home/pbigalke/miniconda3/envs/my_satpy_env/lib/python3.12/site-packages/cartopy/mpl/style.py:76: UserWarning: facecolor will have no effect as it has been defined as "never".
  warnings.warn('facecolor will have no effect as it has been '
/home/pbigalke/miniconda3/envs/my_satpy_env/lib/python3.12/site-packages/cartopy/mpl/style.py:76: UserWarning: facecolor will have no effect as it has been defined as "never".
  warnings.warn('facecolor will have no effect as it has been '
/home/pbigalke/miniconda3/envs/my_satpy_env/lib/python3.12/site-packages/cartopy/mpl/style.py:76: UserWarning: facecolor will have no effect as it has been defined as "never".
  warnings.warn('facecolor will have no effect as it has been '
/home/pbigalke/miniconda3/envs/my_satpy_env/lib/python3.12/site-packages/cartopy/mpl/style.py:76: UserWarning: facecolor will have no effect as it has been defined as "never".
  warnings.warn('facecolor will have no effect as it has been '
/home/pbigalke/miniconda3/envs/my_satpy_env/lib/python3.12/site-packages/cartopy/mpl/style.py:76: UserWarning: facecolor will have no effect as it has been defined as "never".
  warnings.warn('facecolor will have no effect as it has been '
/home/pbigalke/miniconda3/envs/my_satpy_env/lib/python3.12/site-packages/cartopy/mpl/style.py:76: UserWarning: facecolor will have no effect as it has been defined as "never".
  warnings.warn('facecolor will have no effect as it has been '
/home/pbigalke/miniconda3/envs/my_satpy_env/lib/python3.12/site-packages/cartopy/mpl/style.py:76: UserWarning: facecolor will have no effect as it has been defined as "never".
  warnings.warn('facecolor will have no effect as it has been '
/home/pbigalke/miniconda3/envs/my_satpy_env/lib/python3.12/site-packages/cartopy/mpl/style.py:76: UserWarning: facecolor will have no effect as it has been defined as "never".
  warnings.warn('facecolor will have no effect as it has been '
/home/pbigalke/miniconda3/envs/my_satpy_env/lib/python3.12/site-packages/cartopy/mpl/style.py:76: UserWarning: facecolor will have no effect as it has been defined as "never".
  warnings.warn('facecolor will have no effect as it has been '
/home/pbigalke/miniconda3/envs/my_satpy_env/lib/python3.12/site-packages/cartopy/mpl/style.py:76: UserWarning: facecolor will have no effect as it has been defined as "never".
  warnings.warn('facecolor will have no effect as it has been '
/home/pbigalke/miniconda3/envs/my_satpy_env/lib/python3.12/site-packages/cartopy/mpl/style.py:76: UserWarning: facecolor will have no effect as it has been defined as "never".
  warnings.warn('facecolor will have no effect as it has been '
/home/pbigalke/miniconda3/envs/my_satpy_env/lib/python3.12/site-packages/cartopy/mpl/style.py:76: UserWarning: facecolor will have no effect as it has been defined as "never".
  warnings.warn('facecolor will have no effect as it has been '
/home/pbigalke/miniconda3/envs/my_satpy_env/lib/python3.12/site-packages/cartopy/mpl/style.py:76: UserWarning: facecolor will have no effect as it has been defined as "never".
  warnings.warn('facecolor will have no effect as it has been '
/home/pbigalke/miniconda3/envs/my_satpy_env/lib/python3.12/site-packages/cartopy/mpl/style.py:76: UserWarning: facecolor will have no effect as it has been defined as "never".
  warnings.warn('facecolor will have no effect as it has been '
/home/pbigalke/miniconda3/envs/my_satpy_env/lib/python3.12/site-packages/cartopy/mpl/style.py:76: UserWarning: facecolor will have no effect as it has been defined as "never".
  warnings.warn('facecolor will have no effect as it has been '
/home/pbigalke/miniconda3/envs/my_satpy_env/lib/python3.12/site-packages/cartopy/mpl/style.py:76: UserWarning: facecolor will have no effect as it has been defined as "never".
  warnings.warn('facecolor will have no effect as it has been '
/home/pbigalke/miniconda3/envs/my_satpy_env/lib/python3.12/site-packages/cartopy/mpl/style.py:76: UserWarning: facecolor will have no effect as it has been defined as "never".
  warnings.warn('facecolor will have no effect as it has been '
/home/pbigalke/miniconda3/envs/my_satpy_env/lib/python3.12/site-packages/cartopy/mpl/style.py:76: UserWarning: facecolor will have no effect as it has been defined as "never".
  warnings.warn('facecolor will have no effect as it has been '
/home/pbigalke/miniconda3/envs/my_satpy_env/lib/python3.12/site-packages/cartopy/mpl/style.py:76: UserWarning: facecolor will have no effect as it has been defined as "never".
  warnings.warn('facecolor will have no effect as it has been '
/home/pbigalke/miniconda3/envs/my_satpy_env/lib/python3.12/site-packages/cartopy/mpl/style.py:76: UserWarning: facecolor will have no effect as it has been defined as "never".
  warnings.warn('facecolor will have no effect as it has been '
/home/pbigalke/miniconda3/envs/my_satpy_env/lib/python3.12/site-packages/cartopy/mpl/style.py:76: UserWarning: facecolor will have no effect as it has been defined as "never".
  warnings.warn('facecolor will have no effect as it has been '
/home/pbigalke/miniconda3/envs/my_satpy_env/lib/python3.12/site-packages/cartopy/mpl/style.py:76: UserWarning: facecolor will have no effect as it has been defined as "never".
  warnings.warn('facecolor will have no effect as it has been '
/home/pbigalke/miniconda3/envs/my_satpy_env/lib/python3.12/site-packages/cartopy/mpl/style.py:76: UserWarning: facecolor will have no effect as it has been defined as "never".
  warnings.warn('facecolor will have no effect as it has been '
/home/pbigalke/miniconda3/envs/my_satpy_env/lib/python3.12/site-packages/cartopy/mpl/style.py:76: UserWarning: facecolor will have no effect as it has been defined as "never".
  warnings.warn('facecolor will have no effect as it has been '
/home/pbigalke/miniconda3/envs/my_satpy_env/lib/python3.12/site-packages/cartopy/mpl/style.py:76: UserWarning: facecolor will have no effect as it has been defined as "never".
  warnings.warn('facecolor will have no effect as it has been '
/home/pbigalke/miniconda3/envs/my_satpy_env/lib/python3.12/site-packages/cartopy/mpl/style.py:76: UserWarning: facecolor will have no effect as it has been defined as "never".
  warnings.warn('facecolor will have no effect as it has been '
/home/pbigalke/miniconda3/envs/my_satpy_env/lib/python3.12/site-packages/cartopy/mpl/style.py:76: UserWarning: facecolor will have no effect as it has been defined as "never".
  warnings.warn('facecolor will have no effect as it has been '
/home/pbigalke/miniconda3/envs/my_satpy_env/lib/python3.12/site-packages/cartopy/mpl/style.py:76: UserWarning: facecolor will have no effect as it has been defined as "never".
  warnings.warn('facecolor will have no effect as it has been '
/home/pbigalke/miniconda3/envs/my_satpy_env/lib/python3.12/site-packages/cartopy/mpl/style.py:76: UserWarning: facecolor will have no effect as it has been defined as "never".
  warnings.warn('facecolor will have no effect as it has been '
/home/pbigalke/miniconda3/envs/my_satpy_env/lib/python3.12/site-packages/cartopy/mpl/style.py:76: UserWarning: facecolor will have no effect as it has been defined as "never".
  warnings.warn('facecolor will have no effect as it has been '
/home/pbigalke/miniconda3/envs/my_satpy_env/lib/python3.12/site-packages/cartopy/mpl/style.py:76: UserWarning: facecolor will have no effect as it has been defined as "never".
  warnings.warn('facecolor will have no effect as it has been '
/home/pbigalke/miniconda3/envs/my_satpy_env/lib/python3.12/site-packages/cartopy/mpl/style.py:76: UserWarning: facecolor will have no effect as it has been defined as "never".
  warnings.warn('facecolor will have no effect as it has been '
/home/pbigalke/miniconda3/envs/my_satpy_env/lib/python3.12/site-packages/cartopy/mpl/style.py:76: UserWarning: facecolor will have no effect as it has been defined as "never".
  warnings.warn('facecolor will have no effect as it has been '
/home/pbigalke/miniconda3/envs/my_satpy_env/lib/python3.12/site-packages/cartopy/mpl/style.py:76: UserWarning: facecolor will have no effect as it has been defined as "never".
  warnings.warn('facecolor will have no effect as it has been '
/home/pbigalke/miniconda3/envs/my_satpy_env/lib/python3.12/site-packages/cartopy/mpl/style.py:76: UserWarning: facecolor will have no effect as it has been defined as "never".
  warnings.warn('facecolor will have no effect as it has been '
/home/pbigalke/miniconda3/envs/my_satpy_env/lib/python3.12/site-packages/cartopy/mpl/style.py:76: UserWarning: facecolor will have no effect as it has been defined as "never".
  warnings.warn('facecolor will have no effect as it has been '
/home/pbigalke/miniconda3/envs/my_satpy_env/lib/python3.12/site-packages/cartopy/mpl/style.py:76: UserWarning: facecolor will have no effect as it has been defined as "never".
  warnings.warn('facecolor will have no effect as it has been '
/home/pbigalke/miniconda3/envs/my_satpy_env/lib/python3.12/site-packages/cartopy/mpl/style.py:76: UserWarning: facecolor will have no effect as it has been defined as "never".
  warnings.warn('facecolor will have no effect as it has been '
/home/pbigalke/miniconda3/envs/my_satpy_env/lib/python3.12/site-packages/cartopy/mpl/style.py:76: UserWarning: facecolor will have no effect as it has been defined as "never".
  warnings.warn('facecolor will have no effect as it has been '
/home/pbigalke/miniconda3/envs/my_satpy_env/lib/python3.12/site-packages/cartopy/mpl/style.py:76: UserWarning: facecolor will have no effect as it has been defined as "never".
  warnings.warn('facecolor will have no effect as it has been '
/home/pbigalke/miniconda3/envs/my_satpy_env/lib/python3.12/site-packages/cartopy/mpl/style.py:76: UserWarning: facecolor will have no effect as it has been defined as "never".
  warnings.warn('facecolor will have no effect as it has been '
/home/pbigalke/miniconda3/envs/my_satpy_env/lib/python3.12/site-packages/cartopy/mpl/style.py:76: UserWarning: facecolor will have no effect as it has been defined as "never".
  warnings.warn('facecolor will have no effect as it has been '
/home/pbigalke/miniconda3/envs/my_satpy_env/lib/python3.12/site-packages/cartopy/mpl/style.py:76: UserWarning: facecolor will have no effect as it has been defined as "never".
  warnings.warn('facecolor will have no effect as it has been '
/home/pbigalke/miniconda3/envs/my_satpy_env/lib/python3.12/site-packages/cartopy/mpl/style.py:76: UserWarning: facecolor will have no effect as it has been defined as "never".
  warnings.warn('facecolor will have no effect as it has been '
/home/pbigalke/miniconda3/envs/my_satpy_env/lib/python3.12/site-packages/cartopy/mpl/style.py:76: UserWarning: facecolor will have no effect as it has been defined as "never".
  warnings.warn('facecolor will have no effect as it has been '
/home/pbigalke/miniconda3/envs/my_satpy_env/lib/python3.12/site-packages/cartopy/mpl/style.py:76: UserWarning: facecolor will have no effect as it has been defined as "never".
  warnings.warn('facecolor will have no effect as it has been '
/home/pbigalke/miniconda3/envs/my_satpy_env/lib/python3.12/site-packages/cartopy/mpl/style.py:76: UserWarning: facecolor will have no effect as it has been defined as "never".
  warnings.warn('facecolor will have no effect as it has been '
/home/pbigalke/miniconda3/envs/my_satpy_env/lib/python3.12/site-packages/cartopy/mpl/style.py:76: UserWarning: facecolor will have no effect as it has been defined as "never".
  warnings.warn('facecolor will have no effect as it has been '
/home/pbigalke/Documents/Code/data-investigation/data-investigation/plot_MWCC_H.py:155: UserWarning: The following kwargs were not used by contour: 'projection'
  ax.tricontour(mwcc_lons, mwcc_lats, z, levels=levels, linewidths=0.5, colors='k', projection=projection, vmin=0, vmax=1)
/home/pbigalke/Documents/Code/data-investigation/data-investigation/plot_MWCC_H.py:156: UserWarning: The following kwargs were not used by contour: 'projection'
  ax.tricontourf(mwcc_lons, mwcc_lats, z, levels=levels, colors=colors, projection=projection, vmin=0, vmax=1)
/home/pbigalke/miniconda3/envs/my_satpy_env/lib/python3.12/site-packages/cartopy/mpl/style.py:76: UserWarning: facecolor will have no effect as it has been defined as "never".
  warnings.warn('facecolor will have no effect as it has been '
/home/pbigalke/miniconda3/envs/my_satpy_env/lib/python3.12/site-packages/cartopy/mpl/style.py:76: UserWarning: facecolor will have no effect as it has been defined as "never".
  warnings.warn('facecolor will have no effect as it has been '
/home/pbigalke/miniconda3/envs/my_satpy_env/lib/python3.12/site-packages/cartopy/mpl/style.py:76: UserWarning: facecolor will have no effect as it has been defined as "never".
  warnings.warn('facecolor will have no effect as it has been '
/home/pbigalke/miniconda3/envs/my_satpy_env/lib/python3.12/site-packages/cartopy/mpl/style.py:76: UserWarning: facecolor will have no effect as it has been defined as "never".
  warnings.warn('facecolor will have no effect as it has been '
/home/pbigalke/miniconda3/envs/my_satpy_env/lib/python3.12/site-packages/cartopy/mpl/style.py:76: UserWarning: facecolor will have no effect as it has been defined as "never".
  warnings.warn('facecolor will have no effect as it has been '
/home/pbigalke/miniconda3/envs/my_satpy_env/lib/python3.12/site-packages/cartopy/mpl/style.py:76: UserWarning: facecolor will have no effect as it has been defined as "never".
  warnings.warn('facecolor will have no effect as it has been '
/home/pbigalke/miniconda3/envs/my_satpy_env/lib/python3.12/site-packages/cartopy/mpl/style.py:76: UserWarning: facecolor will have no effect as it has been defined as "never".
  warnings.warn('facecolor will have no effect as it has been '
/home/pbigalke/miniconda3/envs/my_satpy_env/lib/python3.12/site-packages/cartopy/mpl/style.py:76: UserWarning: facecolor will have no effect as it has been defined as "never".
  warnings.warn('facecolor will have no effect as it has been '
/home/pbigalke/miniconda3/envs/my_satpy_env/lib/python3.12/site-packages/cartopy/mpl/style.py:76: UserWarning: facecolor will have no effect as it has been defined as "never".
  warnings.warn('facecolor will have no effect as it has been '
/home/pbigalke/miniconda3/envs/my_satpy_env/lib/python3.12/site-packages/cartopy/mpl/style.py:76: UserWarning: facecolor will have no effect as it has been defined as "never".
  warnings.warn('facecolor will have no effect as it has been '
/home/pbigalke/miniconda3/envs/my_satpy_env/lib/python3.12/site-packages/cartopy/mpl/style.py:76: UserWarning: facecolor will have no effect as it has been defined as "never".
  warnings.warn('facecolor will have no effect as it has been '
/home/pbigalke/miniconda3/envs/my_satpy_env/lib/python3.12/site-packages/cartopy/mpl/style.py:76: UserWarning: facecolor will have no effect as it has been defined as "never".
  warnings.warn('facecolor will have no effect as it has been '
/home/pbigalke/miniconda3/envs/my_satpy_env/lib/python3.12/site-packages/cartopy/mpl/style.py:76: UserWarning: facecolor will have no effect as it has been defined as "never".
  warnings.warn('facecolor will have no effect as it has been '
/home/pbigalke/miniconda3/envs/my_satpy_env/lib/python3.12/site-packages/cartopy/mpl/style.py:76: UserWarning: facecolor will have no effect as it has been defined as "never".
  warnings.warn('facecolor will have no effect as it has been '
/home/pbigalke/miniconda3/envs/my_satpy_env/lib/python3.12/site-packages/cartopy/mpl/style.py:76: UserWarning: facecolor will have no effect as it has been defined as "never".
  warnings.warn('facecolor will have no effect as it has been '
/home/pbigalke/miniconda3/envs/my_satpy_env/lib/python3.12/site-packages/cartopy/mpl/style.py:76: UserWarning: facecolor will have no effect as it has been defined as "never".
  warnings.warn('facecolor will have no effect as it has been '
/home/pbigalke/miniconda3/envs/my_satpy_env/lib/python3.12/site-packages/cartopy/mpl/style.py:76: UserWarning: facecolor will have no effect as it has been defined as "never".
  warnings.warn('facecolor will have no effect as it has been '
/home/pbigalke/miniconda3/envs/my_satpy_env/lib/python3.12/site-packages/cartopy/mpl/style.py:76: UserWarning: facecolor will have no effect as it has been defined as "never".
  warnings.warn('facecolor will have no effect as it has been '
/home/pbigalke/miniconda3/envs/my_satpy_env/lib/python3.12/site-packages/cartopy/mpl/style.py:76: UserWarning: facecolor will have no effect as it has been defined as "never".
  warnings.warn('facecolor will have no effect as it has been '
/home/pbigalke/miniconda3/envs/my_satpy_env/lib/python3.12/site-packages/cartopy/mpl/style.py:76: UserWarning: facecolor will have no effect as it has been defined as "never".
  warnings.warn('facecolor will have no effect as it has been '
/home/pbigalke/miniconda3/envs/my_satpy_env/lib/python3.12/site-packages/cartopy/mpl/style.py:76: UserWarning: facecolor will have no effect as it has been defined as "never".
  warnings.warn('facecolor will have no effect as it has been '
/home/pbigalke/miniconda3/envs/my_satpy_env/lib/python3.12/site-packages/cartopy/mpl/style.py:76: UserWarning: facecolor will have no effect as it has been defined as "never".
  warnings.warn('facecolor will have no effect as it has been '
/home/pbigalke/miniconda3/envs/my_satpy_env/lib/python3.12/site-packages/cartopy/mpl/style.py:76: UserWarning: facecolor will have no effect as it has been defined as "never".
  warnings.warn('facecolor will have no effect as it has been '
/home/pbigalke/miniconda3/envs/my_satpy_env/lib/python3.12/site-packages/cartopy/mpl/style.py:76: UserWarning: facecolor will have no effect as it has been defined as "never".
  warnings.warn('facecolor will have no effect as it has been '
/home/pbigalke/miniconda3/envs/my_satpy_env/lib/python3.12/site-packages/cartopy/mpl/style.py:76: UserWarning: facecolor will have no effect as it has been defined as "never".
  warnings.warn('facecolor will have no effect as it has been '
/home/pbigalke/miniconda3/envs/my_satpy_env/lib/python3.12/site-packages/cartopy/mpl/style.py:76: UserWarning: facecolor will have no effect as it has been defined as "never".
  warnings.warn('facecolor will have no effect as it has been '
/home/pbigalke/miniconda3/envs/my_satpy_env/lib/python3.12/site-packages/cartopy/mpl/style.py:76: UserWarning: facecolor will have no effect as it has been defined as "never".
  warnings.warn('facecolor will have no effect as it has been '
/home/pbigalke/miniconda3/envs/my_satpy_env/lib/python3.12/site-packages/cartopy/mpl/style.py:76: UserWarning: facecolor will have no effect as it has been defined as "never".
  warnings.warn('facecolor will have no effect as it has been '
/home/pbigalke/miniconda3/envs/my_satpy_env/lib/python3.12/site-packages/cartopy/mpl/style.py:76: UserWarning: facecolor will have no effect as it has been defined as "never".
  warnings.warn('facecolor will have no effect as it has been '
/home/pbigalke/miniconda3/envs/my_satpy_env/lib/python3.12/site-packages/cartopy/mpl/style.py:76: UserWarning: facecolor will have no effect as it has been defined as "never".
  warnings.warn('facecolor will have no effect as it has been '
/home/pbigalke/miniconda3/envs/my_satpy_env/lib/python3.12/site-packages/cartopy/mpl/style.py:76: UserWarning: facecolor will have no effect as it has been defined as "never".
  warnings.warn('facecolor will have no effect as it has been '
/home/pbigalke/miniconda3/envs/my_satpy_env/lib/python3.12/site-packages/cartopy/mpl/style.py:76: UserWarning: facecolor will have no effect as it has been defined as "never".
  warnings.warn('facecolor will have no effect as it has been '
/home/pbigalke/miniconda3/envs/my_satpy_env/lib/python3.12/site-packages/cartopy/mpl/style.py:76: UserWarning: facecolor will have no effect as it has been defined as "never".
  warnings.warn('facecolor will have no effect as it has been '
/home/pbigalke/miniconda3/envs/my_satpy_env/lib/python3.12/site-packages/cartopy/mpl/style.py:76: UserWarning: facecolor will have no effect as it has been defined as "never".
  warnings.warn('facecolor will have no effect as it has been '
/home/pbigalke/miniconda3/envs/my_satpy_env/lib/python3.12/site-packages/cartopy/mpl/style.py:76: UserWarning: facecolor will have no effect as it has been defined as "never".
  warnings.warn('facecolor will have no effect as it has been '
/home/pbigalke/miniconda3/envs/my_satpy_env/lib/python3.12/site-packages/cartopy/mpl/style.py:76: UserWarning: facecolor will have no effect as it has been defined as "never".
  warnings.warn('facecolor will have no effect as it has been '
/home/pbigalke/miniconda3/envs/my_satpy_env/lib/python3.12/site-packages/cartopy/mpl/style.py:76: UserWarning: facecolor will have no effect as it has been defined as "never".
  warnings.warn('facecolor will have no effect as it has been '
/home/pbigalke/miniconda3/envs/my_satpy_env/lib/python3.12/site-packages/cartopy/mpl/style.py:76: UserWarning: facecolor will have no effect as it has been defined as "never".
  warnings.warn('facecolor will have no effect as it has been '
/home/pbigalke/miniconda3/envs/my_satpy_env/lib/python3.12/site-packages/cartopy/mpl/style.py:76: UserWarning: facecolor will have no effect as it has been defined as "never".
  warnings.warn('facecolor will have no effect as it has been '
/home/pbigalke/miniconda3/envs/my_satpy_env/lib/python3.12/site-packages/cartopy/mpl/style.py:76: UserWarning: facecolor will have no effect as it has been defined as "never".
  warnings.warn('facecolor will have no effect as it has been '
/home/pbigalke/miniconda3/envs/my_satpy_env/lib/python3.12/site-packages/cartopy/mpl/style.py:76: UserWarning: facecolor will have no effect as it has been defined as "never".
  warnings.warn('facecolor will have no effect as it has been '
/home/pbigalke/miniconda3/envs/my_satpy_env/lib/python3.12/site-packages/cartopy/mpl/style.py:76: UserWarning: facecolor will have no effect as it has been defined as "never".
  warnings.warn('facecolor will have no effect as it has been '
/home/pbigalke/miniconda3/envs/my_satpy_env/lib/python3.12/site-packages/cartopy/mpl/style.py:76: UserWarning: facecolor will have no effect as it has been defined as "never".
  warnings.warn('facecolor will have no effect as it has been '
/home/pbigalke/miniconda3/envs/my_satpy_env/lib/python3.12/site-packages/cartopy/mpl/style.py:76: UserWarning: facecolor will have no effect as it has been defined as "never".
  warnings.warn('facecolor will have no effect as it has been '
/home/pbigalke/miniconda3/envs/my_satpy_env/lib/python3.12/site-packages/cartopy/mpl/style.py:76: UserWarning: facecolor will have no effect as it has been defined as "never".
  warnings.warn('facecolor will have no effect as it has been '
/home/pbigalke/miniconda3/envs/my_satpy_env/lib/python3.12/site-packages/cartopy/mpl/style.py:76: UserWarning: facecolor will have no effect as it has been defined as "never".
  warnings.warn('facecolor will have no effect as it has been '
/home/pbigalke/miniconda3/envs/my_satpy_env/lib/python3.12/site-packages/cartopy/mpl/style.py:76: UserWarning: facecolor will have no effect as it has been defined as "never".
  warnings.warn('facecolor will have no effect as it has been '
/home/pbigalke/miniconda3/envs/my_satpy_env/lib/python3.12/site-packages/cartopy/mpl/style.py:76: UserWarning: facecolor will have no effect as it has been defined as "never".
  warnings.warn('facecolor will have no effect as it has been '
/home/pbigalke/miniconda3/envs/my_satpy_env/lib/python3.12/site-packages/cartopy/mpl/style.py:76: UserWarning: facecolor will have no effect as it has been defined as "never".
  warnings.warn('facecolor will have no effect as it has been '
/home/pbigalke/miniconda3/envs/my_satpy_env/lib/python3.12/site-packages/cartopy/mpl/style.py:76: UserWarning: facecolor will have no effect as it has been defined as "never".
  warnings.warn('facecolor will have no effect as it has been '
/home/pbigalke/miniconda3/envs/my_satpy_env/lib/python3.12/site-packages/cartopy/mpl/style.py:76: UserWarning: facecolor will have no effect as it has been defined as "never".
  warnings.warn('facecolor will have no effect as it has been '
/home/pbigalke/miniconda3/envs/my_satpy_env/lib/python3.12/site-packages/cartopy/mpl/style.py:76: UserWarning: facecolor will have no effect as it has been defined as "never".
  warnings.warn('facecolor will have no effect as it has been '
/home/pbigalke/miniconda3/envs/my_satpy_env/lib/python3.12/site-packages/cartopy/mpl/style.py:76: UserWarning: facecolor will have no effect as it has been defined as "never".
  warnings.warn('facecolor will have no effect as it has been '
/home/pbigalke/miniconda3/envs/my_satpy_env/lib/python3.12/site-packages/cartopy/mpl/style.py:76: UserWarning: facecolor will have no effect as it has been defined as "never".
  warnings.warn('facecolor will have no effect as it has been '
/home/pbigalke/miniconda3/envs/my_satpy_env/lib/python3.12/site-packages/cartopy/mpl/style.py:76: UserWarning: facecolor will have no effect as it has been defined as "never".
  warnings.warn('facecolor will have no effect as it has been '
/home/pbigalke/miniconda3/envs/my_satpy_env/lib/python3.12/site-packages/cartopy/mpl/style.py:76: UserWarning: facecolor will have no effect as it has been defined as "never".
  warnings.warn('facecolor will have no effect as it has been '
/home/pbigalke/miniconda3/envs/my_satpy_env/lib/python3.12/site-packages/cartopy/mpl/style.py:76: UserWarning: facecolor will have no effect as it has been defined as "never".
  warnings.warn('facecolor will have no effect as it has been '
/home/pbigalke/miniconda3/envs/my_satpy_env/lib/python3.12/site-packages/cartopy/mpl/style.py:76: UserWarning: facecolor will have no effect as it has been defined as "never".
  warnings.warn('facecolor will have no effect as it has been '
/home/pbigalke/miniconda3/envs/my_satpy_env/lib/python3.12/site-packages/cartopy/mpl/style.py:76: UserWarning: facecolor will have no effect as it has been defined as "never".
  warnings.warn('facecolor will have no effect as it has been '
/home/pbigalke/miniconda3/envs/my_satpy_env/lib/python3.12/site-packages/cartopy/mpl/style.py:76: UserWarning: facecolor will have no effect as it has been defined as "never".
  warnings.warn('facecolor will have no effect as it has been '
/home/pbigalke/miniconda3/envs/my_satpy_env/lib/python3.12/site-packages/cartopy/mpl/style.py:76: UserWarning: facecolor will have no effect as it has been defined as "never".
  warnings.warn('facecolor will have no effect as it has been '
/home/pbigalke/miniconda3/envs/my_satpy_env/lib/python3.12/site-packages/cartopy/mpl/style.py:76: UserWarning: facecolor will have no effect as it has been defined as "never".
  warnings.warn('facecolor will have no effect as it has been '
/home/pbigalke/miniconda3/envs/my_satpy_env/lib/python3.12/site-packages/cartopy/mpl/style.py:76: UserWarning: facecolor will have no effect as it has been defined as "never".
  warnings.warn('facecolor will have no effect as it has been '
/home/pbigalke/Documents/Code/data-investigation/data-investigation/plot_MWCC_H.py:155: UserWarning: The following kwargs were not used by contour: 'projection'
  ax.tricontour(mwcc_lons, mwcc_lats, z, levels=levels, linewidths=0.5, colors='k', projection=projection, vmin=0, vmax=1)
/home/pbigalke/Documents/Code/data-investigation/data-investigation/plot_MWCC_H.py:156: UserWarning: The following kwargs were not used by contour: 'projection'
  ax.tricontourf(mwcc_lons, mwcc_lats, z, levels=levels, colors=colors, projection=projection, vmin=0, vmax=1)
/home/pbigalke/miniconda3/envs/my_satpy_env/lib/python3.12/site-packages/cartopy/mpl/style.py:76: UserWarning: facecolor will have no effect as it has been defined as "never".
  warnings.warn('facecolor will have no effect as it has been '
/home/pbigalke/miniconda3/envs/my_satpy_env/lib/python3.12/site-packages/cartopy/mpl/style.py:76: UserWarning: facecolor will have no effect as it has been defined as "never".
  warnings.warn('facecolor will have no effect as it has been '
/home/pbigalke/miniconda3/envs/my_satpy_env/lib/python3.12/site-packages/cartopy/mpl/style.py:76: UserWarning: facecolor will have no effect as it has been defined as "never".
  warnings.warn('facecolor will have no effect as it has been '
/home/pbigalke/miniconda3/envs/my_satpy_env/lib/python3.12/site-packages/cartopy/mpl/style.py:76: UserWarning: facecolor will have no effect as it has been defined as "never".
  warnings.warn('facecolor will have no effect as it has been '
/home/pbigalke/miniconda3/envs/my_satpy_env/lib/python3.12/site-packages/cartopy/mpl/style.py:76: UserWarning: facecolor will have no effect as it has been defined as "never".
  warnings.warn('facecolor will have no effect as it has been '
/home/pbigalke/miniconda3/envs/my_satpy_env/lib/python3.12/site-packages/cartopy/mpl/style.py:76: UserWarning: facecolor will have no effect as it has been defined as "never".
  warnings.warn('facecolor will have no effect as it has been '
/home/pbigalke/miniconda3/envs/my_satpy_env/lib/python3.12/site-packages/cartopy/mpl/style.py:76: UserWarning: facecolor will have no effect as it has been defined as "never".
  warnings.warn('facecolor will have no effect as it has been '
/home/pbigalke/miniconda3/envs/my_satpy_env/lib/python3.12/site-packages/cartopy/mpl/style.py:76: UserWarning: facecolor will have no effect as it has been defined as "never".
  warnings.warn('facecolor will have no effect as it has been '
/home/pbigalke/miniconda3/envs/my_satpy_env/lib/python3.12/site-packages/cartopy/mpl/style.py:76: UserWarning: facecolor will have no effect as it has been defined as "never".
  warnings.warn('facecolor will have no effect as it has been '
/home/pbigalke/miniconda3/envs/my_satpy_env/lib/python3.12/site-packages/cartopy/mpl/style.py:76: UserWarning: facecolor will have no effect as it has been defined as "never".
  warnings.warn('facecolor will have no effect as it has been '
/home/pbigalke/miniconda3/envs/my_satpy_env/lib/python3.12/site-packages/cartopy/mpl/style.py:76: UserWarning: facecolor will have no effect as it has been defined as "never".
  warnings.warn('facecolor will have no effect as it has been '
/home/pbigalke/miniconda3/envs/my_satpy_env/lib/python3.12/site-packages/cartopy/mpl/style.py:76: UserWarning: facecolor will have no effect as it has been defined as "never".
  warnings.warn('facecolor will have no effect as it has been '
/home/pbigalke/Documents/Code/data-investigation/data-investigation/plot_MWCC_H.py:155: UserWarning: The following kwargs were not used by contour: 'projection'
  ax.tricontour(mwcc_lons, mwcc_lats, z, levels=levels, linewidths=0.5, colors='k', projection=projection, vmin=0, vmax=1)
/home/pbigalke/Documents/Code/data-investigation/data-investigation/plot_MWCC_H.py:156: UserWarning: The following kwargs were not used by contour: 'projection'
  ax.tricontourf(mwcc_lons, mwcc_lats, z, levels=levels, colors=colors, projection=projection, vmin=0, vmax=1)
/home/pbigalke/miniconda3/envs/my_satpy_env/lib/python3.12/site-packages/cartopy/mpl/style.py:76: UserWarning: facecolor will have no effect as it has been defined as "never".
  warnings.warn('facecolor will have no effect as it has been '
/home/pbigalke/miniconda3/envs/my_satpy_env/lib/python3.12/site-packages/cartopy/mpl/style.py:76: UserWarning: facecolor will have no effect as it has been defined as "never".
  warnings.warn('facecolor will have no effect as it has been '
/home/pbigalke/miniconda3/envs/my_satpy_env/lib/python3.12/site-packages/cartopy/mpl/style.py:76: UserWarning: facecolor will have no effect as it has been defined as "never".
  warnings.warn('facecolor will have no effect as it has been '
/home/pbigalke/miniconda3/envs/my_satpy_env/lib/python3.12/site-packages/cartopy/mpl/style.py:76: UserWarning: facecolor will have no effect as it has been defined as "never".
  warnings.warn('facecolor will have no effect as it has been '
/home/pbigalke/miniconda3/envs/my_satpy_env/lib/python3.12/site-packages/cartopy/mpl/style.py:76: UserWarning: facecolor will have no effect as it has been defined as "never".
  warnings.warn('facecolor will have no effect as it has been '
/home/pbigalke/miniconda3/envs/my_satpy_env/lib/python3.12/site-packages/cartopy/mpl/style.py:76: UserWarning: facecolor will have no effect as it has been defined as "never".
  warnings.warn('facecolor will have no effect as it has been '
/home/pbigalke/miniconda3/envs/my_satpy_env/lib/python3.12/site-packages/cartopy/mpl/style.py:76: UserWarning: facecolor will have no effect as it has been defined as "never".
  warnings.warn('facecolor will have no effect as it has been '
/home/pbigalke/miniconda3/envs/my_satpy_env/lib/python3.12/site-packages/cartopy/mpl/style.py:76: UserWarning: facecolor will have no effect as it has been defined as "never".
  warnings.warn('facecolor will have no effect as it has been '
/home/pbigalke/miniconda3/envs/my_satpy_env/lib/python3.12/site-packages/cartopy/mpl/style.py:76: UserWarning: facecolor will have no effect as it has been defined as "never".
  warnings.warn('facecolor will have no effect as it has been '
/home/pbigalke/miniconda3/envs/my_satpy_env/lib/python3.12/site-packages/cartopy/mpl/style.py:76: UserWarning: facecolor will have no effect as it has been defined as "never".
  warnings.warn('facecolor will have no effect as it has been '
/home/pbigalke/miniconda3/envs/my_satpy_env/lib/python3.12/site-packages/cartopy/mpl/style.py:76: UserWarning: facecolor will have no effect as it has been defined as "never".
  warnings.warn('facecolor will have no effect as it has been '
/home/pbigalke/miniconda3/envs/my_satpy_env/lib/python3.12/site-packages/cartopy/mpl/style.py:76: UserWarning: facecolor will have no effect as it has been defined as "never".
  warnings.warn('facecolor will have no effect as it has been '
/home/pbigalke/miniconda3/envs/my_satpy_env/lib/python3.12/site-packages/cartopy/mpl/style.py:76: UserWarning: facecolor will have no effect as it has been defined as "never".
  warnings.warn('facecolor will have no effect as it has been '
/home/pbigalke/miniconda3/envs/my_satpy_env/lib/python3.12/site-packages/cartopy/mpl/style.py:76: UserWarning: facecolor will have no effect as it has been defined as "never".
  warnings.warn('facecolor will have no effect as it has been '
/home/pbigalke/miniconda3/envs/my_satpy_env/lib/python3.12/site-packages/cartopy/mpl/style.py:76: UserWarning: facecolor will have no effect as it has been defined as "never".
  warnings.warn('facecolor will have no effect as it has been '
/home/pbigalke/Documents/Code/data-investigation/data-investigation/plot_MWCC_H.py:155: UserWarning: The following kwargs were not used by contour: 'projection'
  ax.tricontour(mwcc_lons, mwcc_lats, z, levels=levels, linewidths=0.5, colors='k', projection=projection, vmin=0, vmax=1)
/home/pbigalke/Documents/Code/data-investigation/data-investigation/plot_MWCC_H.py:156: UserWarning: The following kwargs were not used by contour: 'projection'
  ax.tricontourf(mwcc_lons, mwcc_lats, z, levels=levels, colors=colors, projection=projection, vmin=0, vmax=1)
/home/pbigalke/miniconda3/envs/my_satpy_env/lib/python3.12/site-packages/cartopy/mpl/style.py:76: UserWarning: facecolor will have no effect as it has been defined as "never".
  warnings.warn('facecolor will have no effect as it has been '
/home/pbigalke/miniconda3/envs/my_satpy_env/lib/python3.12/site-packages/cartopy/mpl/style.py:76: UserWarning: facecolor will have no effect as it has been defined as "never".
  warnings.warn('facecolor will have no effect as it has been '
/home/pbigalke/miniconda3/envs/my_satpy_env/lib/python3.12/site-packages/cartopy/mpl/style.py:76: UserWarning: facecolor will have no effect as it has been defined as "never".
  warnings.warn('facecolor will have no effect as it has been '
/home/pbigalke/Documents/Code/data-investigation/data-investigation/plot_MWCC_H.py:155: UserWarning: The following kwargs were not used by contour: 'projection'
  ax.tricontour(mwcc_lons, mwcc_lats, z, levels=levels, linewidths=0.5, colors='k', projection=projection, vmin=0, vmax=1)
/home/pbigalke/Documents/Code/data-investigation/data-investigation/plot_MWCC_H.py:156: UserWarning: The following kwargs were not used by contour: 'projection'
  ax.tricontourf(mwcc_lons, mwcc_lats, z, levels=levels, colors=colors, projection=projection, vmin=0, vmax=1)
/home/pbigalke/miniconda3/envs/my_satpy_env/lib/python3.12/site-packages/cartopy/mpl/style.py:76: UserWarning: facecolor will have no effect as it has been defined as "never".
  warnings.warn('facecolor will have no effect as it has been '
/home/pbigalke/miniconda3/envs/my_satpy_env/lib/python3.12/site-packages/cartopy/mpl/style.py:76: UserWarning: facecolor will have no effect as it has been defined as "never".
  warnings.warn('facecolor will have no effect as it has been '
/home/pbigalke/miniconda3/envs/my_satpy_env/lib/python3.12/site-packages/cartopy/mpl/style.py:76: UserWarning: facecolor will have no effect as it has been defined as "never".
  warnings.warn('facecolor will have no effect as it has been '
/home/pbigalke/miniconda3/envs/my_satpy_env/lib/python3.12/site-packages/cartopy/mpl/style.py:76: UserWarning: facecolor will have no effect as it has been defined as "never".
  warnings.warn('facecolor will have no effect as it has been '
/home/pbigalke/miniconda3/envs/my_satpy_env/lib/python3.12/site-packages/cartopy/mpl/style.py:76: UserWarning: facecolor will have no effect as it has been defined as "never".
  warnings.warn('facecolor will have no effect as it has been '
/home/pbigalke/miniconda3/envs/my_satpy_env/lib/python3.12/site-packages/cartopy/mpl/style.py:76: UserWarning: facecolor will have no effect as it has been defined as "never".
  warnings.warn('facecolor will have no effect as it has been '
/home/pbigalke/miniconda3/envs/my_satpy_env/lib/python3.12/site-packages/cartopy/mpl/style.py:76: UserWarning: facecolor will have no effect as it has been defined as "never".
  warnings.warn('facecolor will have no effect as it has been '
/home/pbigalke/miniconda3/envs/my_satpy_env/lib/python3.12/site-packages/cartopy/mpl/style.py:76: UserWarning: facecolor will have no effect as it has been defined as "never".
  warnings.warn('facecolor will have no effect as it has been '
/home/pbigalke/miniconda3/envs/my_satpy_env/lib/python3.12/site-packages/cartopy/mpl/style.py:76: UserWarning: facecolor will have no effect as it has been defined as "never".
  warnings.warn('facecolor will have no effect as it has been '
/home/pbigalke/miniconda3/envs/my_satpy_env/lib/python3.12/site-packages/cartopy/mpl/style.py:76: UserWarning: facecolor will have no effect as it has been defined as "never".
  warnings.warn('facecolor will have no effect as it has been '
/home/pbigalke/miniconda3/envs/my_satpy_env/lib/python3.12/site-packages/cartopy/mpl/style.py:76: UserWarning: facecolor will have no effect as it has been defined as "never".
  warnings.warn('facecolor will have no effect as it has been '
/home/pbigalke/miniconda3/envs/my_satpy_env/lib/python3.12/site-packages/cartopy/mpl/style.py:76: UserWarning: facecolor will have no effect as it has been defined as "never".
  warnings.warn('facecolor will have no effect as it has been '
/home/pbigalke/miniconda3/envs/my_satpy_env/lib/python3.12/site-packages/cartopy/mpl/style.py:76: UserWarning: facecolor will have no effect as it has been defined as "never".
  warnings.warn('facecolor will have no effect as it has been '
/home/pbigalke/miniconda3/envs/my_satpy_env/lib/python3.12/site-packages/cartopy/mpl/style.py:76: UserWarning: facecolor will have no effect as it has been defined as "never".
  warnings.warn('facecolor will have no effect as it has been '
/home/pbigalke/miniconda3/envs/my_satpy_env/lib/python3.12/site-packages/cartopy/mpl/style.py:76: UserWarning: facecolor will have no effect as it has been defined as "never".
  warnings.warn('facecolor will have no effect as it has been '
/home/pbigalke/miniconda3/envs/my_satpy_env/lib/python3.12/site-packages/cartopy/mpl/style.py:76: UserWarning: facecolor will have no effect as it has been defined as "never".
  warnings.warn('facecolor will have no effect as it has been '
/home/pbigalke/miniconda3/envs/my_satpy_env/lib/python3.12/site-packages/cartopy/mpl/style.py:76: UserWarning: facecolor will have no effect as it has been defined as "never".
  warnings.warn('facecolor will have no effect as it has been '
/home/pbigalke/miniconda3/envs/my_satpy_env/lib/python3.12/site-packages/cartopy/mpl/style.py:76: UserWarning: facecolor will have no effect as it has been defined as "never".
  warnings.warn('facecolor will have no effect as it has been '
/home/pbigalke/miniconda3/envs/my_satpy_env/lib/python3.12/site-packages/cartopy/mpl/style.py:76: UserWarning: facecolor will have no effect as it has been defined as "never".
  warnings.warn('facecolor will have no effect as it has been '
/home/pbigalke/miniconda3/envs/my_satpy_env/lib/python3.12/site-packages/cartopy/mpl/style.py:76: UserWarning: facecolor will have no effect as it has been defined as "never".
  warnings.warn('facecolor will have no effect as it has been '
/home/pbigalke/miniconda3/envs/my_satpy_env/lib/python3.12/site-packages/cartopy/mpl/style.py:76: UserWarning: facecolor will have no effect as it has been defined as "never".
  warnings.warn('facecolor will have no effect as it has been '
/home/pbigalke/miniconda3/envs/my_satpy_env/lib/python3.12/site-packages/cartopy/mpl/style.py:76: UserWarning: facecolor will have no effect as it has been defined as "never".
  warnings.warn('facecolor will have no effect as it has been '
/home/pbigalke/miniconda3/envs/my_satpy_env/lib/python3.12/site-packages/cartopy/mpl/style.py:76: UserWarning: facecolor will have no effect as it has been defined as "never".
  warnings.warn('facecolor will have no effect as it has been '
/home/pbigalke/miniconda3/envs/my_satpy_env/lib/python3.12/site-packages/cartopy/mpl/style.py:76: UserWarning: facecolor will have no effect as it has been defined as "never".
  warnings.warn('facecolor will have no effect as it has been '
/home/pbigalke/miniconda3/envs/my_satpy_env/lib/python3.12/site-packages/cartopy/mpl/style.py:76: UserWarning: facecolor will have no effect as it has been defined as "never".
  warnings.warn('facecolor will have no effect as it has been '
/home/pbigalke/miniconda3/envs/my_satpy_env/lib/python3.12/site-packages/cartopy/mpl/style.py:76: UserWarning: facecolor will have no effect as it has been defined as "never".
  warnings.warn('facecolor will have no effect as it has been '
/home/pbigalke/miniconda3/envs/my_satpy_env/lib/python3.12/site-packages/cartopy/mpl/style.py:76: UserWarning: facecolor will have no effect as it has been defined as "never".
  warnings.warn('facecolor will have no effect as it has been '
/home/pbigalke/miniconda3/envs/my_satpy_env/lib/python3.12/site-packages/cartopy/mpl/style.py:76: UserWarning: facecolor will have no effect as it has been defined as "never".
  warnings.warn('facecolor will have no effect as it has been '
/home/pbigalke/miniconda3/envs/my_satpy_env/lib/python3.12/site-packages/cartopy/mpl/style.py:76: UserWarning: facecolor will have no effect as it has been defined as "never".
  warnings.warn('facecolor will have no effect as it has been '
/home/pbigalke/miniconda3/envs/my_satpy_env/lib/python3.12/site-packages/cartopy/mpl/style.py:76: UserWarning: facecolor will have no effect as it has been defined as "never".
  warnings.warn('facecolor will have no effect as it has been '
/home/pbigalke/Documents/Code/data-investigation/data-investigation/plot_MWCC_H.py:155: UserWarning: The following kwargs were not used by contour: 'projection'
  ax.tricontour(mwcc_lons, mwcc_lats, z, levels=levels, linewidths=0.5, colors='k', projection=projection, vmin=0, vmax=1)
/home/pbigalke/Documents/Code/data-investigation/data-investigation/plot_MWCC_H.py:156: UserWarning: The following kwargs were not used by contour: 'projection'
  ax.tricontourf(mwcc_lons, mwcc_lats, z, levels=levels, colors=colors, projection=projection, vmin=0, vmax=1)
/home/pbigalke/miniconda3/envs/my_satpy_env/lib/python3.12/site-packages/cartopy/mpl/style.py:76: UserWarning: facecolor will have no effect as it has been defined as "never".
  warnings.warn('facecolor will have no effect as it has been '
/home/pbigalke/miniconda3/envs/my_satpy_env/lib/python3.12/site-packages/cartopy/mpl/style.py:76: UserWarning: facecolor will have no effect as it has been defined as "never".
  warnings.warn('facecolor will have no effect as it has been '
/home/pbigalke/miniconda3/envs/my_satpy_env/lib/python3.12/site-packages/cartopy/mpl/style.py:76: UserWarning: facecolor will have no effect as it has been defined as "never".
  warnings.warn('facecolor will have no effect as it has been '
/home/pbigalke/miniconda3/envs/my_satpy_env/lib/python3.12/site-packages/cartopy/mpl/style.py:76: UserWarning: facecolor will have no effect as it has been defined as "never".
  warnings.warn('facecolor will have no effect as it has been '
/home/pbigalke/miniconda3/envs/my_satpy_env/lib/python3.12/site-packages/cartopy/mpl/style.py:76: UserWarning: facecolor will have no effect as it has been defined as "never".
  warnings.warn('facecolor will have no effect as it has been '
/home/pbigalke/miniconda3/envs/my_satpy_env/lib/python3.12/site-packages/cartopy/mpl/style.py:76: UserWarning: facecolor will have no effect as it has been defined as "never".
  warnings.warn('facecolor will have no effect as it has been '
/home/pbigalke/miniconda3/envs/my_satpy_env/lib/python3.12/site-packages/cartopy/mpl/style.py:76: UserWarning: facecolor will have no effect as it has been defined as "never".
  warnings.warn('facecolor will have no effect as it has been '
/home/pbigalke/miniconda3/envs/my_satpy_env/lib/python3.12/site-packages/cartopy/mpl/style.py:76: UserWarning: facecolor will have no effect as it has been defined as "never".
  warnings.warn('facecolor will have no effect as it has been '
/home/pbigalke/miniconda3/envs/my_satpy_env/lib/python3.12/site-packages/cartopy/mpl/style.py:76: UserWarning: facecolor will have no effect as it has been defined as "never".
  warnings.warn('facecolor will have no effect as it has been '
/home/pbigalke/miniconda3/envs/my_satpy_env/lib/python3.12/site-packages/cartopy/mpl/style.py:76: UserWarning: facecolor will have no effect as it has been defined as "never".
  warnings.warn('facecolor will have no effect as it has been '
/home/pbigalke/miniconda3/envs/my_satpy_env/lib/python3.12/site-packages/cartopy/mpl/style.py:76: UserWarning: facecolor will have no effect as it has been defined as "never".
  warnings.warn('facecolor will have no effect as it has been '
/home/pbigalke/miniconda3/envs/my_satpy_env/lib/python3.12/site-packages/cartopy/mpl/style.py:76: UserWarning: facecolor will have no effect as it has been defined as "never".
  warnings.warn('facecolor will have no effect as it has been '
/home/pbigalke/miniconda3/envs/my_satpy_env/lib/python3.12/site-packages/cartopy/mpl/style.py:76: UserWarning: facecolor will have no effect as it has been defined as "never".
  warnings.warn('facecolor will have no effect as it has been '
/home/pbigalke/miniconda3/envs/my_satpy_env/lib/python3.12/site-packages/cartopy/mpl/style.py:76: UserWarning: facecolor will have no effect as it has been defined as "never".
  warnings.warn('facecolor will have no effect as it has been '
/home/pbigalke/miniconda3/envs/my_satpy_env/lib/python3.12/site-packages/cartopy/mpl/style.py:76: UserWarning: facecolor will have no effect as it has been defined as "never".
  warnings.warn('facecolor will have no effect as it has been '
/home/pbigalke/miniconda3/envs/my_satpy_env/lib/python3.12/site-packages/cartopy/mpl/style.py:76: UserWarning: facecolor will have no effect as it has been defined as "never".
  warnings.warn('facecolor will have no effect as it has been '
/home/pbigalke/miniconda3/envs/my_satpy_env/lib/python3.12/site-packages/cartopy/mpl/style.py:76: UserWarning: facecolor will have no effect as it has been defined as "never".
  warnings.warn('facecolor will have no effect as it has been '
/home/pbigalke/miniconda3/envs/my_satpy_env/lib/python3.12/site-packages/cartopy/mpl/style.py:76: UserWarning: facecolor will have no effect as it has been defined as "never".
  warnings.warn('facecolor will have no effect as it has been '
/home/pbigalke/miniconda3/envs/my_satpy_env/lib/python3.12/site-packages/cartopy/mpl/style.py:76: UserWarning: facecolor will have no effect as it has been defined as "never".
  warnings.warn('facecolor will have no effect as it has been '
/home/pbigalke/miniconda3/envs/my_satpy_env/lib/python3.12/site-packages/cartopy/mpl/style.py:76: UserWarning: facecolor will have no effect as it has been defined as "never".
  warnings.warn('facecolor will have no effect as it has been '
/home/pbigalke/miniconda3/envs/my_satpy_env/lib/python3.12/site-packages/cartopy/mpl/style.py:76: UserWarning: facecolor will have no effect as it has been defined as "never".
  warnings.warn('facecolor will have no effect as it has been '
/home/pbigalke/miniconda3/envs/my_satpy_env/lib/python3.12/site-packages/cartopy/mpl/style.py:76: UserWarning: facecolor will have no effect as it has been defined as "never".
  warnings.warn('facecolor will have no effect as it has been '
/home/pbigalke/miniconda3/envs/my_satpy_env/lib/python3.12/site-packages/cartopy/mpl/style.py:76: UserWarning: facecolor will have no effect as it has been defined as "never".
  warnings.warn('facecolor will have no effect as it has been '
/home/pbigalke/miniconda3/envs/my_satpy_env/lib/python3.12/site-packages/cartopy/mpl/style.py:76: UserWarning: facecolor will have no effect as it has been defined as "never".
  warnings.warn('facecolor will have no effect as it has been '
/home/pbigalke/miniconda3/envs/my_satpy_env/lib/python3.12/site-packages/cartopy/mpl/style.py:76: UserWarning: facecolor will have no effect as it has been defined as "never".
  warnings.warn('facecolor will have no effect as it has been '
/home/pbigalke/miniconda3/envs/my_satpy_env/lib/python3.12/site-packages/cartopy/mpl/style.py:76: UserWarning: facecolor will have no effect as it has been defined as "never".
  warnings.warn('facecolor will have no effect as it has been '
/home/pbigalke/miniconda3/envs/my_satpy_env/lib/python3.12/site-packages/cartopy/mpl/style.py:76: UserWarning: facecolor will have no effect as it has been defined as "never".
  warnings.warn('facecolor will have no effect as it has been '
/home/pbigalke/miniconda3/envs/my_satpy_env/lib/python3.12/site-packages/cartopy/mpl/style.py:76: UserWarning: facecolor will have no effect as it has been defined as "never".
  warnings.warn('facecolor will have no effect as it has been '
/home/pbigalke/miniconda3/envs/my_satpy_env/lib/python3.12/site-packages/cartopy/mpl/style.py:76: UserWarning: facecolor will have no effect as it has been defined as "never".
  warnings.warn('facecolor will have no effect as it has been '
/home/pbigalke/miniconda3/envs/my_satpy_env/lib/python3.12/site-packages/cartopy/mpl/style.py:76: UserWarning: facecolor will have no effect as it has been defined as "never".
  warnings.warn('facecolor will have no effect as it has been '
/home/pbigalke/miniconda3/envs/my_satpy_env/lib/python3.12/site-packages/cartopy/mpl/style.py:76: UserWarning: facecolor will have no effect as it has been defined as "never".
  warnings.warn('facecolor will have no effect as it has been '
/home/pbigalke/miniconda3/envs/my_satpy_env/lib/python3.12/site-packages/cartopy/mpl/style.py:76: UserWarning: facecolor will have no effect as it has been defined as "never".
  warnings.warn('facecolor will have no effect as it has been '
/home/pbigalke/miniconda3/envs/my_satpy_env/lib/python3.12/site-packages/cartopy/mpl/style.py:76: UserWarning: facecolor will have no effect as it has been defined as "never".
  warnings.warn('facecolor will have no effect as it has been '
/home/pbigalke/miniconda3/envs/my_satpy_env/lib/python3.12/site-packages/cartopy/mpl/style.py:76: UserWarning: facecolor will have no effect as it has been defined as "never".
  warnings.warn('facecolor will have no effect as it has been '
/home/pbigalke/miniconda3/envs/my_satpy_env/lib/python3.12/site-packages/cartopy/mpl/style.py:76: UserWarning: facecolor will have no effect as it has been defined as "never".
  warnings.warn('facecolor will have no effect as it has been '
/home/pbigalke/miniconda3/envs/my_satpy_env/lib/python3.12/site-packages/cartopy/mpl/style.py:76: UserWarning: facecolor will have no effect as it has been defined as "never".
  warnings.warn('facecolor will have no effect as it has been '
/home/pbigalke/miniconda3/envs/my_satpy_env/lib/python3.12/site-packages/cartopy/mpl/style.py:76: UserWarning: facecolor will have no effect as it has been defined as "never".
  warnings.warn('facecolor will have no effect as it has been '
/home/pbigalke/miniconda3/envs/my_satpy_env/lib/python3.12/site-packages/cartopy/mpl/style.py:76: UserWarning: facecolor will have no effect as it has been defined as "never".
  warnings.warn('facecolor will have no effect as it has been '
/home/pbigalke/miniconda3/envs/my_satpy_env/lib/python3.12/site-packages/cartopy/mpl/style.py:76: UserWarning: facecolor will have no effect as it has been defined as "never".
  warnings.warn('facecolor will have no effect as it has been '
/home/pbigalke/miniconda3/envs/my_satpy_env/lib/python3.12/site-packages/cartopy/mpl/style.py:76: UserWarning: facecolor will have no effect as it has been defined as "never".
  warnings.warn('facecolor will have no effect as it has been '
/home/pbigalke/miniconda3/envs/my_satpy_env/lib/python3.12/site-packages/cartopy/mpl/style.py:76: UserWarning: facecolor will have no effect as it has been defined as "never".
  warnings.warn('facecolor will have no effect as it has been '
/home/pbigalke/miniconda3/envs/my_satpy_env/lib/python3.12/site-packages/cartopy/mpl/style.py:76: UserWarning: facecolor will have no effect as it has been defined as "never".
  warnings.warn('facecolor will have no effect as it has been '
/home/pbigalke/miniconda3/envs/my_satpy_env/lib/python3.12/site-packages/cartopy/mpl/style.py:76: UserWarning: facecolor will have no effect as it has been defined as "never".
  warnings.warn('facecolor will have no effect as it has been '
/home/pbigalke/miniconda3/envs/my_satpy_env/lib/python3.12/site-packages/cartopy/mpl/style.py:76: UserWarning: facecolor will have no effect as it has been defined as "never".
  warnings.warn('facecolor will have no effect as it has been '
/home/pbigalke/miniconda3/envs/my_satpy_env/lib/python3.12/site-packages/cartopy/mpl/style.py:76: UserWarning: facecolor will have no effect as it has been defined as "never".
  warnings.warn('facecolor will have no effect as it has been '
/home/pbigalke/miniconda3/envs/my_satpy_env/lib/python3.12/site-packages/cartopy/mpl/style.py:76: UserWarning: facecolor will have no effect as it has been defined as "never".
  warnings.warn('facecolor will have no effect as it has been '
/home/pbigalke/miniconda3/envs/my_satpy_env/lib/python3.12/site-packages/cartopy/mpl/style.py:76: UserWarning: facecolor will have no effect as it has been defined as "never".
  warnings.warn('facecolor will have no effect as it has been '
/home/pbigalke/miniconda3/envs/my_satpy_env/lib/python3.12/site-packages/cartopy/mpl/style.py:76: UserWarning: facecolor will have no effect as it has been defined as "never".
  warnings.warn('facecolor will have no effect as it has been '
/home/pbigalke/miniconda3/envs/my_satpy_env/lib/python3.12/site-packages/cartopy/mpl/style.py:76: UserWarning: facecolor will have no effect as it has been defined as "never".
  warnings.warn('facecolor will have no effect as it has been '
/home/pbigalke/miniconda3/envs/my_satpy_env/lib/python3.12/site-packages/cartopy/mpl/style.py:76: UserWarning: facecolor will have no effect as it has been defined as "never".
  warnings.warn('facecolor will have no effect as it has been '
/home/pbigalke/miniconda3/envs/my_satpy_env/lib/python3.12/site-packages/cartopy/mpl/style.py:76: UserWarning: facecolor will have no effect as it has been defined as "never".
  warnings.warn('facecolor will have no effect as it has been '
/home/pbigalke/miniconda3/envs/my_satpy_env/lib/python3.12/site-packages/cartopy/mpl/style.py:76: UserWarning: facecolor will have no effect as it has been defined as "never".
  warnings.warn('facecolor will have no effect as it has been '
/home/pbigalke/miniconda3/envs/my_satpy_env/lib/python3.12/site-packages/cartopy/mpl/style.py:76: UserWarning: facecolor will have no effect as it has been defined as "never".
  warnings.warn('facecolor will have no effect as it has been '
/home/pbigalke/miniconda3/envs/my_satpy_env/lib/python3.12/site-packages/cartopy/mpl/style.py:76: UserWarning: facecolor will have no effect as it has been defined as "never".
  warnings.warn('facecolor will have no effect as it has been '
/home/pbigalke/miniconda3/envs/my_satpy_env/lib/python3.12/site-packages/cartopy/mpl/style.py:76: UserWarning: facecolor will have no effect as it has been defined as "never".
  warnings.warn('facecolor will have no effect as it has been '
/home/pbigalke/miniconda3/envs/my_satpy_env/lib/python3.12/site-packages/cartopy/mpl/style.py:76: UserWarning: facecolor will have no effect as it has been defined as "never".
  warnings.warn('facecolor will have no effect as it has been '
/home/pbigalke/miniconda3/envs/my_satpy_env/lib/python3.12/site-packages/cartopy/mpl/style.py:76: UserWarning: facecolor will have no effect as it has been defined as "never".
  warnings.warn('facecolor will have no effect as it has been '
/home/pbigalke/Documents/Code/data-investigation/data-investigation/plot_MWCC_H.py:155: UserWarning: The following kwargs were not used by contour: 'projection'
  ax.tricontour(mwcc_lons, mwcc_lats, z, levels=levels, linewidths=0.5, colors='k', projection=projection, vmin=0, vmax=1)
/home/pbigalke/Documents/Code/data-investigation/data-investigation/plot_MWCC_H.py:156: UserWarning: The following kwargs were not used by contour: 'projection'
  ax.tricontourf(mwcc_lons, mwcc_lats, z, levels=levels, colors=colors, projection=projection, vmin=0, vmax=1)
/home/pbigalke/miniconda3/envs/my_satpy_env/lib/python3.12/site-packages/cartopy/mpl/style.py:76: UserWarning: facecolor will have no effect as it has been defined as "never".
  warnings.warn('facecolor will have no effect as it has been '
/home/pbigalke/miniconda3/envs/my_satpy_env/lib/python3.12/site-packages/cartopy/mpl/style.py:76: UserWarning: facecolor will have no effect as it has been defined as "never".
  warnings.warn('facecolor will have no effect as it has been '
/home/pbigalke/miniconda3/envs/my_satpy_env/lib/python3.12/site-packages/cartopy/mpl/style.py:76: UserWarning: facecolor will have no effect as it has been defined as "never".
  warnings.warn('facecolor will have no effect as it has been '
/home/pbigalke/Documents/Code/data-investigation/data-investigation/plot_MWCC_H.py:155: UserWarning: The following kwargs were not used by contour: 'projection'
  ax.tricontour(mwcc_lons, mwcc_lats, z, levels=levels, linewidths=0.5, colors='k', projection=projection, vmin=0, vmax=1)
/home/pbigalke/Documents/Code/data-investigation/data-investigation/plot_MWCC_H.py:156: UserWarning: The following kwargs were not used by contour: 'projection'
  ax.tricontourf(mwcc_lons, mwcc_lats, z, levels=levels, colors=colors, projection=projection, vmin=0, vmax=1)
/home/pbigalke/miniconda3/envs/my_satpy_env/lib/python3.12/site-packages/cartopy/mpl/style.py:76: UserWarning: facecolor will have no effect as it has been defined as "never".
  warnings.warn('facecolor will have no effect as it has been '
/home/pbigalke/miniconda3/envs/my_satpy_env/lib/python3.12/site-packages/cartopy/mpl/style.py:76: UserWarning: facecolor will have no effect as it has been defined as "never".
  warnings.warn('facecolor will have no effect as it has been '
/home/pbigalke/miniconda3/envs/my_satpy_env/lib/python3.12/site-packages/cartopy/mpl/style.py:76: UserWarning: facecolor will have no effect as it has been defined as "never".
  warnings.warn('facecolor will have no effect as it has been '
/home/pbigalke/miniconda3/envs/my_satpy_env/lib/python3.12/site-packages/cartopy/mpl/style.py:76: UserWarning: facecolor will have no effect as it has been defined as "never".
  warnings.warn('facecolor will have no effect as it has been '
/home/pbigalke/miniconda3/envs/my_satpy_env/lib/python3.12/site-packages/cartopy/mpl/style.py:76: UserWarning: facecolor will have no effect as it has been defined as "never".
  warnings.warn('facecolor will have no effect as it has been '
/home/pbigalke/miniconda3/envs/my_satpy_env/lib/python3.12/site-packages/cartopy/mpl/style.py:76: UserWarning: facecolor will have no effect as it has been defined as "never".
  warnings.warn('facecolor will have no effect as it has been '
/home/pbigalke/miniconda3/envs/my_satpy_env/lib/python3.12/site-packages/cartopy/mpl/style.py:76: UserWarning: facecolor will have no effect as it has been defined as "never".
  warnings.warn('facecolor will have no effect as it has been '
/home/pbigalke/miniconda3/envs/my_satpy_env/lib/python3.12/site-packages/cartopy/mpl/style.py:76: UserWarning: facecolor will have no effect as it has been defined as "never".
  warnings.warn('facecolor will have no effect as it has been '
/home/pbigalke/miniconda3/envs/my_satpy_env/lib/python3.12/site-packages/cartopy/mpl/style.py:76: UserWarning: facecolor will have no effect as it has been defined as "never".
  warnings.warn('facecolor will have no effect as it has been '
/home/pbigalke/miniconda3/envs/my_satpy_env/lib/python3.12/site-packages/cartopy/mpl/style.py:76: UserWarning: facecolor will have no effect as it has been defined as "never".
  warnings.warn('facecolor will have no effect as it has been '
/home/pbigalke/miniconda3/envs/my_satpy_env/lib/python3.12/site-packages/cartopy/mpl/style.py:76: UserWarning: facecolor will have no effect as it has been defined as "never".
  warnings.warn('facecolor will have no effect as it has been '
/home/pbigalke/miniconda3/envs/my_satpy_env/lib/python3.12/site-packages/cartopy/mpl/style.py:76: UserWarning: facecolor will have no effect as it has been defined as "never".
  warnings.warn('facecolor will have no effect as it has been '
/home/pbigalke/miniconda3/envs/my_satpy_env/lib/python3.12/site-packages/cartopy/mpl/style.py:76: UserWarning: facecolor will have no effect as it has been defined as "never".
  warnings.warn('facecolor will have no effect as it has been '
/home/pbigalke/miniconda3/envs/my_satpy_env/lib/python3.12/site-packages/cartopy/mpl/style.py:76: UserWarning: facecolor will have no effect as it has been defined as "never".
  warnings.warn('facecolor will have no effect as it has been '
/home/pbigalke/miniconda3/envs/my_satpy_env/lib/python3.12/site-packages/cartopy/mpl/style.py:76: UserWarning: facecolor will have no effect as it has been defined as "never".
  warnings.warn('facecolor will have no effect as it has been '
/home/pbigalke/miniconda3/envs/my_satpy_env/lib/python3.12/site-packages/cartopy/mpl/style.py:76: UserWarning: facecolor will have no effect as it has been defined as "never".
  warnings.warn('facecolor will have no effect as it has been '
/home/pbigalke/miniconda3/envs/my_satpy_env/lib/python3.12/site-packages/cartopy/mpl/style.py:76: UserWarning: facecolor will have no effect as it has been defined as "never".
  warnings.warn('facecolor will have no effect as it has been '
/home/pbigalke/miniconda3/envs/my_satpy_env/lib/python3.12/site-packages/cartopy/mpl/style.py:76: UserWarning: facecolor will have no effect as it has been defined as "never".
  warnings.warn('facecolor will have no effect as it has been '
/home/pbigalke/miniconda3/envs/my_satpy_env/lib/python3.12/site-packages/cartopy/mpl/style.py:76: UserWarning: facecolor will have no effect as it has been defined as "never".
  warnings.warn('facecolor will have no effect as it has been '
/home/pbigalke/miniconda3/envs/my_satpy_env/lib/python3.12/site-packages/cartopy/mpl/style.py:76: UserWarning: facecolor will have no effect as it has been defined as "never".
  warnings.warn('facecolor will have no effect as it has been '
/home/pbigalke/miniconda3/envs/my_satpy_env/lib/python3.12/site-packages/cartopy/mpl/style.py:76: UserWarning: facecolor will have no effect as it has been defined as "never".
  warnings.warn('facecolor will have no effect as it has been '
/home/pbigalke/miniconda3/envs/my_satpy_env/lib/python3.12/site-packages/cartopy/mpl/style.py:76: UserWarning: facecolor will have no effect as it has been defined as "never".
  warnings.warn('facecolor will have no effect as it has been '
/home/pbigalke/miniconda3/envs/my_satpy_env/lib/python3.12/site-packages/cartopy/mpl/style.py:76: UserWarning: facecolor will have no effect as it has been defined as "never".
  warnings.warn('facecolor will have no effect as it has been '
/home/pbigalke/miniconda3/envs/my_satpy_env/lib/python3.12/site-packages/cartopy/mpl/style.py:76: UserWarning: facecolor will have no effect as it has been defined as "never".
  warnings.warn('facecolor will have no effect as it has been '
/home/pbigalke/miniconda3/envs/my_satpy_env/lib/python3.12/site-packages/cartopy/mpl/style.py:76: UserWarning: facecolor will have no effect as it has been defined as "never".
  warnings.warn('facecolor will have no effect as it has been '
/home/pbigalke/miniconda3/envs/my_satpy_env/lib/python3.12/site-packages/cartopy/mpl/style.py:76: UserWarning: facecolor will have no effect as it has been defined as "never".
  warnings.warn('facecolor will have no effect as it has been '
/home/pbigalke/miniconda3/envs/my_satpy_env/lib/python3.12/site-packages/cartopy/mpl/style.py:76: UserWarning: facecolor will have no effect as it has been defined as "never".
  warnings.warn('facecolor will have no effect as it has been '
/home/pbigalke/miniconda3/envs/my_satpy_env/lib/python3.12/site-packages/cartopy/mpl/style.py:76: UserWarning: facecolor will have no effect as it has been defined as "never".
  warnings.warn('facecolor will have no effect as it has been '
/home/pbigalke/miniconda3/envs/my_satpy_env/lib/python3.12/site-packages/cartopy/mpl/style.py:76: UserWarning: facecolor will have no effect as it has been defined as "never".
  warnings.warn('facecolor will have no effect as it has been '
/home/pbigalke/miniconda3/envs/my_satpy_env/lib/python3.12/site-packages/cartopy/mpl/style.py:76: UserWarning: facecolor will have no effect as it has been defined as "never".
  warnings.warn('facecolor will have no effect as it has been '
/home/pbigalke/Documents/Code/data-investigation/data-investigation/plot_MWCC_H.py:155: UserWarning: The following kwargs were not used by contour: 'projection'
  ax.tricontour(mwcc_lons, mwcc_lats, z, levels=levels, linewidths=0.5, colors='k', projection=projection, vmin=0, vmax=1)
/home/pbigalke/Documents/Code/data-investigation/data-investigation/plot_MWCC_H.py:156: UserWarning: The following kwargs were not used by contour: 'projection'
  ax.tricontourf(mwcc_lons, mwcc_lats, z, levels=levels, colors=colors, projection=projection, vmin=0, vmax=1)
/home/pbigalke/miniconda3/envs/my_satpy_env/lib/python3.12/site-packages/cartopy/mpl/style.py:76: UserWarning: facecolor will have no effect as it has been defined as "never".
  warnings.warn('facecolor will have no effect as it has been '
/home/pbigalke/miniconda3/envs/my_satpy_env/lib/python3.12/site-packages/cartopy/mpl/style.py:76: UserWarning: facecolor will have no effect as it has been defined as "never".
  warnings.warn('facecolor will have no effect as it has been '
/home/pbigalke/miniconda3/envs/my_satpy_env/lib/python3.12/site-packages/cartopy/mpl/style.py:76: UserWarning: facecolor will have no effect as it has been defined as "never".
  warnings.warn('facecolor will have no effect as it has been '
/home/pbigalke/miniconda3/envs/my_satpy_env/lib/python3.12/site-packages/cartopy/mpl/style.py:76: UserWarning: facecolor will have no effect as it has been defined as "never".
  warnings.warn('facecolor will have no effect as it has been '
/home/pbigalke/miniconda3/envs/my_satpy_env/lib/python3.12/site-packages/cartopy/mpl/style.py:76: UserWarning: facecolor will have no effect as it has been defined as "never".
  warnings.warn('facecolor will have no effect as it has been '
/home/pbigalke/miniconda3/envs/my_satpy_env/lib/python3.12/site-packages/cartopy/mpl/style.py:76: UserWarning: facecolor will have no effect as it has been defined as "never".
  warnings.warn('facecolor will have no effect as it has been '
/home/pbigalke/miniconda3/envs/my_satpy_env/lib/python3.12/site-packages/cartopy/mpl/style.py:76: UserWarning: facecolor will have no effect as it has been defined as "never".
  warnings.warn('facecolor will have no effect as it has been '
/home/pbigalke/miniconda3/envs/my_satpy_env/lib/python3.12/site-packages/cartopy/mpl/style.py:76: UserWarning: facecolor will have no effect as it has been defined as "never".
  warnings.warn('facecolor will have no effect as it has been '
/home/pbigalke/miniconda3/envs/my_satpy_env/lib/python3.12/site-packages/cartopy/mpl/style.py:76: UserWarning: facecolor will have no effect as it has been defined as "never".
  warnings.warn('facecolor will have no effect as it has been '
/home/pbigalke/miniconda3/envs/my_satpy_env/lib/python3.12/site-packages/cartopy/mpl/style.py:76: UserWarning: facecolor will have no effect as it has been defined as "never".
  warnings.warn('facecolor will have no effect as it has been '
/home/pbigalke/miniconda3/envs/my_satpy_env/lib/python3.12/site-packages/cartopy/mpl/style.py:76: UserWarning: facecolor will have no effect as it has been defined as "never".
  warnings.warn('facecolor will have no effect as it has been '
/home/pbigalke/miniconda3/envs/my_satpy_env/lib/python3.12/site-packages/cartopy/mpl/style.py:76: UserWarning: facecolor will have no effect as it has been defined as "never".
  warnings.warn('facecolor will have no effect as it has been '
/home/pbigalke/miniconda3/envs/my_satpy_env/lib/python3.12/site-packages/cartopy/mpl/style.py:76: UserWarning: facecolor will have no effect as it has been defined as "never".
  warnings.warn('facecolor will have no effect as it has been '
/home/pbigalke/miniconda3/envs/my_satpy_env/lib/python3.12/site-packages/cartopy/mpl/style.py:76: UserWarning: facecolor will have no effect as it has been defined as "never".
  warnings.warn('facecolor will have no effect as it has been '
/home/pbigalke/miniconda3/envs/my_satpy_env/lib/python3.12/site-packages/cartopy/mpl/style.py:76: UserWarning: facecolor will have no effect as it has been defined as "never".
  warnings.warn('facecolor will have no effect as it has been '
/home/pbigalke/miniconda3/envs/my_satpy_env/lib/python3.12/site-packages/cartopy/mpl/style.py:76: UserWarning: facecolor will have no effect as it has been defined as "never".
  warnings.warn('facecolor will have no effect as it has been '
/home/pbigalke/miniconda3/envs/my_satpy_env/lib/python3.12/site-packages/cartopy/mpl/style.py:76: UserWarning: facecolor will have no effect as it has been defined as "never".
  warnings.warn('facecolor will have no effect as it has been '
/home/pbigalke/miniconda3/envs/my_satpy_env/lib/python3.12/site-packages/cartopy/mpl/style.py:76: UserWarning: facecolor will have no effect as it has been defined as "never".
  warnings.warn('facecolor will have no effect as it has been '
/home/pbigalke/miniconda3/envs/my_satpy_env/lib/python3.12/site-packages/cartopy/mpl/style.py:76: UserWarning: facecolor will have no effect as it has been defined as "never".
  warnings.warn('facecolor will have no effect as it has been '
/home/pbigalke/miniconda3/envs/my_satpy_env/lib/python3.12/site-packages/cartopy/mpl/style.py:76: UserWarning: facecolor will have no effect as it has been defined as "never".
  warnings.warn('facecolor will have no effect as it has been '
/home/pbigalke/miniconda3/envs/my_satpy_env/lib/python3.12/site-packages/cartopy/mpl/style.py:76: UserWarning: facecolor will have no effect as it has been defined as "never".
  warnings.warn('facecolor will have no effect as it has been '
/home/pbigalke/miniconda3/envs/my_satpy_env/lib/python3.12/site-packages/cartopy/mpl/style.py:76: UserWarning: facecolor will have no effect as it has been defined as "never".
  warnings.warn('facecolor will have no effect as it has been '
/home/pbigalke/miniconda3/envs/my_satpy_env/lib/python3.12/site-packages/cartopy/mpl/style.py:76: UserWarning: facecolor will have no effect as it has been defined as "never".
  warnings.warn('facecolor will have no effect as it has been '
/home/pbigalke/miniconda3/envs/my_satpy_env/lib/python3.12/site-packages/cartopy/mpl/style.py:76: UserWarning: facecolor will have no effect as it has been defined as "never".
  warnings.warn('facecolor will have no effect as it has been '
/home/pbigalke/miniconda3/envs/my_satpy_env/lib/python3.12/site-packages/cartopy/mpl/style.py:76: UserWarning: facecolor will have no effect as it has been defined as "never".
  warnings.warn('facecolor will have no effect as it has been '
/home/pbigalke/miniconda3/envs/my_satpy_env/lib/python3.12/site-packages/cartopy/mpl/style.py:76: UserWarning: facecolor will have no effect as it has been defined as "never".
  warnings.warn('facecolor will have no effect as it has been '
/home/pbigalke/miniconda3/envs/my_satpy_env/lib/python3.12/site-packages/cartopy/mpl/style.py:76: UserWarning: facecolor will have no effect as it has been defined as "never".
  warnings.warn('facecolor will have no effect as it has been '
/home/pbigalke/miniconda3/envs/my_satpy_env/lib/python3.12/site-packages/cartopy/mpl/style.py:76: UserWarning: facecolor will have no effect as it has been defined as "never".
  warnings.warn('facecolor will have no effect as it has been '
/home/pbigalke/miniconda3/envs/my_satpy_env/lib/python3.12/site-packages/cartopy/mpl/style.py:76: UserWarning: facecolor will have no effect as it has been defined as "never".
  warnings.warn('facecolor will have no effect as it has been '
/home/pbigalke/miniconda3/envs/my_satpy_env/lib/python3.12/site-packages/cartopy/mpl/style.py:76: UserWarning: facecolor will have no effect as it has been defined as "never".
  warnings.warn('facecolor will have no effect as it has been '
/home/pbigalke/miniconda3/envs/my_satpy_env/lib/python3.12/site-packages/cartopy/mpl/style.py:76: UserWarning: facecolor will have no effect as it has been defined as "never".
  warnings.warn('facecolor will have no effect as it has been '
/home/pbigalke/miniconda3/envs/my_satpy_env/lib/python3.12/site-packages/cartopy/mpl/style.py:76: UserWarning: facecolor will have no effect as it has been defined as "never".
  warnings.warn('facecolor will have no effect as it has been '
/home/pbigalke/miniconda3/envs/my_satpy_env/lib/python3.12/site-packages/cartopy/mpl/style.py:76: UserWarning: facecolor will have no effect as it has been defined as "never".
  warnings.warn('facecolor will have no effect as it has been '
/home/pbigalke/miniconda3/envs/my_satpy_env/lib/python3.12/site-packages/cartopy/mpl/style.py:76: UserWarning: facecolor will have no effect as it has been defined as "never".
  warnings.warn('facecolor will have no effect as it has been '
/home/pbigalke/miniconda3/envs/my_satpy_env/lib/python3.12/site-packages/cartopy/mpl/style.py:76: UserWarning: facecolor will have no effect as it has been defined as "never".
  warnings.warn('facecolor will have no effect as it has been '
/home/pbigalke/miniconda3/envs/my_satpy_env/lib/python3.12/site-packages/cartopy/mpl/style.py:76: UserWarning: facecolor will have no effect as it has been defined as "never".
  warnings.warn('facecolor will have no effect as it has been '
/home/pbigalke/miniconda3/envs/my_satpy_env/lib/python3.12/site-packages/cartopy/mpl/style.py:76: UserWarning: facecolor will have no effect as it has been defined as "never".
  warnings.warn('facecolor will have no effect as it has been '
/home/pbigalke/miniconda3/envs/my_satpy_env/lib/python3.12/site-packages/cartopy/mpl/style.py:76: UserWarning: facecolor will have no effect as it has been defined as "never".
  warnings.warn('facecolor will have no effect as it has been '
/home/pbigalke/miniconda3/envs/my_satpy_env/lib/python3.12/site-packages/cartopy/mpl/style.py:76: UserWarning: facecolor will have no effect as it has been defined as "never".
  warnings.warn('facecolor will have no effect as it has been '
/home/pbigalke/miniconda3/envs/my_satpy_env/lib/python3.12/site-packages/cartopy/mpl/style.py:76: UserWarning: facecolor will have no effect as it has been defined as "never".
  warnings.warn('facecolor will have no effect as it has been '
/home/pbigalke/miniconda3/envs/my_satpy_env/lib/python3.12/site-packages/cartopy/mpl/style.py:76: UserWarning: facecolor will have no effect as it has been defined as "never".
  warnings.warn('facecolor will have no effect as it has been '
/home/pbigalke/miniconda3/envs/my_satpy_env/lib/python3.12/site-packages/cartopy/mpl/style.py:76: UserWarning: facecolor will have no effect as it has been defined as "never".
  warnings.warn('facecolor will have no effect as it has been '
/home/pbigalke/miniconda3/envs/my_satpy_env/lib/python3.12/site-packages/cartopy/mpl/style.py:76: UserWarning: facecolor will have no effect as it has been defined as "never".
  warnings.warn('facecolor will have no effect as it has been '
/home/pbigalke/miniconda3/envs/my_satpy_env/lib/python3.12/site-packages/cartopy/mpl/style.py:76: UserWarning: facecolor will have no effect as it has been defined as "never".
  warnings.warn('facecolor will have no effect as it has been '
/home/pbigalke/miniconda3/envs/my_satpy_env/lib/python3.12/site-packages/cartopy/mpl/style.py:76: UserWarning: facecolor will have no effect as it has been defined as "never".
  warnings.warn('facecolor will have no effect as it has been '
/home/pbigalke/miniconda3/envs/my_satpy_env/lib/python3.12/site-packages/cartopy/mpl/style.py:76: UserWarning: facecolor will have no effect as it has been defined as "never".
  warnings.warn('facecolor will have no effect as it has been '
/home/pbigalke/miniconda3/envs/my_satpy_env/lib/python3.12/site-packages/cartopy/mpl/style.py:76: UserWarning: facecolor will have no effect as it has been defined as "never".
  warnings.warn('facecolor will have no effect as it has been '
/home/pbigalke/miniconda3/envs/my_satpy_env/lib/python3.12/site-packages/cartopy/mpl/style.py:76: UserWarning: facecolor will have no effect as it has been defined as "never".
  warnings.warn('facecolor will have no effect as it has been '
/home/pbigalke/miniconda3/envs/my_satpy_env/lib/python3.12/site-packages/cartopy/mpl/style.py:76: UserWarning: facecolor will have no effect as it has been defined as "never".
  warnings.warn('facecolor will have no effect as it has been '
/home/pbigalke/miniconda3/envs/my_satpy_env/lib/python3.12/site-packages/cartopy/mpl/style.py:76: UserWarning: facecolor will have no effect as it has been defined as "never".
  warnings.warn('facecolor will have no effect as it has been '
/home/pbigalke/miniconda3/envs/my_satpy_env/lib/python3.12/site-packages/cartopy/mpl/style.py:76: UserWarning: facecolor will have no effect as it has been defined as "never".
  warnings.warn('facecolor will have no effect as it has been '
/home/pbigalke/miniconda3/envs/my_satpy_env/lib/python3.12/site-packages/cartopy/mpl/style.py:76: UserWarning: facecolor will have no effect as it has been defined as "never".
  warnings.warn('facecolor will have no effect as it has been '
/home/pbigalke/miniconda3/envs/my_satpy_env/lib/python3.12/site-packages/cartopy/mpl/style.py:76: UserWarning: facecolor will have no effect as it has been defined as "never".
  warnings.warn('facecolor will have no effect as it has been '
/home/pbigalke/miniconda3/envs/my_satpy_env/lib/python3.12/site-packages/cartopy/mpl/style.py:76: UserWarning: facecolor will have no effect as it has been defined as "never".
  warnings.warn('facecolor will have no effect as it has been '
/home/pbigalke/miniconda3/envs/my_satpy_env/lib/python3.12/site-packages/cartopy/mpl/style.py:76: UserWarning: facecolor will have no effect as it has been defined as "never".
  warnings.warn('facecolor will have no effect as it has been '
/home/pbigalke/miniconda3/envs/my_satpy_env/lib/python3.12/site-packages/cartopy/mpl/style.py:76: UserWarning: facecolor will have no effect as it has been defined as "never".
  warnings.warn('facecolor will have no effect as it has been '
/home/pbigalke/miniconda3/envs/my_satpy_env/lib/python3.12/site-packages/cartopy/mpl/style.py:76: UserWarning: facecolor will have no effect as it has been defined as "never".
  warnings.warn('facecolor will have no effect as it has been '
/home/pbigalke/miniconda3/envs/my_satpy_env/lib/python3.12/site-packages/cartopy/mpl/style.py:76: UserWarning: facecolor will have no effect as it has been defined as "never".
  warnings.warn('facecolor will have no effect as it has been '
/home/pbigalke/miniconda3/envs/my_satpy_env/lib/python3.12/site-packages/cartopy/mpl/style.py:76: UserWarning: facecolor will have no effect as it has been defined as "never".
  warnings.warn('facecolor will have no effect as it has been '
/home/pbigalke/miniconda3/envs/my_satpy_env/lib/python3.12/site-packages/cartopy/mpl/style.py:76: UserWarning: facecolor will have no effect as it has been defined as "never".
  warnings.warn('facecolor will have no effect as it has been '
/home/pbigalke/miniconda3/envs/my_satpy_env/lib/python3.12/site-packages/cartopy/mpl/style.py:76: UserWarning: facecolor will have no effect as it has been defined as "never".
  warnings.warn('facecolor will have no effect as it has been '
/home/pbigalke/miniconda3/envs/my_satpy_env/lib/python3.12/site-packages/cartopy/mpl/style.py:76: UserWarning: facecolor will have no effect as it has been defined as "never".
  warnings.warn('facecolor will have no effect as it has been '
/home/pbigalke/miniconda3/envs/my_satpy_env/lib/python3.12/site-packages/cartopy/mpl/style.py:76: UserWarning: facecolor will have no effect as it has been defined as "never".
  warnings.warn('facecolor will have no effect as it has been '
/home/pbigalke/miniconda3/envs/my_satpy_env/lib/python3.12/site-packages/cartopy/mpl/style.py:76: UserWarning: facecolor will have no effect as it has been defined as "never".
  warnings.warn('facecolor will have no effect as it has been '
/home/pbigalke/miniconda3/envs/my_satpy_env/lib/python3.12/site-packages/cartopy/mpl/style.py:76: UserWarning: facecolor will have no effect as it has been defined as "never".
  warnings.warn('facecolor will have no effect as it has been '
/home/pbigalke/miniconda3/envs/my_satpy_env/lib/python3.12/site-packages/cartopy/mpl/style.py:76: UserWarning: facecolor will have no effect as it has been defined as "never".
  warnings.warn('facecolor will have no effect as it has been '
/home/pbigalke/miniconda3/envs/my_satpy_env/lib/python3.12/site-packages/cartopy/mpl/style.py:76: UserWarning: facecolor will have no effect as it has been defined as "never".
  warnings.warn('facecolor will have no effect as it has been '
/home/pbigalke/miniconda3/envs/my_satpy_env/lib/python3.12/site-packages/cartopy/mpl/style.py:76: UserWarning: facecolor will have no effect as it has been defined as "never".
  warnings.warn('facecolor will have no effect as it has been '
/home/pbigalke/miniconda3/envs/my_satpy_env/lib/python3.12/site-packages/cartopy/mpl/style.py:76: UserWarning: facecolor will have no effect as it has been defined as "never".
  warnings.warn('facecolor will have no effect as it has been '
/home/pbigalke/miniconda3/envs/my_satpy_env/lib/python3.12/site-packages/cartopy/mpl/style.py:76: UserWarning: facecolor will have no effect as it has been defined as "never".
  warnings.warn('facecolor will have no effect as it has been '
/home/pbigalke/miniconda3/envs/my_satpy_env/lib/python3.12/site-packages/cartopy/mpl/style.py:76: UserWarning: facecolor will have no effect as it has been defined as "never".
  warnings.warn('facecolor will have no effect as it has been '
/home/pbigalke/miniconda3/envs/my_satpy_env/lib/python3.12/site-packages/cartopy/mpl/style.py:76: UserWarning: facecolor will have no effect as it has been defined as "never".
  warnings.warn('facecolor will have no effect as it has been '
/home/pbigalke/miniconda3/envs/my_satpy_env/lib/python3.12/site-packages/cartopy/mpl/style.py:76: UserWarning: facecolor will have no effect as it has been defined as "never".
  warnings.warn('facecolor will have no effect as it has been '
/home/pbigalke/miniconda3/envs/my_satpy_env/lib/python3.12/site-packages/cartopy/mpl/style.py:76: UserWarning: facecolor will have no effect as it has been defined as "never".
  warnings.warn('facecolor will have no effect as it has been '
/home/pbigalke/miniconda3/envs/my_satpy_env/lib/python3.12/site-packages/cartopy/mpl/style.py:76: UserWarning: facecolor will have no effect as it has been defined as "never".
  warnings.warn('facecolor will have no effect as it has been '
/home/pbigalke/miniconda3/envs/my_satpy_env/lib/python3.12/site-packages/cartopy/mpl/style.py:76: UserWarning: facecolor will have no effect as it has been defined as "never".
  warnings.warn('facecolor will have no effect as it has been '
/home/pbigalke/miniconda3/envs/my_satpy_env/lib/python3.12/site-packages/cartopy/mpl/style.py:76: UserWarning: facecolor will have no effect as it has been defined as "never".
  warnings.warn('facecolor will have no effect as it has been '
/home/pbigalke/miniconda3/envs/my_satpy_env/lib/python3.12/site-packages/cartopy/mpl/style.py:76: UserWarning: facecolor will have no effect as it has been defined as "never".
  warnings.warn('facecolor will have no effect as it has been '
/home/pbigalke/miniconda3/envs/my_satpy_env/lib/python3.12/site-packages/cartopy/mpl/style.py:76: UserWarning: facecolor will have no effect as it has been defined as "never".
  warnings.warn('facecolor will have no effect as it has been '
/home/pbigalke/miniconda3/envs/my_satpy_env/lib/python3.12/site-packages/cartopy/mpl/style.py:76: UserWarning: facecolor will have no effect as it has been defined as "never".
  warnings.warn('facecolor will have no effect as it has been '
/home/pbigalke/miniconda3/envs/my_satpy_env/lib/python3.12/site-packages/cartopy/mpl/style.py:76: UserWarning: facecolor will have no effect as it has been defined as "never".
  warnings.warn('facecolor will have no effect as it has been '
/home/pbigalke/miniconda3/envs/my_satpy_env/lib/python3.12/site-packages/cartopy/mpl/style.py:76: UserWarning: facecolor will have no effect as it has been defined as "never".
  warnings.warn('facecolor will have no effect as it has been '
/home/pbigalke/miniconda3/envs/my_satpy_env/lib/python3.12/site-packages/cartopy/mpl/style.py:76: UserWarning: facecolor will have no effect as it has been defined as "never".
  warnings.warn('facecolor will have no effect as it has been '
/home/pbigalke/miniconda3/envs/my_satpy_env/lib/python3.12/site-packages/cartopy/mpl/style.py:76: UserWarning: facecolor will have no effect as it has been defined as "never".
  warnings.warn('facecolor will have no effect as it has been '
/home/pbigalke/Documents/Code/data-investigation/data-investigation/plot_MWCC_H.py:155: UserWarning: The following kwargs were not used by contour: 'projection'
  ax.tricontour(mwcc_lons, mwcc_lats, z, levels=levels, linewidths=0.5, colors='k', projection=projection, vmin=0, vmax=1)
/home/pbigalke/Documents/Code/data-investigation/data-investigation/plot_MWCC_H.py:156: UserWarning: The following kwargs were not used by contour: 'projection'
  ax.tricontourf(mwcc_lons, mwcc_lats, z, levels=levels, colors=colors, projection=projection, vmin=0, vmax=1)
/home/pbigalke/miniconda3/envs/my_satpy_env/lib/python3.12/site-packages/cartopy/mpl/style.py:76: UserWarning: facecolor will have no effect as it has been defined as "never".
  warnings.warn('facecolor will have no effect as it has been '
/home/pbigalke/miniconda3/envs/my_satpy_env/lib/python3.12/site-packages/cartopy/mpl/style.py:76: UserWarning: facecolor will have no effect as it has been defined as "never".
  warnings.warn('facecolor will have no effect as it has been '
/home/pbigalke/miniconda3/envs/my_satpy_env/lib/python3.12/site-packages/cartopy/mpl/style.py:76: UserWarning: facecolor will have no effect as it has been defined as "never".
  warnings.warn('facecolor will have no effect as it has been '
/home/pbigalke/miniconda3/envs/my_satpy_env/lib/python3.12/site-packages/cartopy/mpl/style.py:76: UserWarning: facecolor will have no effect as it has been defined as "never".
  warnings.warn('facecolor will have no effect as it has been '
/home/pbigalke/miniconda3/envs/my_satpy_env/lib/python3.12/site-packages/cartopy/mpl/style.py:76: UserWarning: facecolor will have no effect as it has been defined as "never".
  warnings.warn('facecolor will have no effect as it has been '
/home/pbigalke/miniconda3/envs/my_satpy_env/lib/python3.12/site-packages/cartopy/mpl/style.py:76: UserWarning: facecolor will have no effect as it has been defined as "never".
  warnings.warn('facecolor will have no effect as it has been '
/home/pbigalke/miniconda3/envs/my_satpy_env/lib/python3.12/site-packages/cartopy/mpl/style.py:76: UserWarning: facecolor will have no effect as it has been defined as "never".
  warnings.warn('facecolor will have no effect as it has been '
/home/pbigalke/miniconda3/envs/my_satpy_env/lib/python3.12/site-packages/cartopy/mpl/style.py:76: UserWarning: facecolor will have no effect as it has been defined as "never".
  warnings.warn('facecolor will have no effect as it has been '
/home/pbigalke/miniconda3/envs/my_satpy_env/lib/python3.12/site-packages/cartopy/mpl/style.py:76: UserWarning: facecolor will have no effect as it has been defined as "never".
  warnings.warn('facecolor will have no effect as it has been '
/home/pbigalke/miniconda3/envs/my_satpy_env/lib/python3.12/site-packages/cartopy/mpl/style.py:76: UserWarning: facecolor will have no effect as it has been defined as "never".
  warnings.warn('facecolor will have no effect as it has been '
/home/pbigalke/miniconda3/envs/my_satpy_env/lib/python3.12/site-packages/cartopy/mpl/style.py:76: UserWarning: facecolor will have no effect as it has been defined as "never".
  warnings.warn('facecolor will have no effect as it has been '
/home/pbigalke/miniconda3/envs/my_satpy_env/lib/python3.12/site-packages/cartopy/mpl/style.py:76: UserWarning: facecolor will have no effect as it has been defined as "never".
  warnings.warn('facecolor will have no effect as it has been '
/home/pbigalke/miniconda3/envs/my_satpy_env/lib/python3.12/site-packages/cartopy/mpl/style.py:76: UserWarning: facecolor will have no effect as it has been defined as "never".
  warnings.warn('facecolor will have no effect as it has been '
/home/pbigalke/miniconda3/envs/my_satpy_env/lib/python3.12/site-packages/cartopy/mpl/style.py:76: UserWarning: facecolor will have no effect as it has been defined as "never".
  warnings.warn('facecolor will have no effect as it has been '
/home/pbigalke/miniconda3/envs/my_satpy_env/lib/python3.12/site-packages/cartopy/mpl/style.py:76: UserWarning: facecolor will have no effect as it has been defined as "never".
  warnings.warn('facecolor will have no effect as it has been '
/home/pbigalke/miniconda3/envs/my_satpy_env/lib/python3.12/site-packages/cartopy/mpl/style.py:76: UserWarning: facecolor will have no effect as it has been defined as "never".
  warnings.warn('facecolor will have no effect as it has been '
/home/pbigalke/miniconda3/envs/my_satpy_env/lib/python3.12/site-packages/cartopy/mpl/style.py:76: UserWarning: facecolor will have no effect as it has been defined as "never".
  warnings.warn('facecolor will have no effect as it has been '
/home/pbigalke/miniconda3/envs/my_satpy_env/lib/python3.12/site-packages/cartopy/mpl/style.py:76: UserWarning: facecolor will have no effect as it has been defined as "never".
  warnings.warn('facecolor will have no effect as it has been '
/home/pbigalke/miniconda3/envs/my_satpy_env/lib/python3.12/site-packages/cartopy/mpl/style.py:76: UserWarning: facecolor will have no effect as it has been defined as "never".
  warnings.warn('facecolor will have no effect as it has been '
/home/pbigalke/miniconda3/envs/my_satpy_env/lib/python3.12/site-packages/cartopy/mpl/style.py:76: UserWarning: facecolor will have no effect as it has been defined as "never".
  warnings.warn('facecolor will have no effect as it has been '
/home/pbigalke/miniconda3/envs/my_satpy_env/lib/python3.12/site-packages/cartopy/mpl/style.py:76: UserWarning: facecolor will have no effect as it has been defined as "never".
  warnings.warn('facecolor will have no effect as it has been '
/home/pbigalke/miniconda3/envs/my_satpy_env/lib/python3.12/site-packages/cartopy/mpl/style.py:76: UserWarning: facecolor will have no effect as it has been defined as "never".
  warnings.warn('facecolor will have no effect as it has been '
/home/pbigalke/miniconda3/envs/my_satpy_env/lib/python3.12/site-packages/cartopy/mpl/style.py:76: UserWarning: facecolor will have no effect as it has been defined as "never".
  warnings.warn('facecolor will have no effect as it has been '
/home/pbigalke/miniconda3/envs/my_satpy_env/lib/python3.12/site-packages/cartopy/mpl/style.py:76: UserWarning: facecolor will have no effect as it has been defined as "never".
  warnings.warn('facecolor will have no effect as it has been '
/home/pbigalke/miniconda3/envs/my_satpy_env/lib/python3.12/site-packages/cartopy/mpl/style.py:76: UserWarning: facecolor will have no effect as it has been defined as "never".
  warnings.warn('facecolor will have no effect as it has been '
/home/pbigalke/miniconda3/envs/my_satpy_env/lib/python3.12/site-packages/cartopy/mpl/style.py:76: UserWarning: facecolor will have no effect as it has been defined as "never".
  warnings.warn('facecolor will have no effect as it has been '
/home/pbigalke/miniconda3/envs/my_satpy_env/lib/python3.12/site-packages/cartopy/mpl/style.py:76: UserWarning: facecolor will have no effect as it has been defined as "never".
  warnings.warn('facecolor will have no effect as it has been '
/home/pbigalke/miniconda3/envs/my_satpy_env/lib/python3.12/site-packages/cartopy/mpl/style.py:76: UserWarning: facecolor will have no effect as it has been defined as "never".
  warnings.warn('facecolor will have no effect as it has been '
/home/pbigalke/miniconda3/envs/my_satpy_env/lib/python3.12/site-packages/cartopy/mpl/style.py:76: UserWarning: facecolor will have no effect as it has been defined as "never".
  warnings.warn('facecolor will have no effect as it has been '
/home/pbigalke/miniconda3/envs/my_satpy_env/lib/python3.12/site-packages/cartopy/mpl/style.py:76: UserWarning: facecolor will have no effect as it has been defined as "never".
  warnings.warn('facecolor will have no effect as it has been '
/home/pbigalke/miniconda3/envs/my_satpy_env/lib/python3.12/site-packages/cartopy/mpl/style.py:76: UserWarning: facecolor will have no effect as it has been defined as "never".
  warnings.warn('facecolor will have no effect as it has been '
/home/pbigalke/miniconda3/envs/my_satpy_env/lib/python3.12/site-packages/cartopy/mpl/style.py:76: UserWarning: facecolor will have no effect as it has been defined as "never".
  warnings.warn('facecolor will have no effect as it has been '
/home/pbigalke/miniconda3/envs/my_satpy_env/lib/python3.12/site-packages/cartopy/mpl/style.py:76: UserWarning: facecolor will have no effect as it has been defined as "never".
  warnings.warn('facecolor will have no effect as it has been '
/home/pbigalke/miniconda3/envs/my_satpy_env/lib/python3.12/site-packages/cartopy/mpl/style.py:76: UserWarning: facecolor will have no effect as it has been defined as "never".
  warnings.warn('facecolor will have no effect as it has been '
/home/pbigalke/miniconda3/envs/my_satpy_env/lib/python3.12/site-packages/cartopy/mpl/style.py:76: UserWarning: facecolor will have no effect as it has been defined as "never".
  warnings.warn('facecolor will have no effect as it has been '
/home/pbigalke/miniconda3/envs/my_satpy_env/lib/python3.12/site-packages/cartopy/mpl/style.py:76: UserWarning: facecolor will have no effect as it has been defined as "never".
  warnings.warn('facecolor will have no effect as it has been '
/home/pbigalke/miniconda3/envs/my_satpy_env/lib/python3.12/site-packages/cartopy/mpl/style.py:76: UserWarning: facecolor will have no effect as it has been defined as "never".
  warnings.warn('facecolor will have no effect as it has been '
/home/pbigalke/miniconda3/envs/my_satpy_env/lib/python3.12/site-packages/cartopy/mpl/style.py:76: UserWarning: facecolor will have no effect as it has been defined as "never".
  warnings.warn('facecolor will have no effect as it has been '
/home/pbigalke/miniconda3/envs/my_satpy_env/lib/python3.12/site-packages/cartopy/mpl/style.py:76: UserWarning: facecolor will have no effect as it has been defined as "never".
  warnings.warn('facecolor will have no effect as it has been '
/home/pbigalke/miniconda3/envs/my_satpy_env/lib/python3.12/site-packages/cartopy/mpl/style.py:76: UserWarning: facecolor will have no effect as it has been defined as "never".
  warnings.warn('facecolor will have no effect as it has been '
/home/pbigalke/miniconda3/envs/my_satpy_env/lib/python3.12/site-packages/cartopy/mpl/style.py:76: UserWarning: facecolor will have no effect as it has been defined as "never".
  warnings.warn('facecolor will have no effect as it has been '
/home/pbigalke/miniconda3/envs/my_satpy_env/lib/python3.12/site-packages/cartopy/mpl/style.py:76: UserWarning: facecolor will have no effect as it has been defined as "never".
  warnings.warn('facecolor will have no effect as it has been '
/home/pbigalke/miniconda3/envs/my_satpy_env/lib/python3.12/site-packages/cartopy/mpl/style.py:76: UserWarning: facecolor will have no effect as it has been defined as "never".
  warnings.warn('facecolor will have no effect as it has been '
/home/pbigalke/miniconda3/envs/my_satpy_env/lib/python3.12/site-packages/cartopy/mpl/style.py:76: UserWarning: facecolor will have no effect as it has been defined as "never".
  warnings.warn('facecolor will have no effect as it has been '
/home/pbigalke/miniconda3/envs/my_satpy_env/lib/python3.12/site-packages/cartopy/mpl/style.py:76: UserWarning: facecolor will have no effect as it has been defined as "never".
  warnings.warn('facecolor will have no effect as it has been '
/home/pbigalke/miniconda3/envs/my_satpy_env/lib/python3.12/site-packages/cartopy/mpl/style.py:76: UserWarning: facecolor will have no effect as it has been defined as "never".
  warnings.warn('facecolor will have no effect as it has been '
/home/pbigalke/miniconda3/envs/my_satpy_env/lib/python3.12/site-packages/cartopy/mpl/style.py:76: UserWarning: facecolor will have no effect as it has been defined as "never".
  warnings.warn('facecolor will have no effect as it has been '
/home/pbigalke/miniconda3/envs/my_satpy_env/lib/python3.12/site-packages/cartopy/mpl/style.py:76: UserWarning: facecolor will have no effect as it has been defined as "never".
  warnings.warn('facecolor will have no effect as it has been '
/home/pbigalke/miniconda3/envs/my_satpy_env/lib/python3.12/site-packages/cartopy/mpl/style.py:76: UserWarning: facecolor will have no effect as it has been defined as "never".
  warnings.warn('facecolor will have no effect as it has been '
/home/pbigalke/miniconda3/envs/my_satpy_env/lib/python3.12/site-packages/cartopy/mpl/style.py:76: UserWarning: facecolor will have no effect as it has been defined as "never".
  warnings.warn('facecolor will have no effect as it has been '
/home/pbigalke/miniconda3/envs/my_satpy_env/lib/python3.12/site-packages/cartopy/mpl/style.py:76: UserWarning: facecolor will have no effect as it has been defined as "never".
  warnings.warn('facecolor will have no effect as it has been '
/home/pbigalke/miniconda3/envs/my_satpy_env/lib/python3.12/site-packages/cartopy/mpl/style.py:76: UserWarning: facecolor will have no effect as it has been defined as "never".
  warnings.warn('facecolor will have no effect as it has been '
/home/pbigalke/miniconda3/envs/my_satpy_env/lib/python3.12/site-packages/cartopy/mpl/style.py:76: UserWarning: facecolor will have no effect as it has been defined as "never".
  warnings.warn('facecolor will have no effect as it has been '
/home/pbigalke/miniconda3/envs/my_satpy_env/lib/python3.12/site-packages/cartopy/mpl/style.py:76: UserWarning: facecolor will have no effect as it has been defined as "never".
  warnings.warn('facecolor will have no effect as it has been '
/home/pbigalke/Documents/Code/data-investigation/data-investigation/plot_MWCC_H.py:155: UserWarning: The following kwargs were not used by contour: 'projection'
  ax.tricontour(mwcc_lons, mwcc_lats, z, levels=levels, linewidths=0.5, colors='k', projection=projection, vmin=0, vmax=1)
/home/pbigalke/Documents/Code/data-investigation/data-investigation/plot_MWCC_H.py:156: UserWarning: The following kwargs were not used by contour: 'projection'
  ax.tricontourf(mwcc_lons, mwcc_lats, z, levels=levels, colors=colors, projection=projection, vmin=0, vmax=1)
/home/pbigalke/miniconda3/envs/my_satpy_env/lib/python3.12/site-packages/cartopy/mpl/style.py:76: UserWarning: facecolor will have no effect as it has been defined as "never".
  warnings.warn('facecolor will have no effect as it has been '
/home/pbigalke/miniconda3/envs/my_satpy_env/lib/python3.12/site-packages/cartopy/mpl/style.py:76: UserWarning: facecolor will have no effect as it has been defined as "never".
  warnings.warn('facecolor will have no effect as it has been '
/home/pbigalke/miniconda3/envs/my_satpy_env/lib/python3.12/site-packages/cartopy/mpl/style.py:76: UserWarning: facecolor will have no effect as it has been defined as "never".
  warnings.warn('facecolor will have no effect as it has been '
/home/pbigalke/Documents/Code/data-investigation/data-investigation/plot_MWCC_H.py:155: UserWarning: The following kwargs were not used by contour: 'projection'
  ax.tricontour(mwcc_lons, mwcc_lats, z, levels=levels, linewidths=0.5, colors='k', projection=projection, vmin=0, vmax=1)
/home/pbigalke/Documents/Code/data-investigation/data-investigation/plot_MWCC_H.py:156: UserWarning: The following kwargs were not used by contour: 'projection'
  ax.tricontourf(mwcc_lons, mwcc_lats, z, levels=levels, colors=colors, projection=projection, vmin=0, vmax=1)
/home/pbigalke/miniconda3/envs/my_satpy_env/lib/python3.12/site-packages/cartopy/mpl/style.py:76: UserWarning: facecolor will have no effect as it has been defined as "never".
  warnings.warn('facecolor will have no effect as it has been '
/home/pbigalke/miniconda3/envs/my_satpy_env/lib/python3.12/site-packages/cartopy/mpl/style.py:76: UserWarning: facecolor will have no effect as it has been defined as "never".
  warnings.warn('facecolor will have no effect as it has been '
/home/pbigalke/miniconda3/envs/my_satpy_env/lib/python3.12/site-packages/cartopy/mpl/style.py:76: UserWarning: facecolor will have no effect as it has been defined as "never".
  warnings.warn('facecolor will have no effect as it has been '
/home/pbigalke/miniconda3/envs/my_satpy_env/lib/python3.12/site-packages/cartopy/mpl/style.py:76: UserWarning: facecolor will have no effect as it has been defined as "never".
  warnings.warn('facecolor will have no effect as it has been '
/home/pbigalke/miniconda3/envs/my_satpy_env/lib/python3.12/site-packages/cartopy/mpl/style.py:76: UserWarning: facecolor will have no effect as it has been defined as "never".
  warnings.warn('facecolor will have no effect as it has been '
/home/pbigalke/miniconda3/envs/my_satpy_env/lib/python3.12/site-packages/cartopy/mpl/style.py:76: UserWarning: facecolor will have no effect as it has been defined as "never".
  warnings.warn('facecolor will have no effect as it has been '
/home/pbigalke/miniconda3/envs/my_satpy_env/lib/python3.12/site-packages/cartopy/mpl/style.py:76: UserWarning: facecolor will have no effect as it has been defined as "never".
  warnings.warn('facecolor will have no effect as it has been '
/home/pbigalke/miniconda3/envs/my_satpy_env/lib/python3.12/site-packages/cartopy/mpl/style.py:76: UserWarning: facecolor will have no effect as it has been defined as "never".
  warnings.warn('facecolor will have no effect as it has been '
/home/pbigalke/miniconda3/envs/my_satpy_env/lib/python3.12/site-packages/cartopy/mpl/style.py:76: UserWarning: facecolor will have no effect as it has been defined as "never".
  warnings.warn('facecolor will have no effect as it has been '
/home/pbigalke/miniconda3/envs/my_satpy_env/lib/python3.12/site-packages/cartopy/mpl/style.py:76: UserWarning: facecolor will have no effect as it has been defined as "never".
  warnings.warn('facecolor will have no effect as it has been '
/home/pbigalke/miniconda3/envs/my_satpy_env/lib/python3.12/site-packages/cartopy/mpl/style.py:76: UserWarning: facecolor will have no effect as it has been defined as "never".
  warnings.warn('facecolor will have no effect as it has been '
/home/pbigalke/miniconda3/envs/my_satpy_env/lib/python3.12/site-packages/cartopy/mpl/style.py:76: UserWarning: facecolor will have no effect as it has been defined as "never".
  warnings.warn('facecolor will have no effect as it has been '
/home/pbigalke/miniconda3/envs/my_satpy_env/lib/python3.12/site-packages/cartopy/mpl/style.py:76: UserWarning: facecolor will have no effect as it has been defined as "never".
  warnings.warn('facecolor will have no effect as it has been '
/home/pbigalke/miniconda3/envs/my_satpy_env/lib/python3.12/site-packages/cartopy/mpl/style.py:76: UserWarning: facecolor will have no effect as it has been defined as "never".
  warnings.warn('facecolor will have no effect as it has been '
/home/pbigalke/miniconda3/envs/my_satpy_env/lib/python3.12/site-packages/cartopy/mpl/style.py:76: UserWarning: facecolor will have no effect as it has been defined as "never".
  warnings.warn('facecolor will have no effect as it has been '
/home/pbigalke/miniconda3/envs/my_satpy_env/lib/python3.12/site-packages/cartopy/mpl/style.py:76: UserWarning: facecolor will have no effect as it has been defined as "never".
  warnings.warn('facecolor will have no effect as it has been '
/home/pbigalke/miniconda3/envs/my_satpy_env/lib/python3.12/site-packages/cartopy/mpl/style.py:76: UserWarning: facecolor will have no effect as it has been defined as "never".
  warnings.warn('facecolor will have no effect as it has been '
/home/pbigalke/miniconda3/envs/my_satpy_env/lib/python3.12/site-packages/cartopy/mpl/style.py:76: UserWarning: facecolor will have no effect as it has been defined as "never".
  warnings.warn('facecolor will have no effect as it has been '
/home/pbigalke/miniconda3/envs/my_satpy_env/lib/python3.12/site-packages/cartopy/mpl/style.py:76: UserWarning: facecolor will have no effect as it has been defined as "never".
  warnings.warn('facecolor will have no effect as it has been '
/home/pbigalke/miniconda3/envs/my_satpy_env/lib/python3.12/site-packages/cartopy/mpl/style.py:76: UserWarning: facecolor will have no effect as it has been defined as "never".
  warnings.warn('facecolor will have no effect as it has been '
/home/pbigalke/miniconda3/envs/my_satpy_env/lib/python3.12/site-packages/cartopy/mpl/style.py:76: UserWarning: facecolor will have no effect as it has been defined as "never".
  warnings.warn('facecolor will have no effect as it has been '
/home/pbigalke/miniconda3/envs/my_satpy_env/lib/python3.12/site-packages/cartopy/mpl/style.py:76: UserWarning: facecolor will have no effect as it has been defined as "never".
  warnings.warn('facecolor will have no effect as it has been '
/home/pbigalke/miniconda3/envs/my_satpy_env/lib/python3.12/site-packages/cartopy/mpl/style.py:76: UserWarning: facecolor will have no effect as it has been defined as "never".
  warnings.warn('facecolor will have no effect as it has been '
/home/pbigalke/miniconda3/envs/my_satpy_env/lib/python3.12/site-packages/cartopy/mpl/style.py:76: UserWarning: facecolor will have no effect as it has been defined as "never".
  warnings.warn('facecolor will have no effect as it has been '
/home/pbigalke/miniconda3/envs/my_satpy_env/lib/python3.12/site-packages/cartopy/mpl/style.py:76: UserWarning: facecolor will have no effect as it has been defined as "never".
  warnings.warn('facecolor will have no effect as it has been '
/home/pbigalke/miniconda3/envs/my_satpy_env/lib/python3.12/site-packages/cartopy/mpl/style.py:76: UserWarning: facecolor will have no effect as it has been defined as "never".
  warnings.warn('facecolor will have no effect as it has been '
/home/pbigalke/miniconda3/envs/my_satpy_env/lib/python3.12/site-packages/cartopy/mpl/style.py:76: UserWarning: facecolor will have no effect as it has been defined as "never".
  warnings.warn('facecolor will have no effect as it has been '
/home/pbigalke/miniconda3/envs/my_satpy_env/lib/python3.12/site-packages/cartopy/mpl/style.py:76: UserWarning: facecolor will have no effect as it has been defined as "never".
  warnings.warn('facecolor will have no effect as it has been '
/home/pbigalke/miniconda3/envs/my_satpy_env/lib/python3.12/site-packages/cartopy/mpl/style.py:76: UserWarning: facecolor will have no effect as it has been defined as "never".
  warnings.warn('facecolor will have no effect as it has been '
/home/pbigalke/miniconda3/envs/my_satpy_env/lib/python3.12/site-packages/cartopy/mpl/style.py:76: UserWarning: facecolor will have no effect as it has been defined as "never".
  warnings.warn('facecolor will have no effect as it has been '
/home/pbigalke/miniconda3/envs/my_satpy_env/lib/python3.12/site-packages/cartopy/mpl/style.py:76: UserWarning: facecolor will have no effect as it has been defined as "never".
  warnings.warn('facecolor will have no effect as it has been '
/home/pbigalke/miniconda3/envs/my_satpy_env/lib/python3.12/site-packages/cartopy/mpl/style.py:76: UserWarning: facecolor will have no effect as it has been defined as "never".
  warnings.warn('facecolor will have no effect as it has been '
/home/pbigalke/miniconda3/envs/my_satpy_env/lib/python3.12/site-packages/cartopy/mpl/style.py:76: UserWarning: facecolor will have no effect as it has been defined as "never".
  warnings.warn('facecolor will have no effect as it has been '
/home/pbigalke/miniconda3/envs/my_satpy_env/lib/python3.12/site-packages/cartopy/mpl/style.py:76: UserWarning: facecolor will have no effect as it has been defined as "never".
  warnings.warn('facecolor will have no effect as it has been '
/home/pbigalke/miniconda3/envs/my_satpy_env/lib/python3.12/site-packages/cartopy/mpl/style.py:76: UserWarning: facecolor will have no effect as it has been defined as "never".
  warnings.warn('facecolor will have no effect as it has been '
/home/pbigalke/miniconda3/envs/my_satpy_env/lib/python3.12/site-packages/cartopy/mpl/style.py:76: UserWarning: facecolor will have no effect as it has been defined as "never".
  warnings.warn('facecolor will have no effect as it has been '
/home/pbigalke/miniconda3/envs/my_satpy_env/lib/python3.12/site-packages/cartopy/mpl/style.py:76: UserWarning: facecolor will have no effect as it has been defined as "never".
  warnings.warn('facecolor will have no effect as it has been '
/home/pbigalke/miniconda3/envs/my_satpy_env/lib/python3.12/site-packages/cartopy/mpl/style.py:76: UserWarning: facecolor will have no effect as it has been defined as "never".
  warnings.warn('facecolor will have no effect as it has been '
/home/pbigalke/miniconda3/envs/my_satpy_env/lib/python3.12/site-packages/cartopy/mpl/style.py:76: UserWarning: facecolor will have no effect as it has been defined as "never".
  warnings.warn('facecolor will have no effect as it has been '
/home/pbigalke/Documents/Code/data-investigation/data-investigation/plot_MWCC_H.py:155: UserWarning: The following kwargs were not used by contour: 'projection'
  ax.tricontour(mwcc_lons, mwcc_lats, z, levels=levels, linewidths=0.5, colors='k', projection=projection, vmin=0, vmax=1)
/home/pbigalke/Documents/Code/data-investigation/data-investigation/plot_MWCC_H.py:156: UserWarning: The following kwargs were not used by contour: 'projection'
  ax.tricontourf(mwcc_lons, mwcc_lats, z, levels=levels, colors=colors, projection=projection, vmin=0, vmax=1)
/home/pbigalke/miniconda3/envs/my_satpy_env/lib/python3.12/site-packages/cartopy/mpl/style.py:76: UserWarning: facecolor will have no effect as it has been defined as "never".
  warnings.warn('facecolor will have no effect as it has been '
/home/pbigalke/miniconda3/envs/my_satpy_env/lib/python3.12/site-packages/cartopy/mpl/style.py:76: UserWarning: facecolor will have no effect as it has been defined as "never".
  warnings.warn('facecolor will have no effect as it has been '
/home/pbigalke/miniconda3/envs/my_satpy_env/lib/python3.12/site-packages/cartopy/mpl/style.py:76: UserWarning: facecolor will have no effect as it has been defined as "never".
  warnings.warn('facecolor will have no effect as it has been '
/home/pbigalke/miniconda3/envs/my_satpy_env/lib/python3.12/site-packages/cartopy/mpl/style.py:76: UserWarning: facecolor will have no effect as it has been defined as "never".
  warnings.warn('facecolor will have no effect as it has been '
/home/pbigalke/miniconda3/envs/my_satpy_env/lib/python3.12/site-packages/cartopy/mpl/style.py:76: UserWarning: facecolor will have no effect as it has been defined as "never".
  warnings.warn('facecolor will have no effect as it has been '
/home/pbigalke/miniconda3/envs/my_satpy_env/lib/python3.12/site-packages/cartopy/mpl/style.py:76: UserWarning: facecolor will have no effect as it has been defined as "never".
  warnings.warn('facecolor will have no effect as it has been '
/home/pbigalke/miniconda3/envs/my_satpy_env/lib/python3.12/site-packages/cartopy/mpl/style.py:76: UserWarning: facecolor will have no effect as it has been defined as "never".
  warnings.warn('facecolor will have no effect as it has been '
/home/pbigalke/miniconda3/envs/my_satpy_env/lib/python3.12/site-packages/cartopy/mpl/style.py:76: UserWarning: facecolor will have no effect as it has been defined as "never".
  warnings.warn('facecolor will have no effect as it has been '
/home/pbigalke/miniconda3/envs/my_satpy_env/lib/python3.12/site-packages/cartopy/mpl/style.py:76: UserWarning: facecolor will have no effect as it has been defined as "never".
  warnings.warn('facecolor will have no effect as it has been '
/home/pbigalke/miniconda3/envs/my_satpy_env/lib/python3.12/site-packages/cartopy/mpl/style.py:76: UserWarning: facecolor will have no effect as it has been defined as "never".
  warnings.warn('facecolor will have no effect as it has been '
/home/pbigalke/miniconda3/envs/my_satpy_env/lib/python3.12/site-packages/cartopy/mpl/style.py:76: UserWarning: facecolor will have no effect as it has been defined as "never".
  warnings.warn('facecolor will have no effect as it has been '
/home/pbigalke/miniconda3/envs/my_satpy_env/lib/python3.12/site-packages/cartopy/mpl/style.py:76: UserWarning: facecolor will have no effect as it has been defined as "never".
  warnings.warn('facecolor will have no effect as it has been '
/home/pbigalke/miniconda3/envs/my_satpy_env/lib/python3.12/site-packages/cartopy/mpl/style.py:76: UserWarning: facecolor will have no effect as it has been defined as "never".
  warnings.warn('facecolor will have no effect as it has been '
/home/pbigalke/miniconda3/envs/my_satpy_env/lib/python3.12/site-packages/cartopy/mpl/style.py:76: UserWarning: facecolor will have no effect as it has been defined as "never".
  warnings.warn('facecolor will have no effect as it has been '
/home/pbigalke/miniconda3/envs/my_satpy_env/lib/python3.12/site-packages/cartopy/mpl/style.py:76: UserWarning: facecolor will have no effect as it has been defined as "never".
  warnings.warn('facecolor will have no effect as it has been '
/home/pbigalke/miniconda3/envs/my_satpy_env/lib/python3.12/site-packages/cartopy/mpl/style.py:76: UserWarning: facecolor will have no effect as it has been defined as "never".
  warnings.warn('facecolor will have no effect as it has been '
/home/pbigalke/miniconda3/envs/my_satpy_env/lib/python3.12/site-packages/cartopy/mpl/style.py:76: UserWarning: facecolor will have no effect as it has been defined as "never".
  warnings.warn('facecolor will have no effect as it has been '
/home/pbigalke/miniconda3/envs/my_satpy_env/lib/python3.12/site-packages/cartopy/mpl/style.py:76: UserWarning: facecolor will have no effect as it has been defined as "never".
  warnings.warn('facecolor will have no effect as it has been '
/home/pbigalke/miniconda3/envs/my_satpy_env/lib/python3.12/site-packages/cartopy/mpl/style.py:76: UserWarning: facecolor will have no effect as it has been defined as "never".
  warnings.warn('facecolor will have no effect as it has been '
/home/pbigalke/miniconda3/envs/my_satpy_env/lib/python3.12/site-packages/cartopy/mpl/style.py:76: UserWarning: facecolor will have no effect as it has been defined as "never".
  warnings.warn('facecolor will have no effect as it has been '
/home/pbigalke/miniconda3/envs/my_satpy_env/lib/python3.12/site-packages/cartopy/mpl/style.py:76: UserWarning: facecolor will have no effect as it has been defined as "never".
  warnings.warn('facecolor will have no effect as it has been '
/home/pbigalke/Documents/Code/data-investigation/data-investigation/plot_MWCC_H.py:155: UserWarning: The following kwargs were not used by contour: 'projection'
  ax.tricontour(mwcc_lons, mwcc_lats, z, levels=levels, linewidths=0.5, colors='k', projection=projection, vmin=0, vmax=1)
/home/pbigalke/Documents/Code/data-investigation/data-investigation/plot_MWCC_H.py:156: UserWarning: The following kwargs were not used by contour: 'projection'
  ax.tricontourf(mwcc_lons, mwcc_lats, z, levels=levels, colors=colors, projection=projection, vmin=0, vmax=1)
/home/pbigalke/miniconda3/envs/my_satpy_env/lib/python3.12/site-packages/cartopy/mpl/style.py:76: UserWarning: facecolor will have no effect as it has been defined as "never".
  warnings.warn('facecolor will have no effect as it has been '
/home/pbigalke/miniconda3/envs/my_satpy_env/lib/python3.12/site-packages/cartopy/mpl/style.py:76: UserWarning: facecolor will have no effect as it has been defined as "never".
  warnings.warn('facecolor will have no effect as it has been '
/home/pbigalke/miniconda3/envs/my_satpy_env/lib/python3.12/site-packages/cartopy/mpl/style.py:76: UserWarning: facecolor will have no effect as it has been defined as "never".
  warnings.warn('facecolor will have no effect as it has been '
/home/pbigalke/miniconda3/envs/my_satpy_env/lib/python3.12/site-packages/cartopy/mpl/style.py:76: UserWarning: facecolor will have no effect as it has been defined as "never".
  warnings.warn('facecolor will have no effect as it has been '
/home/pbigalke/miniconda3/envs/my_satpy_env/lib/python3.12/site-packages/cartopy/mpl/style.py:76: UserWarning: facecolor will have no effect as it has been defined as "never".
  warnings.warn('facecolor will have no effect as it has been '
/home/pbigalke/miniconda3/envs/my_satpy_env/lib/python3.12/site-packages/cartopy/mpl/style.py:76: UserWarning: facecolor will have no effect as it has been defined as "never".
  warnings.warn('facecolor will have no effect as it has been '
/home/pbigalke/miniconda3/envs/my_satpy_env/lib/python3.12/site-packages/cartopy/mpl/style.py:76: UserWarning: facecolor will have no effect as it has been defined as "never".
  warnings.warn('facecolor will have no effect as it has been '
/home/pbigalke/miniconda3/envs/my_satpy_env/lib/python3.12/site-packages/cartopy/mpl/style.py:76: UserWarning: facecolor will have no effect as it has been defined as "never".
  warnings.warn('facecolor will have no effect as it has been '
/home/pbigalke/miniconda3/envs/my_satpy_env/lib/python3.12/site-packages/cartopy/mpl/style.py:76: UserWarning: facecolor will have no effect as it has been defined as "never".
  warnings.warn('facecolor will have no effect as it has been '
/home/pbigalke/miniconda3/envs/my_satpy_env/lib/python3.12/site-packages/cartopy/mpl/style.py:76: UserWarning: facecolor will have no effect as it has been defined as "never".
  warnings.warn('facecolor will have no effect as it has been '
/home/pbigalke/miniconda3/envs/my_satpy_env/lib/python3.12/site-packages/cartopy/mpl/style.py:76: UserWarning: facecolor will have no effect as it has been defined as "never".
  warnings.warn('facecolor will have no effect as it has been '
/home/pbigalke/miniconda3/envs/my_satpy_env/lib/python3.12/site-packages/cartopy/mpl/style.py:76: UserWarning: facecolor will have no effect as it has been defined as "never".
  warnings.warn('facecolor will have no effect as it has been '
/home/pbigalke/miniconda3/envs/my_satpy_env/lib/python3.12/site-packages/cartopy/mpl/style.py:76: UserWarning: facecolor will have no effect as it has been defined as "never".
  warnings.warn('facecolor will have no effect as it has been '
/home/pbigalke/miniconda3/envs/my_satpy_env/lib/python3.12/site-packages/cartopy/mpl/style.py:76: UserWarning: facecolor will have no effect as it has been defined as "never".
  warnings.warn('facecolor will have no effect as it has been '
/home/pbigalke/miniconda3/envs/my_satpy_env/lib/python3.12/site-packages/cartopy/mpl/style.py:76: UserWarning: facecolor will have no effect as it has been defined as "never".
  warnings.warn('facecolor will have no effect as it has been '
/home/pbigalke/miniconda3/envs/my_satpy_env/lib/python3.12/site-packages/cartopy/mpl/style.py:76: UserWarning: facecolor will have no effect as it has been defined as "never".
  warnings.warn('facecolor will have no effect as it has been '
/home/pbigalke/miniconda3/envs/my_satpy_env/lib/python3.12/site-packages/cartopy/mpl/style.py:76: UserWarning: facecolor will have no effect as it has been defined as "never".
  warnings.warn('facecolor will have no effect as it has been '
/home/pbigalke/miniconda3/envs/my_satpy_env/lib/python3.12/site-packages/cartopy/mpl/style.py:76: UserWarning: facecolor will have no effect as it has been defined as "never".
  warnings.warn('facecolor will have no effect as it has been '
/home/pbigalke/miniconda3/envs/my_satpy_env/lib/python3.12/site-packages/cartopy/mpl/style.py:76: UserWarning: facecolor will have no effect as it has been defined as "never".
  warnings.warn('facecolor will have no effect as it has been '
/home/pbigalke/miniconda3/envs/my_satpy_env/lib/python3.12/site-packages/cartopy/mpl/style.py:76: UserWarning: facecolor will have no effect as it has been defined as "never".
  warnings.warn('facecolor will have no effect as it has been '
/home/pbigalke/miniconda3/envs/my_satpy_env/lib/python3.12/site-packages/cartopy/mpl/style.py:76: UserWarning: facecolor will have no effect as it has been defined as "never".
  warnings.warn('facecolor will have no effect as it has been '
/home/pbigalke/miniconda3/envs/my_satpy_env/lib/python3.12/site-packages/cartopy/mpl/style.py:76: UserWarning: facecolor will have no effect as it has been defined as "never".
  warnings.warn('facecolor will have no effect as it has been '
/home/pbigalke/miniconda3/envs/my_satpy_env/lib/python3.12/site-packages/cartopy/mpl/style.py:76: UserWarning: facecolor will have no effect as it has been defined as "never".
  warnings.warn('facecolor will have no effect as it has been '
/home/pbigalke/miniconda3/envs/my_satpy_env/lib/python3.12/site-packages/cartopy/mpl/style.py:76: UserWarning: facecolor will have no effect as it has been defined as "never".
  warnings.warn('facecolor will have no effect as it has been '
/home/pbigalke/miniconda3/envs/my_satpy_env/lib/python3.12/site-packages/cartopy/mpl/style.py:76: UserWarning: facecolor will have no effect as it has been defined as "never".
  warnings.warn('facecolor will have no effect as it has been '
/home/pbigalke/miniconda3/envs/my_satpy_env/lib/python3.12/site-packages/cartopy/mpl/style.py:76: UserWarning: facecolor will have no effect as it has been defined as "never".
  warnings.warn('facecolor will have no effect as it has been '
/home/pbigalke/miniconda3/envs/my_satpy_env/lib/python3.12/site-packages/cartopy/mpl/style.py:76: UserWarning: facecolor will have no effect as it has been defined as "never".
  warnings.warn('facecolor will have no effect as it has been '
/home/pbigalke/miniconda3/envs/my_satpy_env/lib/python3.12/site-packages/cartopy/mpl/style.py:76: UserWarning: facecolor will have no effect as it has been defined as "never".
  warnings.warn('facecolor will have no effect as it has been '
/home/pbigalke/miniconda3/envs/my_satpy_env/lib/python3.12/site-packages/cartopy/mpl/style.py:76: UserWarning: facecolor will have no effect as it has been defined as "never".
  warnings.warn('facecolor will have no effect as it has been '
/home/pbigalke/miniconda3/envs/my_satpy_env/lib/python3.12/site-packages/cartopy/mpl/style.py:76: UserWarning: facecolor will have no effect as it has been defined as "never".
  warnings.warn('facecolor will have no effect as it has been '
/home/pbigalke/miniconda3/envs/my_satpy_env/lib/python3.12/site-packages/cartopy/mpl/style.py:76: UserWarning: facecolor will have no effect as it has been defined as "never".
  warnings.warn('facecolor will have no effect as it has been '
/home/pbigalke/miniconda3/envs/my_satpy_env/lib/python3.12/site-packages/cartopy/mpl/style.py:76: UserWarning: facecolor will have no effect as it has been defined as "never".
  warnings.warn('facecolor will have no effect as it has been '
/home/pbigalke/miniconda3/envs/my_satpy_env/lib/python3.12/site-packages/cartopy/mpl/style.py:76: UserWarning: facecolor will have no effect as it has been defined as "never".
  warnings.warn('facecolor will have no effect as it has been '
/home/pbigalke/miniconda3/envs/my_satpy_env/lib/python3.12/site-packages/cartopy/mpl/style.py:76: UserWarning: facecolor will have no effect as it has been defined as "never".
  warnings.warn('facecolor will have no effect as it has been '
/home/pbigalke/miniconda3/envs/my_satpy_env/lib/python3.12/site-packages/cartopy/mpl/style.py:76: UserWarning: facecolor will have no effect as it has been defined as "never".
  warnings.warn('facecolor will have no effect as it has been '
/home/pbigalke/miniconda3/envs/my_satpy_env/lib/python3.12/site-packages/cartopy/mpl/style.py:76: UserWarning: facecolor will have no effect as it has been defined as "never".
  warnings.warn('facecolor will have no effect as it has been '
/home/pbigalke/miniconda3/envs/my_satpy_env/lib/python3.12/site-packages/cartopy/mpl/style.py:76: UserWarning: facecolor will have no effect as it has been defined as "never".
  warnings.warn('facecolor will have no effect as it has been '
/home/pbigalke/miniconda3/envs/my_satpy_env/lib/python3.12/site-packages/cartopy/mpl/style.py:76: UserWarning: facecolor will have no effect as it has been defined as "never".
  warnings.warn('facecolor will have no effect as it has been '
/home/pbigalke/miniconda3/envs/my_satpy_env/lib/python3.12/site-packages/cartopy/mpl/style.py:76: UserWarning: facecolor will have no effect as it has been defined as "never".
  warnings.warn('facecolor will have no effect as it has been '
/home/pbigalke/miniconda3/envs/my_satpy_env/lib/python3.12/site-packages/cartopy/mpl/style.py:76: UserWarning: facecolor will have no effect as it has been defined as "never".
  warnings.warn('facecolor will have no effect as it has been '
/home/pbigalke/miniconda3/envs/my_satpy_env/lib/python3.12/site-packages/cartopy/mpl/style.py:76: UserWarning: facecolor will have no effect as it has been defined as "never".
  warnings.warn('facecolor will have no effect as it has been '
/home/pbigalke/miniconda3/envs/my_satpy_env/lib/python3.12/site-packages/cartopy/mpl/style.py:76: UserWarning: facecolor will have no effect as it has been defined as "never".
  warnings.warn('facecolor will have no effect as it has been '
/home/pbigalke/miniconda3/envs/my_satpy_env/lib/python3.12/site-packages/cartopy/mpl/style.py:76: UserWarning: facecolor will have no effect as it has been defined as "never".
  warnings.warn('facecolor will have no effect as it has been '
/home/pbigalke/miniconda3/envs/my_satpy_env/lib/python3.12/site-packages/cartopy/mpl/style.py:76: UserWarning: facecolor will have no effect as it has been defined as "never".
  warnings.warn('facecolor will have no effect as it has been '
/home/pbigalke/miniconda3/envs/my_satpy_env/lib/python3.12/site-packages/cartopy/mpl/style.py:76: UserWarning: facecolor will have no effect as it has been defined as "never".
  warnings.warn('facecolor will have no effect as it has been '
/home/pbigalke/miniconda3/envs/my_satpy_env/lib/python3.12/site-packages/cartopy/mpl/style.py:76: UserWarning: facecolor will have no effect as it has been defined as "never".
  warnings.warn('facecolor will have no effect as it has been '
/home/pbigalke/miniconda3/envs/my_satpy_env/lib/python3.12/site-packages/cartopy/mpl/style.py:76: UserWarning: facecolor will have no effect as it has been defined as "never".
  warnings.warn('facecolor will have no effect as it has been '
/home/pbigalke/miniconda3/envs/my_satpy_env/lib/python3.12/site-packages/cartopy/mpl/style.py:76: UserWarning: facecolor will have no effect as it has been defined as "never".
  warnings.warn('facecolor will have no effect as it has been '
/home/pbigalke/miniconda3/envs/my_satpy_env/lib/python3.12/site-packages/cartopy/mpl/style.py:76: UserWarning: facecolor will have no effect as it has been defined as "never".
  warnings.warn('facecolor will have no effect as it has been '
/home/pbigalke/miniconda3/envs/my_satpy_env/lib/python3.12/site-packages/cartopy/mpl/style.py:76: UserWarning: facecolor will have no effect as it has been defined as "never".
  warnings.warn('facecolor will have no effect as it has been '
/home/pbigalke/miniconda3/envs/my_satpy_env/lib/python3.12/site-packages/cartopy/mpl/style.py:76: UserWarning: facecolor will have no effect as it has been defined as "never".
  warnings.warn('facecolor will have no effect as it has been '
/home/pbigalke/miniconda3/envs/my_satpy_env/lib/python3.12/site-packages/cartopy/mpl/style.py:76: UserWarning: facecolor will have no effect as it has been defined as "never".
  warnings.warn('facecolor will have no effect as it has been '
/home/pbigalke/miniconda3/envs/my_satpy_env/lib/python3.12/site-packages/cartopy/mpl/style.py:76: UserWarning: facecolor will have no effect as it has been defined as "never".
  warnings.warn('facecolor will have no effect as it has been '
/home/pbigalke/miniconda3/envs/my_satpy_env/lib/python3.12/site-packages/cartopy/mpl/style.py:76: UserWarning: facecolor will have no effect as it has been defined as "never".
  warnings.warn('facecolor will have no effect as it has been '
/home/pbigalke/miniconda3/envs/my_satpy_env/lib/python3.12/site-packages/cartopy/mpl/style.py:76: UserWarning: facecolor will have no effect as it has been defined as "never".
  warnings.warn('facecolor will have no effect as it has been '
/home/pbigalke/miniconda3/envs/my_satpy_env/lib/python3.12/site-packages/cartopy/mpl/style.py:76: UserWarning: facecolor will have no effect as it has been defined as "never".
  warnings.warn('facecolor will have no effect as it has been '
/home/pbigalke/miniconda3/envs/my_satpy_env/lib/python3.12/site-packages/cartopy/mpl/style.py:76: UserWarning: facecolor will have no effect as it has been defined as "never".
  warnings.warn('facecolor will have no effect as it has been '
/home/pbigalke/miniconda3/envs/my_satpy_env/lib/python3.12/site-packages/cartopy/mpl/style.py:76: UserWarning: facecolor will have no effect as it has been defined as "never".
  warnings.warn('facecolor will have no effect as it has been '
/home/pbigalke/miniconda3/envs/my_satpy_env/lib/python3.12/site-packages/cartopy/mpl/style.py:76: UserWarning: facecolor will have no effect as it has been defined as "never".
  warnings.warn('facecolor will have no effect as it has been '
/home/pbigalke/miniconda3/envs/my_satpy_env/lib/python3.12/site-packages/cartopy/mpl/style.py:76: UserWarning: facecolor will have no effect as it has been defined as "never".
  warnings.warn('facecolor will have no effect as it has been '
/home/pbigalke/Documents/Code/data-investigation/data-investigation/plot_MWCC_H.py:155: UserWarning: The following kwargs were not used by contour: 'projection'
  ax.tricontour(mwcc_lons, mwcc_lats, z, levels=levels, linewidths=0.5, colors='k', projection=projection, vmin=0, vmax=1)
/home/pbigalke/Documents/Code/data-investigation/data-investigation/plot_MWCC_H.py:156: UserWarning: The following kwargs were not used by contour: 'projection'
  ax.tricontourf(mwcc_lons, mwcc_lats, z, levels=levels, colors=colors, projection=projection, vmin=0, vmax=1)
/home/pbigalke/miniconda3/envs/my_satpy_env/lib/python3.12/site-packages/cartopy/mpl/style.py:76: UserWarning: facecolor will have no effect as it has been defined as "never".
  warnings.warn('facecolor will have no effect as it has been '
/home/pbigalke/miniconda3/envs/my_satpy_env/lib/python3.12/site-packages/cartopy/mpl/style.py:76: UserWarning: facecolor will have no effect as it has been defined as "never".
  warnings.warn('facecolor will have no effect as it has been '
/home/pbigalke/miniconda3/envs/my_satpy_env/lib/python3.12/site-packages/cartopy/mpl/style.py:76: UserWarning: facecolor will have no effect as it has been defined as "never".
  warnings.warn('facecolor will have no effect as it has been '
/home/pbigalke/miniconda3/envs/my_satpy_env/lib/python3.12/site-packages/cartopy/mpl/style.py:76: UserWarning: facecolor will have no effect as it has been defined as "never".
  warnings.warn('facecolor will have no effect as it has been '
/home/pbigalke/miniconda3/envs/my_satpy_env/lib/python3.12/site-packages/cartopy/mpl/style.py:76: UserWarning: facecolor will have no effect as it has been defined as "never".
  warnings.warn('facecolor will have no effect as it has been '
/home/pbigalke/miniconda3/envs/my_satpy_env/lib/python3.12/site-packages/cartopy/mpl/style.py:76: UserWarning: facecolor will have no effect as it has been defined as "never".
  warnings.warn('facecolor will have no effect as it has been '
/home/pbigalke/miniconda3/envs/my_satpy_env/lib/python3.12/site-packages/cartopy/mpl/style.py:76: UserWarning: facecolor will have no effect as it has been defined as "never".
  warnings.warn('facecolor will have no effect as it has been '
/home/pbigalke/miniconda3/envs/my_satpy_env/lib/python3.12/site-packages/cartopy/mpl/style.py:76: UserWarning: facecolor will have no effect as it has been defined as "never".
  warnings.warn('facecolor will have no effect as it has been '
/home/pbigalke/miniconda3/envs/my_satpy_env/lib/python3.12/site-packages/cartopy/mpl/style.py:76: UserWarning: facecolor will have no effect as it has been defined as "never".
  warnings.warn('facecolor will have no effect as it has been '
/home/pbigalke/miniconda3/envs/my_satpy_env/lib/python3.12/site-packages/cartopy/mpl/style.py:76: UserWarning: facecolor will have no effect as it has been defined as "never".
  warnings.warn('facecolor will have no effect as it has been '
/home/pbigalke/miniconda3/envs/my_satpy_env/lib/python3.12/site-packages/cartopy/mpl/style.py:76: UserWarning: facecolor will have no effect as it has been defined as "never".
  warnings.warn('facecolor will have no effect as it has been '
/home/pbigalke/miniconda3/envs/my_satpy_env/lib/python3.12/site-packages/cartopy/mpl/style.py:76: UserWarning: facecolor will have no effect as it has been defined as "never".
  warnings.warn('facecolor will have no effect as it has been '
/home/pbigalke/miniconda3/envs/my_satpy_env/lib/python3.12/site-packages/cartopy/mpl/style.py:76: UserWarning: facecolor will have no effect as it has been defined as "never".
  warnings.warn('facecolor will have no effect as it has been '
/home/pbigalke/miniconda3/envs/my_satpy_env/lib/python3.12/site-packages/cartopy/mpl/style.py:76: UserWarning: facecolor will have no effect as it has been defined as "never".
  warnings.warn('facecolor will have no effect as it has been '
/home/pbigalke/miniconda3/envs/my_satpy_env/lib/python3.12/site-packages/cartopy/mpl/style.py:76: UserWarning: facecolor will have no effect as it has been defined as "never".
  warnings.warn('facecolor will have no effect as it has been '
/home/pbigalke/miniconda3/envs/my_satpy_env/lib/python3.12/site-packages/cartopy/mpl/style.py:76: UserWarning: facecolor will have no effect as it has been defined as "never".
  warnings.warn('facecolor will have no effect as it has been '
/home/pbigalke/miniconda3/envs/my_satpy_env/lib/python3.12/site-packages/cartopy/mpl/style.py:76: UserWarning: facecolor will have no effect as it has been defined as "never".
  warnings.warn('facecolor will have no effect as it has been '
/home/pbigalke/miniconda3/envs/my_satpy_env/lib/python3.12/site-packages/cartopy/mpl/style.py:76: UserWarning: facecolor will have no effect as it has been defined as "never".
  warnings.warn('facecolor will have no effect as it has been '
/home/pbigalke/miniconda3/envs/my_satpy_env/lib/python3.12/site-packages/cartopy/mpl/style.py:76: UserWarning: facecolor will have no effect as it has been defined as "never".
  warnings.warn('facecolor will have no effect as it has been '
/home/pbigalke/miniconda3/envs/my_satpy_env/lib/python3.12/site-packages/cartopy/mpl/style.py:76: UserWarning: facecolor will have no effect as it has been defined as "never".
  warnings.warn('facecolor will have no effect as it has been '
/home/pbigalke/miniconda3/envs/my_satpy_env/lib/python3.12/site-packages/cartopy/mpl/style.py:76: UserWarning: facecolor will have no effect as it has been defined as "never".
  warnings.warn('facecolor will have no effect as it has been '
/home/pbigalke/miniconda3/envs/my_satpy_env/lib/python3.12/site-packages/cartopy/mpl/style.py:76: UserWarning: facecolor will have no effect as it has been defined as "never".
  warnings.warn('facecolor will have no effect as it has been '
/home/pbigalke/miniconda3/envs/my_satpy_env/lib/python3.12/site-packages/cartopy/mpl/style.py:76: UserWarning: facecolor will have no effect as it has been defined as "never".
  warnings.warn('facecolor will have no effect as it has been '
/home/pbigalke/miniconda3/envs/my_satpy_env/lib/python3.12/site-packages/cartopy/mpl/style.py:76: UserWarning: facecolor will have no effect as it has been defined as "never".
  warnings.warn('facecolor will have no effect as it has been '
/home/pbigalke/miniconda3/envs/my_satpy_env/lib/python3.12/site-packages/cartopy/mpl/style.py:76: UserWarning: facecolor will have no effect as it has been defined as "never".
  warnings.warn('facecolor will have no effect as it has been '
/home/pbigalke/miniconda3/envs/my_satpy_env/lib/python3.12/site-packages/cartopy/mpl/style.py:76: UserWarning: facecolor will have no effect as it has been defined as "never".
  warnings.warn('facecolor will have no effect as it has been '
/home/pbigalke/miniconda3/envs/my_satpy_env/lib/python3.12/site-packages/cartopy/mpl/style.py:76: UserWarning: facecolor will have no effect as it has been defined as "never".
  warnings.warn('facecolor will have no effect as it has been '
/home/pbigalke/Documents/Code/data-investigation/data-investigation/plot_MWCC_H.py:155: UserWarning: The following kwargs were not used by contour: 'projection'
  ax.tricontour(mwcc_lons, mwcc_lats, z, levels=levels, linewidths=0.5, colors='k', projection=projection, vmin=0, vmax=1)
/home/pbigalke/Documents/Code/data-investigation/data-investigation/plot_MWCC_H.py:156: UserWarning: The following kwargs were not used by contour: 'projection'
  ax.tricontourf(mwcc_lons, mwcc_lats, z, levels=levels, colors=colors, projection=projection, vmin=0, vmax=1)
/home/pbigalke/miniconda3/envs/my_satpy_env/lib/python3.12/site-packages/cartopy/mpl/style.py:76: UserWarning: facecolor will have no effect as it has been defined as "never".
  warnings.warn('facecolor will have no effect as it has been '
/home/pbigalke/miniconda3/envs/my_satpy_env/lib/python3.12/site-packages/cartopy/mpl/style.py:76: UserWarning: facecolor will have no effect as it has been defined as "never".
  warnings.warn('facecolor will have no effect as it has been '
/home/pbigalke/miniconda3/envs/my_satpy_env/lib/python3.12/site-packages/cartopy/mpl/style.py:76: UserWarning: facecolor will have no effect as it has been defined as "never".
  warnings.warn('facecolor will have no effect as it has been '
/home/pbigalke/Documents/Code/data-investigation/data-investigation/plot_MWCC_H.py:155: UserWarning: The following kwargs were not used by contour: 'projection'
  ax.tricontour(mwcc_lons, mwcc_lats, z, levels=levels, linewidths=0.5, colors='k', projection=projection, vmin=0, vmax=1)
/home/pbigalke/Documents/Code/data-investigation/data-investigation/plot_MWCC_H.py:156: UserWarning: The following kwargs were not used by contour: 'projection'
  ax.tricontourf(mwcc_lons, mwcc_lats, z, levels=levels, colors=colors, projection=projection, vmin=0, vmax=1)
/home/pbigalke/miniconda3/envs/my_satpy_env/lib/python3.12/site-packages/cartopy/mpl/style.py:76: UserWarning: facecolor will have no effect as it has been defined as "never".
  warnings.warn('facecolor will have no effect as it has been '
/home/pbigalke/miniconda3/envs/my_satpy_env/lib/python3.12/site-packages/cartopy/mpl/style.py:76: UserWarning: facecolor will have no effect as it has been defined as "never".
  warnings.warn('facecolor will have no effect as it has been '
/home/pbigalke/miniconda3/envs/my_satpy_env/lib/python3.12/site-packages/cartopy/mpl/style.py:76: UserWarning: facecolor will have no effect as it has been defined as "never".
  warnings.warn('facecolor will have no effect as it has been '
/home/pbigalke/miniconda3/envs/my_satpy_env/lib/python3.12/site-packages/cartopy/mpl/style.py:76: UserWarning: facecolor will have no effect as it has been defined as "never".
  warnings.warn('facecolor will have no effect as it has been '
/home/pbigalke/miniconda3/envs/my_satpy_env/lib/python3.12/site-packages/cartopy/mpl/style.py:76: UserWarning: facecolor will have no effect as it has been defined as "never".
  warnings.warn('facecolor will have no effect as it has been '
/home/pbigalke/miniconda3/envs/my_satpy_env/lib/python3.12/site-packages/cartopy/mpl/style.py:76: UserWarning: facecolor will have no effect as it has been defined as "never".
  warnings.warn('facecolor will have no effect as it has been '
/home/pbigalke/miniconda3/envs/my_satpy_env/lib/python3.12/site-packages/cartopy/mpl/style.py:76: UserWarning: facecolor will have no effect as it has been defined as "never".
  warnings.warn('facecolor will have no effect as it has been '
/home/pbigalke/miniconda3/envs/my_satpy_env/lib/python3.12/site-packages/cartopy/mpl/style.py:76: UserWarning: facecolor will have no effect as it has been defined as "never".
  warnings.warn('facecolor will have no effect as it has been '
/home/pbigalke/miniconda3/envs/my_satpy_env/lib/python3.12/site-packages/cartopy/mpl/style.py:76: UserWarning: facecolor will have no effect as it has been defined as "never".
  warnings.warn('facecolor will have no effect as it has been '
/home/pbigalke/miniconda3/envs/my_satpy_env/lib/python3.12/site-packages/cartopy/mpl/style.py:76: UserWarning: facecolor will have no effect as it has been defined as "never".
  warnings.warn('facecolor will have no effect as it has been '
/home/pbigalke/miniconda3/envs/my_satpy_env/lib/python3.12/site-packages/cartopy/mpl/style.py:76: UserWarning: facecolor will have no effect as it has been defined as "never".
  warnings.warn('facecolor will have no effect as it has been '
/home/pbigalke/miniconda3/envs/my_satpy_env/lib/python3.12/site-packages/cartopy/mpl/style.py:76: UserWarning: facecolor will have no effect as it has been defined as "never".
  warnings.warn('facecolor will have no effect as it has been '
/home/pbigalke/miniconda3/envs/my_satpy_env/lib/python3.12/site-packages/cartopy/mpl/style.py:76: UserWarning: facecolor will have no effect as it has been defined as "never".
  warnings.warn('facecolor will have no effect as it has been '
/home/pbigalke/miniconda3/envs/my_satpy_env/lib/python3.12/site-packages/cartopy/mpl/style.py:76: UserWarning: facecolor will have no effect as it has been defined as "never".
  warnings.warn('facecolor will have no effect as it has been '
/home/pbigalke/miniconda3/envs/my_satpy_env/lib/python3.12/site-packages/cartopy/mpl/style.py:76: UserWarning: facecolor will have no effect as it has been defined as "never".
  warnings.warn('facecolor will have no effect as it has been '
/home/pbigalke/miniconda3/envs/my_satpy_env/lib/python3.12/site-packages/cartopy/mpl/style.py:76: UserWarning: facecolor will have no effect as it has been defined as "never".
  warnings.warn('facecolor will have no effect as it has been '
/home/pbigalke/miniconda3/envs/my_satpy_env/lib/python3.12/site-packages/cartopy/mpl/style.py:76: UserWarning: facecolor will have no effect as it has been defined as "never".
  warnings.warn('facecolor will have no effect as it has been '
/home/pbigalke/miniconda3/envs/my_satpy_env/lib/python3.12/site-packages/cartopy/mpl/style.py:76: UserWarning: facecolor will have no effect as it has been defined as "never".
  warnings.warn('facecolor will have no effect as it has been '
/home/pbigalke/miniconda3/envs/my_satpy_env/lib/python3.12/site-packages/cartopy/mpl/style.py:76: UserWarning: facecolor will have no effect as it has been defined as "never".
  warnings.warn('facecolor will have no effect as it has been '
/home/pbigalke/miniconda3/envs/my_satpy_env/lib/python3.12/site-packages/cartopy/mpl/style.py:76: UserWarning: facecolor will have no effect as it has been defined as "never".
  warnings.warn('facecolor will have no effect as it has been '
/home/pbigalke/miniconda3/envs/my_satpy_env/lib/python3.12/site-packages/cartopy/mpl/style.py:76: UserWarning: facecolor will have no effect as it has been defined as "never".
  warnings.warn('facecolor will have no effect as it has been '
/home/pbigalke/miniconda3/envs/my_satpy_env/lib/python3.12/site-packages/cartopy/mpl/style.py:76: UserWarning: facecolor will have no effect as it has been defined as "never".
  warnings.warn('facecolor will have no effect as it has been '
/home/pbigalke/miniconda3/envs/my_satpy_env/lib/python3.12/site-packages/cartopy/mpl/style.py:76: UserWarning: facecolor will have no effect as it has been defined as "never".
  warnings.warn('facecolor will have no effect as it has been '
/home/pbigalke/miniconda3/envs/my_satpy_env/lib/python3.12/site-packages/cartopy/mpl/style.py:76: UserWarning: facecolor will have no effect as it has been defined as "never".
  warnings.warn('facecolor will have no effect as it has been '
/home/pbigalke/miniconda3/envs/my_satpy_env/lib/python3.12/site-packages/cartopy/mpl/style.py:76: UserWarning: facecolor will have no effect as it has been defined as "never".
  warnings.warn('facecolor will have no effect as it has been '
/home/pbigalke/miniconda3/envs/my_satpy_env/lib/python3.12/site-packages/cartopy/mpl/style.py:76: UserWarning: facecolor will have no effect as it has been defined as "never".
  warnings.warn('facecolor will have no effect as it has been '
/home/pbigalke/miniconda3/envs/my_satpy_env/lib/python3.12/site-packages/cartopy/mpl/style.py:76: UserWarning: facecolor will have no effect as it has been defined as "never".
  warnings.warn('facecolor will have no effect as it has been '
/home/pbigalke/miniconda3/envs/my_satpy_env/lib/python3.12/site-packages/cartopy/mpl/style.py:76: UserWarning: facecolor will have no effect as it has been defined as "never".
  warnings.warn('facecolor will have no effect as it has been '
/home/pbigalke/miniconda3/envs/my_satpy_env/lib/python3.12/site-packages/cartopy/mpl/style.py:76: UserWarning: facecolor will have no effect as it has been defined as "never".
  warnings.warn('facecolor will have no effect as it has been '
/home/pbigalke/miniconda3/envs/my_satpy_env/lib/python3.12/site-packages/cartopy/mpl/style.py:76: UserWarning: facecolor will have no effect as it has been defined as "never".
  warnings.warn('facecolor will have no effect as it has been '
/home/pbigalke/miniconda3/envs/my_satpy_env/lib/python3.12/site-packages/cartopy/mpl/style.py:76: UserWarning: facecolor will have no effect as it has been defined as "never".
  warnings.warn('facecolor will have no effect as it has been '
/home/pbigalke/miniconda3/envs/my_satpy_env/lib/python3.12/site-packages/cartopy/mpl/style.py:76: UserWarning: facecolor will have no effect as it has been defined as "never".
  warnings.warn('facecolor will have no effect as it has been '
/home/pbigalke/miniconda3/envs/my_satpy_env/lib/python3.12/site-packages/cartopy/mpl/style.py:76: UserWarning: facecolor will have no effect as it has been defined as "never".
  warnings.warn('facecolor will have no effect as it has been '
/home/pbigalke/miniconda3/envs/my_satpy_env/lib/python3.12/site-packages/cartopy/mpl/style.py:76: UserWarning: facecolor will have no effect as it has been defined as "never".
  warnings.warn('facecolor will have no effect as it has been '
/home/pbigalke/miniconda3/envs/my_satpy_env/lib/python3.12/site-packages/cartopy/mpl/style.py:76: UserWarning: facecolor will have no effect as it has been defined as "never".
  warnings.warn('facecolor will have no effect as it has been '
/home/pbigalke/miniconda3/envs/my_satpy_env/lib/python3.12/site-packages/cartopy/mpl/style.py:76: UserWarning: facecolor will have no effect as it has been defined as "never".
  warnings.warn('facecolor will have no effect as it has been '
/home/pbigalke/miniconda3/envs/my_satpy_env/lib/python3.12/site-packages/cartopy/mpl/style.py:76: UserWarning: facecolor will have no effect as it has been defined as "never".
  warnings.warn('facecolor will have no effect as it has been '
/home/pbigalke/miniconda3/envs/my_satpy_env/lib/python3.12/site-packages/cartopy/mpl/style.py:76: UserWarning: facecolor will have no effect as it has been defined as "never".
  warnings.warn('facecolor will have no effect as it has been '
/home/pbigalke/miniconda3/envs/my_satpy_env/lib/python3.12/site-packages/cartopy/mpl/style.py:76: UserWarning: facecolor will have no effect as it has been defined as "never".
  warnings.warn('facecolor will have no effect as it has been '
/home/pbigalke/miniconda3/envs/my_satpy_env/lib/python3.12/site-packages/cartopy/mpl/style.py:76: UserWarning: facecolor will have no effect as it has been defined as "never".
  warnings.warn('facecolor will have no effect as it has been '
/home/pbigalke/miniconda3/envs/my_satpy_env/lib/python3.12/site-packages/cartopy/mpl/style.py:76: UserWarning: facecolor will have no effect as it has been defined as "never".
  warnings.warn('facecolor will have no effect as it has been '
/home/pbigalke/miniconda3/envs/my_satpy_env/lib/python3.12/site-packages/cartopy/mpl/style.py:76: UserWarning: facecolor will have no effect as it has been defined as "never".
  warnings.warn('facecolor will have no effect as it has been '
/home/pbigalke/miniconda3/envs/my_satpy_env/lib/python3.12/site-packages/cartopy/mpl/style.py:76: UserWarning: facecolor will have no effect as it has been defined as "never".
  warnings.warn('facecolor will have no effect as it has been '
/home/pbigalke/miniconda3/envs/my_satpy_env/lib/python3.12/site-packages/cartopy/mpl/style.py:76: UserWarning: facecolor will have no effect as it has been defined as "never".
  warnings.warn('facecolor will have no effect as it has been '
/home/pbigalke/miniconda3/envs/my_satpy_env/lib/python3.12/site-packages/cartopy/mpl/style.py:76: UserWarning: facecolor will have no effect as it has been defined as "never".
  warnings.warn('facecolor will have no effect as it has been '
/home/pbigalke/miniconda3/envs/my_satpy_env/lib/python3.12/site-packages/cartopy/mpl/style.py:76: UserWarning: facecolor will have no effect as it has been defined as "never".
  warnings.warn('facecolor will have no effect as it has been '
/home/pbigalke/miniconda3/envs/my_satpy_env/lib/python3.12/site-packages/cartopy/mpl/style.py:76: UserWarning: facecolor will have no effect as it has been defined as "never".
  warnings.warn('facecolor will have no effect as it has been '
/home/pbigalke/miniconda3/envs/my_satpy_env/lib/python3.12/site-packages/cartopy/mpl/style.py:76: UserWarning: facecolor will have no effect as it has been defined as "never".
  warnings.warn('facecolor will have no effect as it has been '
/home/pbigalke/miniconda3/envs/my_satpy_env/lib/python3.12/site-packages/cartopy/mpl/style.py:76: UserWarning: facecolor will have no effect as it has been defined as "never".
  warnings.warn('facecolor will have no effect as it has been '
/home/pbigalke/miniconda3/envs/my_satpy_env/lib/python3.12/site-packages/cartopy/mpl/style.py:76: UserWarning: facecolor will have no effect as it has been defined as "never".
  warnings.warn('facecolor will have no effect as it has been '
/home/pbigalke/miniconda3/envs/my_satpy_env/lib/python3.12/site-packages/cartopy/mpl/style.py:76: UserWarning: facecolor will have no effect as it has been defined as "never".
  warnings.warn('facecolor will have no effect as it has been '
/home/pbigalke/miniconda3/envs/my_satpy_env/lib/python3.12/site-packages/cartopy/mpl/style.py:76: UserWarning: facecolor will have no effect as it has been defined as "never".
  warnings.warn('facecolor will have no effect as it has been '
/home/pbigalke/miniconda3/envs/my_satpy_env/lib/python3.12/site-packages/cartopy/mpl/style.py:76: UserWarning: facecolor will have no effect as it has been defined as "never".
  warnings.warn('facecolor will have no effect as it has been '
/home/pbigalke/miniconda3/envs/my_satpy_env/lib/python3.12/site-packages/cartopy/mpl/style.py:76: UserWarning: facecolor will have no effect as it has been defined as "never".
  warnings.warn('facecolor will have no effect as it has been '
/home/pbigalke/miniconda3/envs/my_satpy_env/lib/python3.12/site-packages/cartopy/mpl/style.py:76: UserWarning: facecolor will have no effect as it has been defined as "never".
  warnings.warn('facecolor will have no effect as it has been '
/home/pbigalke/miniconda3/envs/my_satpy_env/lib/python3.12/site-packages/cartopy/mpl/style.py:76: UserWarning: facecolor will have no effect as it has been defined as "never".
  warnings.warn('facecolor will have no effect as it has been '
/home/pbigalke/miniconda3/envs/my_satpy_env/lib/python3.12/site-packages/cartopy/mpl/style.py:76: UserWarning: facecolor will have no effect as it has been defined as "never".
  warnings.warn('facecolor will have no effect as it has been '
/home/pbigalke/miniconda3/envs/my_satpy_env/lib/python3.12/site-packages/cartopy/mpl/style.py:76: UserWarning: facecolor will have no effect as it has been defined as "never".
  warnings.warn('facecolor will have no effect as it has been '
/home/pbigalke/miniconda3/envs/my_satpy_env/lib/python3.12/site-packages/cartopy/mpl/style.py:76: UserWarning: facecolor will have no effect as it has been defined as "never".
  warnings.warn('facecolor will have no effect as it has been '
/home/pbigalke/miniconda3/envs/my_satpy_env/lib/python3.12/site-packages/cartopy/mpl/style.py:76: UserWarning: facecolor will have no effect as it has been defined as "never".
  warnings.warn('facecolor will have no effect as it has been '
/home/pbigalke/miniconda3/envs/my_satpy_env/lib/python3.12/site-packages/cartopy/mpl/style.py:76: UserWarning: facecolor will have no effect as it has been defined as "never".
  warnings.warn('facecolor will have no effect as it has been '
/home/pbigalke/miniconda3/envs/my_satpy_env/lib/python3.12/site-packages/cartopy/mpl/style.py:76: UserWarning: facecolor will have no effect as it has been defined as "never".
  warnings.warn('facecolor will have no effect as it has been '
/home/pbigalke/miniconda3/envs/my_satpy_env/lib/python3.12/site-packages/cartopy/mpl/style.py:76: UserWarning: facecolor will have no effect as it has been defined as "never".
  warnings.warn('facecolor will have no effect as it has been '
/home/pbigalke/miniconda3/envs/my_satpy_env/lib/python3.12/site-packages/cartopy/mpl/style.py:76: UserWarning: facecolor will have no effect as it has been defined as "never".
  warnings.warn('facecolor will have no effect as it has been '
/home/pbigalke/miniconda3/envs/my_satpy_env/lib/python3.12/site-packages/cartopy/mpl/style.py:76: UserWarning: facecolor will have no effect as it has been defined as "never".
  warnings.warn('facecolor will have no effect as it has been '
/home/pbigalke/miniconda3/envs/my_satpy_env/lib/python3.12/site-packages/cartopy/mpl/style.py:76: UserWarning: facecolor will have no effect as it has been defined as "never".
  warnings.warn('facecolor will have no effect as it has been '
/home/pbigalke/miniconda3/envs/my_satpy_env/lib/python3.12/site-packages/cartopy/mpl/style.py:76: UserWarning: facecolor will have no effect as it has been defined as "never".
  warnings.warn('facecolor will have no effect as it has been '
/home/pbigalke/miniconda3/envs/my_satpy_env/lib/python3.12/site-packages/cartopy/mpl/style.py:76: UserWarning: facecolor will have no effect as it has been defined as "never".
  warnings.warn('facecolor will have no effect as it has been '
/home/pbigalke/miniconda3/envs/my_satpy_env/lib/python3.12/site-packages/cartopy/mpl/style.py:76: UserWarning: facecolor will have no effect as it has been defined as "never".
  warnings.warn('facecolor will have no effect as it has been '
/home/pbigalke/miniconda3/envs/my_satpy_env/lib/python3.12/site-packages/cartopy/mpl/style.py:76: UserWarning: facecolor will have no effect as it has been defined as "never".
  warnings.warn('facecolor will have no effect as it has been '
/home/pbigalke/miniconda3/envs/my_satpy_env/lib/python3.12/site-packages/cartopy/mpl/style.py:76: UserWarning: facecolor will have no effect as it has been defined as "never".
  warnings.warn('facecolor will have no effect as it has been '
/home/pbigalke/miniconda3/envs/my_satpy_env/lib/python3.12/site-packages/cartopy/mpl/style.py:76: UserWarning: facecolor will have no effect as it has been defined as "never".
  warnings.warn('facecolor will have no effect as it has been '
/home/pbigalke/miniconda3/envs/my_satpy_env/lib/python3.12/site-packages/cartopy/mpl/style.py:76: UserWarning: facecolor will have no effect as it has been defined as "never".
  warnings.warn('facecolor will have no effect as it has been '
/home/pbigalke/miniconda3/envs/my_satpy_env/lib/python3.12/site-packages/cartopy/mpl/style.py:76: UserWarning: facecolor will have no effect as it has been defined as "never".
  warnings.warn('facecolor will have no effect as it has been '
/home/pbigalke/miniconda3/envs/my_satpy_env/lib/python3.12/site-packages/cartopy/mpl/style.py:76: UserWarning: facecolor will have no effect as it has been defined as "never".
  warnings.warn('facecolor will have no effect as it has been '
/home/pbigalke/miniconda3/envs/my_satpy_env/lib/python3.12/site-packages/cartopy/mpl/style.py:76: UserWarning: facecolor will have no effect as it has been defined as "never".
  warnings.warn('facecolor will have no effect as it has been '
/home/pbigalke/miniconda3/envs/my_satpy_env/lib/python3.12/site-packages/cartopy/mpl/style.py:76: UserWarning: facecolor will have no effect as it has been defined as "never".
  warnings.warn('facecolor will have no effect as it has been '
/home/pbigalke/miniconda3/envs/my_satpy_env/lib/python3.12/site-packages/cartopy/mpl/style.py:76: UserWarning: facecolor will have no effect as it has been defined as "never".
  warnings.warn('facecolor will have no effect as it has been '
/home/pbigalke/miniconda3/envs/my_satpy_env/lib/python3.12/site-packages/cartopy/mpl/style.py:76: UserWarning: facecolor will have no effect as it has been defined as "never".
  warnings.warn('facecolor will have no effect as it has been '
/home/pbigalke/miniconda3/envs/my_satpy_env/lib/python3.12/site-packages/cartopy/mpl/style.py:76: UserWarning: facecolor will have no effect as it has been defined as "never".
  warnings.warn('facecolor will have no effect as it has been '
/home/pbigalke/miniconda3/envs/my_satpy_env/lib/python3.12/site-packages/cartopy/mpl/style.py:76: UserWarning: facecolor will have no effect as it has been defined as "never".
  warnings.warn('facecolor will have no effect as it has been '
/home/pbigalke/miniconda3/envs/my_satpy_env/lib/python3.12/site-packages/cartopy/mpl/style.py:76: UserWarning: facecolor will have no effect as it has been defined as "never".
  warnings.warn('facecolor will have no effect as it has been '
/home/pbigalke/miniconda3/envs/my_satpy_env/lib/python3.12/site-packages/cartopy/mpl/style.py:76: UserWarning: facecolor will have no effect as it has been defined as "never".
  warnings.warn('facecolor will have no effect as it has been '
/home/pbigalke/miniconda3/envs/my_satpy_env/lib/python3.12/site-packages/cartopy/mpl/style.py:76: UserWarning: facecolor will have no effect as it has been defined as "never".
  warnings.warn('facecolor will have no effect as it has been '
/home/pbigalke/miniconda3/envs/my_satpy_env/lib/python3.12/site-packages/cartopy/mpl/style.py:76: UserWarning: facecolor will have no effect as it has been defined as "never".
  warnings.warn('facecolor will have no effect as it has been '
/home/pbigalke/miniconda3/envs/my_satpy_env/lib/python3.12/site-packages/cartopy/mpl/style.py:76: UserWarning: facecolor will have no effect as it has been defined as "never".
  warnings.warn('facecolor will have no effect as it has been '
/home/pbigalke/miniconda3/envs/my_satpy_env/lib/python3.12/site-packages/cartopy/mpl/style.py:76: UserWarning: facecolor will have no effect as it has been defined as "never".
  warnings.warn('facecolor will have no effect as it has been '
/home/pbigalke/miniconda3/envs/my_satpy_env/lib/python3.12/site-packages/cartopy/mpl/style.py:76: UserWarning: facecolor will have no effect as it has been defined as "never".
  warnings.warn('facecolor will have no effect as it has been '
/home/pbigalke/miniconda3/envs/my_satpy_env/lib/python3.12/site-packages/cartopy/mpl/style.py:76: UserWarning: facecolor will have no effect as it has been defined as "never".
  warnings.warn('facecolor will have no effect as it has been '
/home/pbigalke/miniconda3/envs/my_satpy_env/lib/python3.12/site-packages/cartopy/mpl/style.py:76: UserWarning: facecolor will have no effect as it has been defined as "never".
  warnings.warn('facecolor will have no effect as it has been '
/home/pbigalke/miniconda3/envs/my_satpy_env/lib/python3.12/site-packages/cartopy/mpl/style.py:76: UserWarning: facecolor will have no effect as it has been defined as "never".
  warnings.warn('facecolor will have no effect as it has been '
/home/pbigalke/miniconda3/envs/my_satpy_env/lib/python3.12/site-packages/cartopy/mpl/style.py:76: UserWarning: facecolor will have no effect as it has been defined as "never".
  warnings.warn('facecolor will have no effect as it has been '
/home/pbigalke/miniconda3/envs/my_satpy_env/lib/python3.12/site-packages/cartopy/mpl/style.py:76: UserWarning: facecolor will have no effect as it has been defined as "never".
  warnings.warn('facecolor will have no effect as it has been '
/home/pbigalke/miniconda3/envs/my_satpy_env/lib/python3.12/site-packages/cartopy/mpl/style.py:76: UserWarning: facecolor will have no effect as it has been defined as "never".
  warnings.warn('facecolor will have no effect as it has been '
/home/pbigalke/miniconda3/envs/my_satpy_env/lib/python3.12/site-packages/cartopy/mpl/style.py:76: UserWarning: facecolor will have no effect as it has been defined as "never".
  warnings.warn('facecolor will have no effect as it has been '
/home/pbigalke/miniconda3/envs/my_satpy_env/lib/python3.12/site-packages/cartopy/mpl/style.py:76: UserWarning: facecolor will have no effect as it has been defined as "never".
  warnings.warn('facecolor will have no effect as it has been '
/home/pbigalke/miniconda3/envs/my_satpy_env/lib/python3.12/site-packages/cartopy/mpl/style.py:76: UserWarning: facecolor will have no effect as it has been defined as "never".
  warnings.warn('facecolor will have no effect as it has been '
/home/pbigalke/miniconda3/envs/my_satpy_env/lib/python3.12/site-packages/cartopy/mpl/style.py:76: UserWarning: facecolor will have no effect as it has been defined as "never".
  warnings.warn('facecolor will have no effect as it has been '
/home/pbigalke/miniconda3/envs/my_satpy_env/lib/python3.12/site-packages/cartopy/mpl/style.py:76: UserWarning: facecolor will have no effect as it has been defined as "never".
  warnings.warn('facecolor will have no effect as it has been '
/home/pbigalke/miniconda3/envs/my_satpy_env/lib/python3.12/site-packages/cartopy/mpl/style.py:76: UserWarning: facecolor will have no effect as it has been defined as "never".
  warnings.warn('facecolor will have no effect as it has been '
/home/pbigalke/miniconda3/envs/my_satpy_env/lib/python3.12/site-packages/cartopy/mpl/style.py:76: UserWarning: facecolor will have no effect as it has been defined as "never".
  warnings.warn('facecolor will have no effect as it has been '
/home/pbigalke/miniconda3/envs/my_satpy_env/lib/python3.12/site-packages/cartopy/mpl/style.py:76: UserWarning: facecolor will have no effect as it has been defined as "never".
  warnings.warn('facecolor will have no effect as it has been '
/home/pbigalke/miniconda3/envs/my_satpy_env/lib/python3.12/site-packages/cartopy/mpl/style.py:76: UserWarning: facecolor will have no effect as it has been defined as "never".
  warnings.warn('facecolor will have no effect as it has been '
/home/pbigalke/miniconda3/envs/my_satpy_env/lib/python3.12/site-packages/cartopy/mpl/style.py:76: UserWarning: facecolor will have no effect as it has been defined as "never".
  warnings.warn('facecolor will have no effect as it has been '
/home/pbigalke/miniconda3/envs/my_satpy_env/lib/python3.12/site-packages/cartopy/mpl/style.py:76: UserWarning: facecolor will have no effect as it has been defined as "never".
  warnings.warn('facecolor will have no effect as it has been '
/home/pbigalke/miniconda3/envs/my_satpy_env/lib/python3.12/site-packages/cartopy/mpl/style.py:76: UserWarning: facecolor will have no effect as it has been defined as "never".
  warnings.warn('facecolor will have no effect as it has been '
/home/pbigalke/miniconda3/envs/my_satpy_env/lib/python3.12/site-packages/cartopy/mpl/style.py:76: UserWarning: facecolor will have no effect as it has been defined as "never".
  warnings.warn('facecolor will have no effect as it has been '
/home/pbigalke/miniconda3/envs/my_satpy_env/lib/python3.12/site-packages/cartopy/mpl/style.py:76: UserWarning: facecolor will have no effect as it has been defined as "never".
  warnings.warn('facecolor will have no effect as it has been '
/home/pbigalke/miniconda3/envs/my_satpy_env/lib/python3.12/site-packages/cartopy/mpl/style.py:76: UserWarning: facecolor will have no effect as it has been defined as "never".
  warnings.warn('facecolor will have no effect as it has been '
/home/pbigalke/miniconda3/envs/my_satpy_env/lib/python3.12/site-packages/cartopy/mpl/style.py:76: UserWarning: facecolor will have no effect as it has been defined as "never".
  warnings.warn('facecolor will have no effect as it has been '
/home/pbigalke/miniconda3/envs/my_satpy_env/lib/python3.12/site-packages/cartopy/mpl/style.py:76: UserWarning: facecolor will have no effect as it has been defined as "never".
  warnings.warn('facecolor will have no effect as it has been '
/home/pbigalke/miniconda3/envs/my_satpy_env/lib/python3.12/site-packages/cartopy/mpl/style.py:76: UserWarning: facecolor will have no effect as it has been defined as "never".
  warnings.warn('facecolor will have no effect as it has been '
/home/pbigalke/miniconda3/envs/my_satpy_env/lib/python3.12/site-packages/cartopy/mpl/style.py:76: UserWarning: facecolor will have no effect as it has been defined as "never".
  warnings.warn('facecolor will have no effect as it has been '
/home/pbigalke/miniconda3/envs/my_satpy_env/lib/python3.12/site-packages/cartopy/mpl/style.py:76: UserWarning: facecolor will have no effect as it has been defined as "never".
  warnings.warn('facecolor will have no effect as it has been '
['/data/sat/msg/rapid_scan/netcdf/noparallax/2022/06/20220605-EXPATS-RG.nc']
2022-06-05T00:00:00.000000000
file saved
2022-06-05T00:05:00.000000000
file saved
2022-06-05T00:10:00.000000000
file saved
2022-06-05T00:15:00.000000000
file saved
2022-06-05T00:20:00.000000000
file saved
2022-06-05T00:25:00.000000000
file saved
2022-06-05T00:30:00.000000000
file saved
2022-06-05T00:35:00.000000000
file saved
2022-06-05T00:40:00.000000000
file saved
2022-06-05T00:45:00.000000000
file saved
2022-06-05T00:50:00.000000000
file saved
2022-06-05T00:55:00.000000000
file saved
2022-06-05T01:00:00.000000000
msg start, end  100 105
mwcch start, end  100 102

file saved
2022-06-05T01:05:00.000000000
file saved
2022-06-05T01:10:00.000000000
file saved
2022-06-05T01:15:00.000000000
msg start, end  115 120
mwcch start, end  119 121

file saved
2022-06-05T01:20:00.000000000
msg start, end  120 125
mwcch start, end  119 121

file saved
2022-06-05T01:25:00.000000000
file saved
2022-06-05T01:30:00.000000000
file saved
2022-06-05T01:35:00.000000000
file saved
2022-06-05T01:40:00.000000000
file saved
2022-06-05T01:45:00.000000000
file saved
2022-06-05T01:50:00.000000000
file saved
2022-06-05T01:55:00.000000000
file saved
2022-06-05T02:00:00.000000000
file saved
2022-06-05T02:05:00.000000000
msg start, end  205 210
mwcch start, end  208 209

file saved
2022-06-05T02:10:00.000000000
file saved
2022-06-05T02:15:00.000000000
file saved
2022-06-05T02:20:00.000000000
file saved
2022-06-05T02:25:00.000000000
file saved
2022-06-05T02:30:00.000000000
file saved
2022-06-05T02:35:00.000000000
file saved
2022-06-05T02:40:00.000000000
file saved
2022-06-05T02:45:00.000000000
file saved
2022-06-05T02:50:00.000000000
file saved
2022-06-05T02:55:00.000000000
file saved
2022-06-05T03:00:00.000000000
file saved
2022-06-05T03:05:00.000000000
file saved
2022-06-05T03:10:00.000000000
file saved
2022-06-05T03:15:00.000000000
file saved
2022-06-05T03:20:00.000000000
file saved
2022-06-05T03:25:00.000000000
file saved
2022-06-05T03:30:00.000000000
file saved
2022-06-05T03:35:00.000000000
file saved
2022-06-05T03:40:00.000000000
msg start, end  340 345
mwcch start, end  340 341

file saved
2022-06-05T03:45:00.000000000
file saved
2022-06-05T03:50:00.000000000
file saved
2022-06-05T03:55:00.000000000
file saved
2022-06-05T04:00:00.000000000
file saved
2022-06-05T04:05:00.000000000
file saved
2022-06-05T04:10:00.000000000
file saved
2022-06-05T04:15:00.000000000
file saved
2022-06-05T04:20:00.000000000
file saved
2022-06-05T04:25:00.000000000
file saved
2022-06-05T04:30:00.000000000
file saved
2022-06-05T04:35:00.000000000
file saved
2022-06-05T04:40:00.000000000
file saved
2022-06-05T04:45:00.000000000
file saved
2022-06-05T04:50:00.000000000
file saved
2022-06-05T04:55:00.000000000
file saved
2022-06-05T05:00:00.000000000
file saved
2022-06-05T05:05:00.000000000
file saved
2022-06-05T05:10:00.000000000
file saved
2022-06-05T05:15:00.000000000
msg start, end  515 520
mwcch start, end  518 522

file saved
2022-06-05T05:20:00.000000000
msg start, end  520 525
mwcch start, end  518 522

file saved
2022-06-05T05:25:00.000000000
file saved
2022-06-05T05:30:00.000000000
file saved
2022-06-05T05:35:00.000000000
file saved
2022-06-05T05:40:00.000000000
file saved
2022-06-05T05:45:00.000000000
file saved
2022-06-05T05:50:00.000000000
file saved
2022-06-05T05:55:00.000000000
file saved
2022-06-05T06:00:00.000000000
file saved
2022-06-05T06:05:00.000000000
file saved
2022-06-05T06:10:00.000000000
file saved
2022-06-05T06:15:00.000000000
file saved
2022-06-05T06:20:00.000000000
file saved
2022-06-05T06:25:00.000000000
file saved
2022-06-05T06:30:00.000000000
file saved
2022-06-05T06:35:00.000000000
file saved
2022-06-05T06:40:00.000000000
file saved
2022-06-05T06:45:00.000000000
file saved
2022-06-05T06:50:00.000000000
msg start, end  650 655
mwcch start, end  650 653

file saved
2022-06-05T06:55:00.000000000
file saved
2022-06-05T07:00:00.000000000
file saved
2022-06-05T07:05:00.000000000
file saved
2022-06-05T07:10:00.000000000
file saved
2022-06-05T07:15:00.000000000
file saved
2022-06-05T07:20:00.000000000
file saved
2022-06-05T07:25:00.000000000
file saved
2022-06-05T07:30:00.000000000
file saved
2022-06-05T07:35:00.000000000
file saved
2022-06-05T07:40:00.000000000
file saved
2022-06-05T07:45:00.000000000
file saved
2022-06-05T07:50:00.000000000
file saved
2022-06-05T07:55:00.000000000
file saved
2022-06-05T08:00:00.000000000
file saved
2022-06-05T08:05:00.000000000
file saved
2022-06-05T08:10:00.000000000
file saved
2022-06-05T08:15:00.000000000
file saved
2022-06-05T08:20:00.000000000
file saved
2022-06-05T08:25:00.000000000
file saved
2022-06-05T08:30:00.000000000
file saved
2022-06-05T08:35:00.000000000
msg start, end  835 840
mwcch start, end  838 839

file saved
2022-06-05T08:40:00.000000000
file saved
2022-06-05T08:45:00.000000000
file saved
2022-06-05T08:50:00.000000000
file saved
2022-06-05T08:55:00.000000000
msg start, end  855 900
mwcch start, end  700 859

file saved
2022-06-05T09:00:00.000000000
file saved
2022-06-05T09:05:00.000000000
file saved
2022-06-05T09:10:00.000000000
file saved
2022-06-05T09:15:00.000000000
file saved
2022-06-05T09:20:00.000000000
msg start, end  920 925
mwcch start, end  924 927

file saved
2022-06-05T09:25:00.000000000
msg start, end  925 930
mwcch start, end  924 927

file saved
2022-06-05T09:30:00.000000000
file saved
2022-06-05T09:35:00.000000000
file saved
2022-06-05T09:40:00.000000000
file saved
2022-06-05T09:45:00.000000000
file saved
2022-06-05T09:50:00.000000000
file saved
2022-06-05T09:55:00.000000000
file saved
2022-06-05T10:00:00.000000000
file saved
2022-06-05T10:05:00.000000000
file saved
2022-06-05T10:10:00.000000000
file saved
2022-06-05T10:15:00.000000000
msg start, end  1015 1020
mwcch start, end  1017 1017

file saved
2022-06-05T10:20:00.000000000
file saved
2022-06-05T10:25:00.000000000
file saved
2022-06-05T10:30:00.000000000
file saved
2022-06-05T10:35:00.000000000
file saved
2022-06-05T10:40:00.000000000
file saved
2022-06-05T10:45:00.000000000
file saved
2022-06-05T10:50:00.000000000
file saved
2022-06-05T10:55:00.000000000
file saved
2022-06-05T11:00:00.000000000
file saved
2022-06-05T11:05:00.000000000
file saved
2022-06-05T11:10:00.000000000
file saved
2022-06-05T11:15:00.000000000
file saved
2022-06-05T11:20:00.000000000
file saved
2022-06-05T11:25:00.000000000
file saved
2022-06-05T11:30:00.000000000
file saved
2022-06-05T11:35:00.000000000
file saved
2022-06-05T11:40:00.000000000
file saved
2022-06-05T11:45:00.000000000
file saved
2022-06-05T11:50:00.000000000
msg start, end  1150 1155
mwcch start, end  1153 1156

file saved
2022-06-05T11:55:00.000000000
msg start, end  1155 1200
mwcch start, end  1153 1156

file saved
2022-06-05T12:00:00.000000000
file saved
2022-06-05T12:05:00.000000000
file saved
2022-06-05T12:10:00.000000000
file saved
2022-06-05T12:15:00.000000000
file saved
2022-06-05T12:20:00.000000000
file saved
2022-06-05T12:25:00.000000000
file saved
2022-06-05T12:30:00.000000000
file saved
2022-06-05T12:35:00.000000000
file saved
2022-06-05T12:40:00.000000000
file saved
2022-06-05T12:45:00.000000000
msg start, end  1245 1250
mwcch start, end  1245 1247

file saved
2022-06-05T12:50:00.000000000
file saved
2022-06-05T12:55:00.000000000
file saved
2022-06-05T13:00:00.000000000
file saved
2022-06-05T13:05:00.000000000
file saved
2022-06-05T13:10:00.000000000
file saved
2022-06-05T13:15:00.000000000
file saved
2022-06-05T13:20:00.000000000
file saved
2022-06-05T13:25:00.000000000
file saved
2022-06-05T13:30:00.000000000
file saved
2022-06-05T13:35:00.000000000
file saved
2022-06-05T13:40:00.000000000
file saved
2022-06-05T13:45:00.000000000
file saved
2022-06-05T13:50:00.000000000
file saved
2022-06-05T13:55:00.000000000
file saved
2022-06-05T14:00:00.000000000
file saved
2022-06-05T14:05:00.000000000
file saved
2022-06-05T14:10:00.000000000
file saved
2022-06-05T14:15:00.000000000
file saved
2022-06-05T14:20:00.000000000
file saved
2022-06-05T14:25:00.000000000
file saved
2022-06-05T14:30:00.000000000
file saved
2022-06-05T14:35:00.000000000
file saved
2022-06-05T14:40:00.000000000
file saved
2022-06-05T14:45:00.000000000
file saved
2022-06-05T14:50:00.000000000
file saved
2022-06-05T14:55:00.000000000
file saved
2022-06-05T15:00:00.000000000
file saved
2022-06-05T15:05:00.000000000
msg start, end  1505 1510
mwcch start, end  1506 1509

file saved
2022-06-05T15:10:00.000000000
file saved
2022-06-05T15:15:00.000000000
file saved
2022-06-05T15:20:00.000000000
file saved
2022-06-05T15:25:00.000000000
file saved
2022-06-05T15:30:00.000000000
file saved
2022-06-05T15:35:00.000000000
file saved
2022-06-05T15:40:00.000000000
file saved
2022-06-05T15:45:00.000000000
file saved
2022-06-05T15:50:00.000000000
file saved
2022-06-05T15:55:00.000000000
file saved
2022-06-05T16:00:00.000000000
file saved
2022-06-05T16:05:00.000000000
file saved
2022-06-05T16:10:00.000000000
file saved
2022-06-05T16:15:00.000000000
file saved
2022-06-05T16:20:00.000000000
file saved
2022-06-05T16:25:00.000000000
file saved
2022-06-05T16:30:00.000000000
file saved
2022-06-05T16:35:00.000000000
msg start, end  1635 1640
mwcch start, end  1637 1641

file saved
2022-06-05T16:40:00.000000000
msg start, end  1640 1645
mwcch start, end  1637 1641

file saved
2022-06-05T16:45:00.000000000
file saved
2022-06-05T16:50:00.000000000
file saved
2022-06-05T16:55:00.000000000
file saved
2022-06-05T17:00:00.000000000
file saved
2022-06-05T17:05:00.000000000
file saved
2022-06-05T17:10:00.000000000
file saved
2022-06-05T17:15:00.000000000
file saved
2022-06-05T17:20:00.000000000
file saved
2022-06-05T17:25:00.000000000
file saved
2022-06-05T17:30:00.000000000
file saved
2022-06-05T17:35:00.000000000
file saved
2022-06-05T17:40:00.000000000
file saved
2022-06-05T17:45:00.000000000
msg start, end  1745 1750
mwcch start, end  1747 1750

file saved
2022-06-05T17:50:00.000000000
file saved
2022-06-05T17:55:00.000000000
file saved
2022-06-05T18:00:00.000000000
file saved
2022-06-05T18:05:00.000000000
file saved
2022-06-05T18:10:00.000000000
file saved
2022-06-05T18:15:00.000000000
file saved
2022-06-05T18:20:00.000000000
msg start, end  1820 1825
mwcch start, end  1820 1821

file saved
2022-06-05T18:25:00.000000000
file saved
2022-06-05T18:30:00.000000000
file saved
2022-06-05T18:35:00.000000000
file saved
2022-06-05T18:40:00.000000000
file saved
2022-06-05T18:45:00.000000000
file saved
2022-06-05T18:50:00.000000000
file saved
2022-06-05T18:55:00.000000000
file saved
2022-06-05T19:00:00.000000000
file saved
2022-06-05T19:05:00.000000000
file saved
2022-06-05T19:10:00.000000000
file saved
2022-06-05T19:15:00.000000000
file saved
2022-06-05T19:20:00.000000000
file saved
2022-06-05T19:25:00.000000000
file saved
2022-06-05T19:30:00.000000000
file saved
2022-06-05T19:35:00.000000000
file saved
2022-06-05T19:40:00.000000000
file saved
2022-06-05T19:45:00.000000000
file saved
2022-06-05T19:50:00.000000000
file saved
2022-06-05T19:55:00.000000000
file saved
2022-06-05T20:00:00.000000000
msg start, end  2000 2005
mwcch start, end  2001 2004

file saved
2022-06-05T20:05:00.000000000
file saved
2022-06-05T20:10:00.000000000
file saved
2022-06-05T20:15:00.000000000
file saved
2022-06-05T20:20:00.000000000
file saved
2022-06-05T20:25:00.000000000
file saved
2022-06-05T20:30:00.000000000
file saved
2022-06-05T20:35:00.000000000
file saved
2022-06-05T20:40:00.000000000
file saved
2022-06-05T20:45:00.000000000
msg start, end  2045 2050
mwcch start, end  2049 2052

file saved
2022-06-05T20:50:00.000000000
msg start, end  2050 2055
mwcch start, end  2049 2052

file saved
2022-06-05T20:55:00.000000000
file saved
2022-06-05T21:00:00.000000000
file saved
2022-06-05T21:05:00.000000000
file saved
2022-06-05T21:10:00.000000000
file saved
2022-06-05T21:15:00.000000000
file saved
2022-06-05T21:20:00.000000000
file saved
2022-06-05T21:25:00.000000000
file saved
2022-06-05T21:30:00.000000000
file saved
2022-06-05T21:35:00.000000000
file saved
2022-06-05T21:40:00.000000000
file saved
2022-06-05T21:45:00.000000000
file saved
2022-06-05T21:50:00.000000000
file saved
2022-06-05T21:55:00.000000000
file saved
2022-06-05T22:00:00.000000000
file saved
2022-06-05T22:05:00.000000000
file saved
2022-06-05T22:10:00.000000000
file saved
2022-06-05T22:15:00.000000000
file saved
2022-06-05T22:20:00.000000000
file saved
2022-06-05T22:25:00.000000000
file saved
2022-06-05T22:30:00.000000000
file saved
2022-06-05T22:35:00.000000000
file saved
2022-06-05T22:40:00.000000000
file saved
2022-06-05T22:45:00.000000000
file saved
2022-06-05T22:50:00.000000000
file saved
2022-06-05T22:55:00.000000000
file saved
2022-06-05T23:00:00.000000000
file saved
2022-06-05T23:05:00.000000000
file saved
2022-06-05T23:10:00.000000000
file saved
2022-06-05T23:15:00.000000000
file saved
2022-06-05T23:20:00.000000000
file saved
2022-06-05T23:25:00.000000000
file saved
2022-06-05T23:30:00.000000000
file saved
2022-06-05T23:35:00.000000000
file saved
2022-06-05T23:40:00.000000000
file saved
2022-06-05T23:45:00.000000000
file saved
2022-06-05T23:50:00.000000000
file saved
2022-06-05T23:55:00.000000000
file saved
