0
Traceback (most recent call last):
  File "/home/pbigalke/Documents/Code/data-investigation/data-investigation/examine_file_content/MWCC-H_regridded_produce_overpass_counter.py", line 312, in <module>
    count_overpasses_per_year_hailclass_minpix_and_area(datapath, years, 
    ^^^^^^^^^^^^^^^^^^^^^^^^^^^^^^^^^^^^^^^^^^^^^^^^^^^^^^^^^^^^^^^^^^^^
  File "/home/pbigalke/Documents/Code/data-investigation/data-investigation/examine_file_content/MWCC-H_regridded_produce_overpass_counter.py", line 206, in count_overpasses_per_year_hailclass_minpix_and_area
    hail_classes = mwcch_read.get_hail_class(type="number")
                   ^^^^^^^^^^^^^^^^^^^^^^^^^
AttributeError: module 'readers.read_processed_MWCC_H' has no attribute 'get_hail_class'. Did you mean: 'get_hail_classes'?
0
There was a key error (probably due to hail class and nans) in file:  /data/sat/products/PMW_sats/MWCCH_hail_probability/netcdf_MSG_grid/2000/04/14/20000414_S0704_E0704_MHS_noaa15_MSGgrid.nc
There was a key error (probably due to hail class and nans) in file:  /data/sat/products/PMW_sats/MWCCH_hail_probability/netcdf_MSG_grid/2000/04/14/20000414_S0704_E0704_MHS_noaa15_MSGgrid.nc
There was a key error (probably due to hail class and nans) in file:  /data/sat/products/PMW_sats/MWCCH_hail_probability/netcdf_MSG_grid/2000/04/14/20000414_S0704_E0704_MHS_noaa15_MSGgrid.nc
There was a key error (probably due to hail class and nans) in file:  /data/sat/products/PMW_sats/MWCCH_hail_probability/netcdf_MSG_grid/2000/04/14/20000414_S0704_E0704_MHS_noaa15_MSGgrid.nc
There was a key error (probably due to hail class and nans) in file:  /data/sat/products/PMW_sats/MWCCH_hail_probability/netcdf_MSG_grid/2000/04/14/20000414_S0704_E0704_MHS_noaa15_MSGgrid.nc
There was a key error (probably due to hail class and nans) in file:  /data/sat/products/PMW_sats/MWCCH_hail_probability/netcdf_MSG_grid/2000/04/14/20000414_S0704_E0704_MHS_noaa15_MSGgrid.nc
There was a key error (probably due to hail class and nans) in file:  /data/sat/products/PMW_sats/MWCCH_hail_probability/netcdf_MSG_grid/2000/04/14/20000414_S0704_E0704_MHS_noaa15_MSGgrid.nc
There was a key error (probably due to hail class and nans) in file:  /data/sat/products/PMW_sats/MWCCH_hail_probability/netcdf_MSG_grid/2000/04/14/20000414_S0704_E0704_MHS_noaa15_MSGgrid.nc
There was a key error (probably due to hail class and nans) in file:  /data/sat/products/PMW_sats/MWCCH_hail_probability/netcdf_MSG_grid/2000/04/14/20000414_S0704_E0704_MHS_noaa15_MSGgrid.nc
There was a key error (probably due to hail class and nans) in file:  /data/sat/products/PMW_sats/MWCCH_hail_probability/netcdf_MSG_grid/2000/04/14/20000414_S0704_E0704_MHS_noaa15_MSGgrid.nc
There was a key error (probably due to hail class and nans) in file:  /data/sat/products/PMW_sats/MWCCH_hail_probability/netcdf_MSG_grid/2000/04/14/20000414_S0704_E0704_MHS_noaa15_MSGgrid.nc
There was a key error (probably due to hail class and nans) in file:  /data/sat/products/PMW_sats/MWCCH_hail_probability/netcdf_MSG_grid/2000/04/14/20000414_S0704_E0704_MHS_noaa15_MSGgrid.nc
There was a key error (probably due to hail class and nans) in file:  /data/sat/products/PMW_sats/MWCCH_hail_probability/netcdf_MSG_grid/2000/04/14/20000414_S0704_E0704_MHS_noaa15_MSGgrid.nc
There was a key error (probably due to hail class and nans) in file:  /data/sat/products/PMW_sats/MWCCH_hail_probability/netcdf_MSG_grid/2000/04/14/20000414_S0704_E0704_MHS_noaa15_MSGgrid.nc
There was a key error (probably due to hail class and nans) in file:  /data/sat/products/PMW_sats/MWCCH_hail_probability/netcdf_MSG_grid/2000/04/14/20000414_S0704_E0704_MHS_noaa15_MSGgrid.nc
There was a key error (probably due to hail class and nans) in file:  /data/sat/products/PMW_sats/MWCCH_hail_probability/netcdf_MSG_grid/2000/04/14/20000414_S0704_E0704_MHS_noaa15_MSGgrid.nc
There was a key error (probably due to hail class and nans) in file:  /data/sat/products/PMW_sats/MWCCH_hail_probability/netcdf_MSG_grid/2000/04/14/20000414_S0704_E0704_MHS_noaa15_MSGgrid.nc
There was a key error (probably due to hail class and nans) in file:  /data/sat/products/PMW_sats/MWCCH_hail_probability/netcdf_MSG_grid/2000/04/27/20000427_S0713_E0713_MHS_noaa15_MSGgrid.nc
There was a key error (probably due to hail class and nans) in file:  /data/sat/products/PMW_sats/MWCCH_hail_probability/netcdf_MSG_grid/2000/04/27/20000427_S0713_E0713_MHS_noaa15_MSGgrid.nc
There was a key error (probably due to hail class and nans) in file:  /data/sat/products/PMW_sats/MWCCH_hail_probability/netcdf_MSG_grid/2000/04/27/20000427_S0713_E0713_MHS_noaa15_MSGgrid.nc
There was a key error (probably due to hail class and nans) in file:  /data/sat/products/PMW_sats/MWCCH_hail_probability/netcdf_MSG_grid/2000/04/27/20000427_S0713_E0713_MHS_noaa15_MSGgrid.nc
There was a key error (probably due to hail class and nans) in file:  /data/sat/products/PMW_sats/MWCCH_hail_probability/netcdf_MSG_grid/2000/04/27/20000427_S0713_E0713_MHS_noaa15_MSGgrid.nc
There was a key error (probably due to hail class and nans) in file:  /data/sat/products/PMW_sats/MWCCH_hail_probability/netcdf_MSG_grid/2000/04/27/20000427_S0713_E0713_MHS_noaa15_MSGgrid.nc
There was a key error (probably due to hail class and nans) in file:  /data/sat/products/PMW_sats/MWCCH_hail_probability/netcdf_MSG_grid/2000/04/27/20000427_S0713_E0713_MHS_noaa15_MSGgrid.nc
There was a key error (probably due to hail class and nans) in file:  /data/sat/products/PMW_sats/MWCCH_hail_probability/netcdf_MSG_grid/2000/04/27/20000427_S0713_E0713_MHS_noaa15_MSGgrid.nc
There was a key error (probably due to hail class and nans) in file:  /data/sat/products/PMW_sats/MWCCH_hail_probability/netcdf_MSG_grid/2000/04/27/20000427_S0713_E0713_MHS_noaa15_MSGgrid.nc
There was a key error (probably due to hail class and nans) in file:  /data/sat/products/PMW_sats/MWCCH_hail_probability/netcdf_MSG_grid/2000/04/27/20000427_S0713_E0713_MHS_noaa15_MSGgrid.nc
There was a key error (probably due to hail class and nans) in file:  /data/sat/products/PMW_sats/MWCCH_hail_probability/netcdf_MSG_grid/2000/04/27/20000427_S0713_E0713_MHS_noaa15_MSGgrid.nc
There was a key error (probably due to hail class and nans) in file:  /data/sat/products/PMW_sats/MWCCH_hail_probability/netcdf_MSG_grid/2000/04/27/20000427_S0713_E0713_MHS_noaa15_MSGgrid.nc
There was a key error (probably due to hail class and nans) in file:  /data/sat/products/PMW_sats/MWCCH_hail_probability/netcdf_MSG_grid/2000/04/27/20000427_S0713_E0713_MHS_noaa15_MSGgrid.nc
There was a key error (probably due to hail class and nans) in file:  /data/sat/products/PMW_sats/MWCCH_hail_probability/netcdf_MSG_grid/2001/05/08/20010508_S0107_E0107_MHS_noaa16_MSGgrid.nc
There was a key error (probably due to hail class and nans) in file:  /data/sat/products/PMW_sats/MWCCH_hail_probability/netcdf_MSG_grid/2001/05/08/20010508_S0107_E0107_MHS_noaa16_MSGgrid.nc
There was a key error (probably due to hail class and nans) in file:  /data/sat/products/PMW_sats/MWCCH_hail_probability/netcdf_MSG_grid/2001/05/08/20010508_S0107_E0107_MHS_noaa16_MSGgrid.nc
There was a key error (probably due to hail class and nans) in file:  /data/sat/products/PMW_sats/MWCCH_hail_probability/netcdf_MSG_grid/2001/05/08/20010508_S0107_E0107_MHS_noaa16_MSGgrid.nc
There was a key error (probably due to hail class and nans) in file:  /data/sat/products/PMW_sats/MWCCH_hail_probability/netcdf_MSG_grid/2001/05/08/20010508_S0107_E0107_MHS_noaa16_MSGgrid.nc
There was a key error (probably due to hail class and nans) in file:  /data/sat/products/PMW_sats/MWCCH_hail_probability/netcdf_MSG_grid/2001/05/08/20010508_S0107_E0107_MHS_noaa16_MSGgrid.nc
There was a key error (probably due to hail class and nans) in file:  /data/sat/products/PMW_sats/MWCCH_hail_probability/netcdf_MSG_grid/2001/05/08/20010508_S0107_E0107_MHS_noaa16_MSGgrid.nc
There was a key error (probably due to hail class and nans) in file:  /data/sat/products/PMW_sats/MWCCH_hail_probability/netcdf_MSG_grid/2001/05/08/20010508_S0107_E0107_MHS_noaa16_MSGgrid.nc
There was a key error (probably due to hail class and nans) in file:  /data/sat/products/PMW_sats/MWCCH_hail_probability/netcdf_MSG_grid/2001/05/08/20010508_S0107_E0107_MHS_noaa16_MSGgrid.nc
There was a key error (probably due to hail class and nans) in file:  /data/sat/products/PMW_sats/MWCCH_hail_probability/netcdf_MSG_grid/2001/05/08/20010508_S0107_E0107_MHS_noaa16_MSGgrid.nc
There was a key error (probably due to hail class and nans) in file:  /data/sat/products/PMW_sats/MWCCH_hail_probability/netcdf_MSG_grid/2001/05/08/20010508_S0107_E0107_MHS_noaa16_MSGgrid.nc
There was a key error (probably due to hail class and nans) in file:  /data/sat/products/PMW_sats/MWCCH_hail_probability/netcdf_MSG_grid/2001/05/08/20010508_S0107_E0107_MHS_noaa16_MSGgrid.nc
There was a key error (probably due to hail class and nans) in file:  /data/sat/products/PMW_sats/MWCCH_hail_probability/netcdf_MSG_grid/2001/05/08/20010508_S0107_E0107_MHS_noaa16_MSGgrid.nc
There was a key error (probably due to hail class and nans) in file:  /data/sat/products/PMW_sats/MWCCH_hail_probability/netcdf_MSG_grid/2001/05/08/20010508_S0107_E0107_MHS_noaa16_MSGgrid.nc
There was a key error (probably due to hail class and nans) in file:  /data/sat/products/PMW_sats/MWCCH_hail_probability/netcdf_MSG_grid/2001/05/08/20010508_S0107_E0107_MHS_noaa16_MSGgrid.nc
There was a key error (probably due to hail class and nans) in file:  /data/sat/products/PMW_sats/MWCCH_hail_probability/netcdf_MSG_grid/2001/05/08/20010508_S0107_E0107_MHS_noaa16_MSGgrid.nc
There was a key error (probably due to hail class and nans) in file:  /data/sat/products/PMW_sats/MWCCH_hail_probability/netcdf_MSG_grid/2001/05/08/20010508_S0107_E0107_MHS_noaa16_MSGgrid.nc
There was a key error (probably due to hail class and nans) in file:  /data/sat/products/PMW_sats/MWCCH_hail_probability/netcdf_MSG_grid/2001/05/08/20010508_S0107_E0107_MHS_noaa16_MSGgrid.nc
There was a key error (probably due to hail class and nans) in file:  /data/sat/products/PMW_sats/MWCCH_hail_probability/netcdf_MSG_grid/2001/05/08/20010508_S0107_E0107_MHS_noaa16_MSGgrid.nc
There was a key error (probably due to hail class and nans) in file:  /data/sat/products/PMW_sats/MWCCH_hail_probability/netcdf_MSG_grid/2001/06/14/20010614_S1253_E1254_MHS_noaa16_MSGgrid.nc
There was a key error (probably due to hail class and nans) in file:  /data/sat/products/PMW_sats/MWCCH_hail_probability/netcdf_MSG_grid/2001/06/14/20010614_S1253_E1254_MHS_noaa16_MSGgrid.nc
There was a key error (probably due to hail class and nans) in file:  /data/sat/products/PMW_sats/MWCCH_hail_probability/netcdf_MSG_grid/2001/06/14/20010614_S1253_E1254_MHS_noaa16_MSGgrid.nc
There was a key error (probably due to hail class and nans) in file:  /data/sat/products/PMW_sats/MWCCH_hail_probability/netcdf_MSG_grid/2001/06/14/20010614_S1253_E1254_MHS_noaa16_MSGgrid.nc
There was a key error (probably due to hail class and nans) in file:  /data/sat/products/PMW_sats/MWCCH_hail_probability/netcdf_MSG_grid/2001/06/14/20010614_S1253_E1254_MHS_noaa16_MSGgrid.nc
There was a key error (probably due to hail class and nans) in file:  /data/sat/products/PMW_sats/MWCCH_hail_probability/netcdf_MSG_grid/2001/06/14/20010614_S1253_E1254_MHS_noaa16_MSGgrid.nc
There was a key error (probably due to hail class and nans) in file:  /data/sat/products/PMW_sats/MWCCH_hail_probability/netcdf_MSG_grid/2001/08/21/20010821_S0115_E0115_MHS_noaa16_MSGgrid.nc
There was a key error (probably due to hail class and nans) in file:  /data/sat/products/PMW_sats/MWCCH_hail_probability/netcdf_MSG_grid/2001/08/21/20010821_S0115_E0115_MHS_noaa16_MSGgrid.nc
There was a key error (probably due to hail class and nans) in file:  /data/sat/products/PMW_sats/MWCCH_hail_probability/netcdf_MSG_grid/2001/08/21/20010821_S0115_E0115_MHS_noaa16_MSGgrid.nc
There was a key error (probably due to hail class and nans) in file:  /data/sat/products/PMW_sats/MWCCH_hail_probability/netcdf_MSG_grid/2001/08/21/20010821_S0115_E0115_MHS_noaa16_MSGgrid.nc
There was a key error (probably due to hail class and nans) in file:  /data/sat/products/PMW_sats/MWCCH_hail_probability/netcdf_MSG_grid/2001/08/21/20010821_S0115_E0115_MHS_noaa16_MSGgrid.nc
There was a key error (probably due to hail class and nans) in file:  /data/sat/products/PMW_sats/MWCCH_hail_probability/netcdf_MSG_grid/2001/08/21/20010821_S0115_E0115_MHS_noaa16_MSGgrid.nc
There was a key error (probably due to hail class and nans) in file:  /data/sat/products/PMW_sats/MWCCH_hail_probability/netcdf_MSG_grid/2001/08/21/20010821_S0115_E0115_MHS_noaa16_MSGgrid.nc
There was a key error (probably due to hail class and nans) in file:  /data/sat/products/PMW_sats/MWCCH_hail_probability/netcdf_MSG_grid/2001/08/21/20010821_S0115_E0115_MHS_noaa16_MSGgrid.nc
There was a key error (probably due to hail class and nans) in file:  /data/sat/products/PMW_sats/MWCCH_hail_probability/netcdf_MSG_grid/2001/08/21/20010821_S0115_E0115_MHS_noaa16_MSGgrid.nc
There was a key error (probably due to hail class and nans) in file:  /data/sat/products/PMW_sats/MWCCH_hail_probability/netcdf_MSG_grid/2001/08/21/20010821_S0115_E0115_MHS_noaa16_MSGgrid.nc
There was a key error (probably due to hail class and nans) in file:  /data/sat/products/PMW_sats/MWCCH_hail_probability/netcdf_MSG_grid/2001/08/21/20010821_S0115_E0115_MHS_noaa16_MSGgrid.nc
There was a key error (probably due to hail class and nans) in file:  /data/sat/products/PMW_sats/MWCCH_hail_probability/netcdf_MSG_grid/2001/08/21/20010821_S0115_E0115_MHS_noaa16_MSGgrid.nc
There was a key error (probably due to hail class and nans) in file:  /data/sat/products/PMW_sats/MWCCH_hail_probability/netcdf_MSG_grid/2001/08/21/20010821_S0115_E0115_MHS_noaa16_MSGgrid.nc
There was a key error (probably due to hail class and nans) in file:  /data/sat/products/PMW_sats/MWCCH_hail_probability/netcdf_MSG_grid/2001/08/21/20010821_S0115_E0115_MHS_noaa16_MSGgrid.nc
There was a key error (probably due to hail class and nans) in file:  /data/sat/products/PMW_sats/MWCCH_hail_probability/netcdf_MSG_grid/2001/08/21/20010821_S0115_E0115_MHS_noaa16_MSGgrid.nc
There was a key error (probably due to hail class and nans) in file:  /data/sat/products/PMW_sats/MWCCH_hail_probability/netcdf_MSG_grid/2001/08/21/20010821_S0115_E0115_MHS_noaa16_MSGgrid.nc
There was a key error (probably due to hail class and nans) in file:  /data/sat/products/PMW_sats/MWCCH_hail_probability/netcdf_MSG_grid/2001/08/21/20010821_S0115_E0115_MHS_noaa16_MSGgrid.nc
1000
There was a key error (probably due to hail class and nans) in file:  /data/sat/products/PMW_sats/MWCCH_hail_probability/netcdf_MSG_grid/2003/04/11/20030411_S0119_E0120_MHS_noaa16_MSGgrid.nc
There was a key error (probably due to hail class and nans) in file:  /data/sat/products/PMW_sats/MWCCH_hail_probability/netcdf_MSG_grid/2003/04/11/20030411_S0119_E0120_MHS_noaa16_MSGgrid.nc
There was a key error (probably due to hail class and nans) in file:  /data/sat/products/PMW_sats/MWCCH_hail_probability/netcdf_MSG_grid/2003/04/11/20030411_S0119_E0120_MHS_noaa16_MSGgrid.nc
There was a key error (probably due to hail class and nans) in file:  /data/sat/products/PMW_sats/MWCCH_hail_probability/netcdf_MSG_grid/2003/04/11/20030411_S0119_E0120_MHS_noaa16_MSGgrid.nc
There was a key error (probably due to hail class and nans) in file:  /data/sat/products/PMW_sats/MWCCH_hail_probability/netcdf_MSG_grid/2003/04/11/20030411_S0119_E0120_MHS_noaa16_MSGgrid.nc
There was a key error (probably due to hail class and nans) in file:  /data/sat/products/PMW_sats/MWCCH_hail_probability/netcdf_MSG_grid/2003/04/11/20030411_S0119_E0120_MHS_noaa16_MSGgrid.nc
There was a key error (probably due to hail class and nans) in file:  /data/sat/products/PMW_sats/MWCCH_hail_probability/netcdf_MSG_grid/2003/04/11/20030411_S0119_E0120_MHS_noaa16_MSGgrid.nc
There was a key error (probably due to hail class and nans) in file:  /data/sat/products/PMW_sats/MWCCH_hail_probability/netcdf_MSG_grid/2003/04/11/20030411_S0119_E0120_MHS_noaa16_MSGgrid.nc
There was a key error (probably due to hail class and nans) in file:  /data/sat/products/PMW_sats/MWCCH_hail_probability/netcdf_MSG_grid/2003/04/11/20030411_S0119_E0120_MHS_noaa16_MSGgrid.nc
There was a key error (probably due to hail class and nans) in file:  /data/sat/products/PMW_sats/MWCCH_hail_probability/netcdf_MSG_grid/2003/04/11/20030411_S0119_E0120_MHS_noaa16_MSGgrid.nc
There was a key error (probably due to hail class and nans) in file:  /data/sat/products/PMW_sats/MWCCH_hail_probability/netcdf_MSG_grid/2003/04/11/20030411_S0119_E0120_MHS_noaa16_MSGgrid.nc
There was a key error (probably due to hail class and nans) in file:  /data/sat/products/PMW_sats/MWCCH_hail_probability/netcdf_MSG_grid/2003/04/11/20030411_S0119_E0120_MHS_noaa16_MSGgrid.nc
There was a key error (probably due to hail class and nans) in file:  /data/sat/products/PMW_sats/MWCCH_hail_probability/netcdf_MSG_grid/2003/04/11/20030411_S0119_E0120_MHS_noaa16_MSGgrid.nc
There was a key error (probably due to hail class and nans) in file:  /data/sat/products/PMW_sats/MWCCH_hail_probability/netcdf_MSG_grid/2003/04/11/20030411_S0119_E0120_MHS_noaa16_MSGgrid.nc
There was a key error (probably due to hail class and nans) in file:  /data/sat/products/PMW_sats/MWCCH_hail_probability/netcdf_MSG_grid/2003/04/11/20030411_S0119_E0120_MHS_noaa16_MSGgrid.nc
There was a key error (probably due to hail class and nans) in file:  /data/sat/products/PMW_sats/MWCCH_hail_probability/netcdf_MSG_grid/2003/04/11/20030411_S0119_E0120_MHS_noaa16_MSGgrid.nc
There was a key error (probably due to hail class and nans) in file:  /data/sat/products/PMW_sats/MWCCH_hail_probability/netcdf_MSG_grid/2003/04/11/20030411_S0119_E0120_MHS_noaa16_MSGgrid.nc
There was a key error (probably due to hail class and nans) in file:  /data/sat/products/PMW_sats/MWCCH_hail_probability/netcdf_MSG_grid/2003/04/11/20030411_S0119_E0120_MHS_noaa16_MSGgrid.nc
There was a key error (probably due to hail class and nans) in file:  /data/sat/products/PMW_sats/MWCCH_hail_probability/netcdf_MSG_grid/2003/04/29/20030429_S0931_E0931_MHS_noaa17_MSGgrid.nc
There was a key error (probably due to hail class and nans) in file:  /data/sat/products/PMW_sats/MWCCH_hail_probability/netcdf_MSG_grid/2003/04/29/20030429_S0931_E0931_MHS_noaa17_MSGgrid.nc
There was a key error (probably due to hail class and nans) in file:  /data/sat/products/PMW_sats/MWCCH_hail_probability/netcdf_MSG_grid/2003/04/29/20030429_S0931_E0931_MHS_noaa17_MSGgrid.nc
There was a key error (probably due to hail class and nans) in file:  /data/sat/products/PMW_sats/MWCCH_hail_probability/netcdf_MSG_grid/2003/04/29/20030429_S0931_E0931_MHS_noaa17_MSGgrid.nc
There was a key error (probably due to hail class and nans) in file:  /data/sat/products/PMW_sats/MWCCH_hail_probability/netcdf_MSG_grid/2003/04/29/20030429_S0931_E0931_MHS_noaa17_MSGgrid.nc
There was a key error (probably due to hail class and nans) in file:  /data/sat/products/PMW_sats/MWCCH_hail_probability/netcdf_MSG_grid/2003/04/29/20030429_S0931_E0931_MHS_noaa17_MSGgrid.nc
There was a key error (probably due to hail class and nans) in file:  /data/sat/products/PMW_sats/MWCCH_hail_probability/netcdf_MSG_grid/2003/04/29/20030429_S0931_E0931_MHS_noaa17_MSGgrid.nc
There was a key error (probably due to hail class and nans) in file:  /data/sat/products/PMW_sats/MWCCH_hail_probability/netcdf_MSG_grid/2003/04/29/20030429_S0931_E0931_MHS_noaa17_MSGgrid.nc
There was a key error (probably due to hail class and nans) in file:  /data/sat/products/PMW_sats/MWCCH_hail_probability/netcdf_MSG_grid/2003/04/29/20030429_S0931_E0931_MHS_noaa17_MSGgrid.nc
There was a key error (probably due to hail class and nans) in file:  /data/sat/products/PMW_sats/MWCCH_hail_probability/netcdf_MSG_grid/2003/04/29/20030429_S0931_E0931_MHS_noaa17_MSGgrid.nc
There was a key error (probably due to hail class and nans) in file:  /data/sat/products/PMW_sats/MWCCH_hail_probability/netcdf_MSG_grid/2003/04/29/20030429_S0931_E0931_MHS_noaa17_MSGgrid.nc
There was a key error (probably due to hail class and nans) in file:  /data/sat/products/PMW_sats/MWCCH_hail_probability/netcdf_MSG_grid/2003/04/29/20030429_S0931_E0931_MHS_noaa17_MSGgrid.nc
There was a key error (probably due to hail class and nans) in file:  /data/sat/products/PMW_sats/MWCCH_hail_probability/netcdf_MSG_grid/2003/04/29/20030429_S0931_E0931_MHS_noaa17_MSGgrid.nc
There was a key error (probably due to hail class and nans) in file:  /data/sat/products/PMW_sats/MWCCH_hail_probability/netcdf_MSG_grid/2003/04/29/20030429_S0931_E0931_MHS_noaa17_MSGgrid.nc
There was a key error (probably due to hail class and nans) in file:  /data/sat/products/PMW_sats/MWCCH_hail_probability/netcdf_MSG_grid/2003/04/29/20030429_S0931_E0931_MHS_noaa17_MSGgrid.nc
There was a key error (probably due to hail class and nans) in file:  /data/sat/products/PMW_sats/MWCCH_hail_probability/netcdf_MSG_grid/2003/04/29/20030429_S0931_E0931_MHS_noaa17_MSGgrid.nc
There was a key error (probably due to hail class and nans) in file:  /data/sat/products/PMW_sats/MWCCH_hail_probability/netcdf_MSG_grid/2003/04/29/20030429_S0931_E0931_MHS_noaa17_MSGgrid.nc
2000
There was a key error (probably due to hail class and nans) in file:  /data/sat/products/PMW_sats/MWCCH_hail_probability/netcdf_MSG_grid/2004/08/21/20040821_S0541_E0541_MHS_noaa15_MSGgrid.nc
There was a key error (probably due to hail class and nans) in file:  /data/sat/products/PMW_sats/MWCCH_hail_probability/netcdf_MSG_grid/2004/08/21/20040821_S0541_E0541_MHS_noaa15_MSGgrid.nc
There was a key error (probably due to hail class and nans) in file:  /data/sat/products/PMW_sats/MWCCH_hail_probability/netcdf_MSG_grid/2004/08/21/20040821_S0541_E0541_MHS_noaa15_MSGgrid.nc
There was a key error (probably due to hail class and nans) in file:  /data/sat/products/PMW_sats/MWCCH_hail_probability/netcdf_MSG_grid/2004/08/21/20040821_S0541_E0541_MHS_noaa15_MSGgrid.nc
There was a key error (probably due to hail class and nans) in file:  /data/sat/products/PMW_sats/MWCCH_hail_probability/netcdf_MSG_grid/2004/08/21/20040821_S0541_E0541_MHS_noaa15_MSGgrid.nc
There was a key error (probably due to hail class and nans) in file:  /data/sat/products/PMW_sats/MWCCH_hail_probability/netcdf_MSG_grid/2004/08/21/20040821_S0541_E0541_MHS_noaa15_MSGgrid.nc
There was a key error (probably due to hail class and nans) in file:  /data/sat/products/PMW_sats/MWCCH_hail_probability/netcdf_MSG_grid/2004/08/21/20040821_S0541_E0541_MHS_noaa15_MSGgrid.nc
There was a key error (probably due to hail class and nans) in file:  /data/sat/products/PMW_sats/MWCCH_hail_probability/netcdf_MSG_grid/2004/08/21/20040821_S0541_E0541_MHS_noaa15_MSGgrid.nc
There was a key error (probably due to hail class and nans) in file:  /data/sat/products/PMW_sats/MWCCH_hail_probability/netcdf_MSG_grid/2004/09/13/20040913_S0151_E0151_MHS_noaa16_MSGgrid.nc
There was a key error (probably due to hail class and nans) in file:  /data/sat/products/PMW_sats/MWCCH_hail_probability/netcdf_MSG_grid/2004/09/13/20040913_S0151_E0151_MHS_noaa16_MSGgrid.nc
There was a key error (probably due to hail class and nans) in file:  /data/sat/products/PMW_sats/MWCCH_hail_probability/netcdf_MSG_grid/2004/09/13/20040913_S0151_E0151_MHS_noaa16_MSGgrid.nc
There was a key error (probably due to hail class and nans) in file:  /data/sat/products/PMW_sats/MWCCH_hail_probability/netcdf_MSG_grid/2004/09/13/20040913_S0151_E0151_MHS_noaa16_MSGgrid.nc
There was a key error (probably due to hail class and nans) in file:  /data/sat/products/PMW_sats/MWCCH_hail_probability/netcdf_MSG_grid/2004/09/13/20040913_S0151_E0151_MHS_noaa16_MSGgrid.nc
There was a key error (probably due to hail class and nans) in file:  /data/sat/products/PMW_sats/MWCCH_hail_probability/netcdf_MSG_grid/2004/09/13/20040913_S0151_E0151_MHS_noaa16_MSGgrid.nc
There was a key error (probably due to hail class and nans) in file:  /data/sat/products/PMW_sats/MWCCH_hail_probability/netcdf_MSG_grid/2004/09/13/20040913_S0151_E0151_MHS_noaa16_MSGgrid.nc
There was a key error (probably due to hail class and nans) in file:  /data/sat/products/PMW_sats/MWCCH_hail_probability/netcdf_MSG_grid/2004/09/13/20040913_S0151_E0151_MHS_noaa16_MSGgrid.nc
There was a key error (probably due to hail class and nans) in file:  /data/sat/products/PMW_sats/MWCCH_hail_probability/netcdf_MSG_grid/2004/09/13/20040913_S0151_E0151_MHS_noaa16_MSGgrid.nc
There was a key error (probably due to hail class and nans) in file:  /data/sat/products/PMW_sats/MWCCH_hail_probability/netcdf_MSG_grid/2004/09/13/20040913_S0151_E0151_MHS_noaa16_MSGgrid.nc
There was a key error (probably due to hail class and nans) in file:  /data/sat/products/PMW_sats/MWCCH_hail_probability/netcdf_MSG_grid/2004/09/13/20040913_S0151_E0151_MHS_noaa16_MSGgrid.nc
There was a key error (probably due to hail class and nans) in file:  /data/sat/products/PMW_sats/MWCCH_hail_probability/netcdf_MSG_grid/2004/09/13/20040913_S0151_E0151_MHS_noaa16_MSGgrid.nc
There was a key error (probably due to hail class and nans) in file:  /data/sat/products/PMW_sats/MWCCH_hail_probability/netcdf_MSG_grid/2004/09/13/20040913_S0151_E0151_MHS_noaa16_MSGgrid.nc
There was a key error (probably due to hail class and nans) in file:  /data/sat/products/PMW_sats/MWCCH_hail_probability/netcdf_MSG_grid/2004/09/13/20040913_S0151_E0151_MHS_noaa16_MSGgrid.nc
There was a key error (probably due to hail class and nans) in file:  /data/sat/products/PMW_sats/MWCCH_hail_probability/netcdf_MSG_grid/2004/09/13/20040913_S0151_E0151_MHS_noaa16_MSGgrid.nc
There was a key error (probably due to hail class and nans) in file:  /data/sat/products/PMW_sats/MWCCH_hail_probability/netcdf_MSG_grid/2004/09/13/20040913_S0151_E0151_MHS_noaa16_MSGgrid.nc
There was a key error (probably due to hail class and nans) in file:  /data/sat/products/PMW_sats/MWCCH_hail_probability/netcdf_MSG_grid/2004/09/13/20040913_S0151_E0151_MHS_noaa16_MSGgrid.nc
There was a key error (probably due to hail class and nans) in file:  /data/sat/products/PMW_sats/MWCCH_hail_probability/netcdf_MSG_grid/2004/09/13/20040913_S0151_E0151_MHS_noaa16_MSGgrid.nc
There was a key error (probably due to hail class and nans) in file:  /data/sat/products/PMW_sats/MWCCH_hail_probability/netcdf_MSG_grid/2004/09/23/20040923_S0136_E0136_MHS_noaa16_MSGgrid.nc
There was a key error (probably due to hail class and nans) in file:  /data/sat/products/PMW_sats/MWCCH_hail_probability/netcdf_MSG_grid/2004/09/23/20040923_S0136_E0136_MHS_noaa16_MSGgrid.nc
There was a key error (probably due to hail class and nans) in file:  /data/sat/products/PMW_sats/MWCCH_hail_probability/netcdf_MSG_grid/2004/09/23/20040923_S0136_E0136_MHS_noaa16_MSGgrid.nc
There was a key error (probably due to hail class and nans) in file:  /data/sat/products/PMW_sats/MWCCH_hail_probability/netcdf_MSG_grid/2004/09/23/20040923_S0136_E0136_MHS_noaa16_MSGgrid.nc
There was a key error (probably due to hail class and nans) in file:  /data/sat/products/PMW_sats/MWCCH_hail_probability/netcdf_MSG_grid/2004/09/23/20040923_S0136_E0136_MHS_noaa16_MSGgrid.nc
There was a key error (probably due to hail class and nans) in file:  /data/sat/products/PMW_sats/MWCCH_hail_probability/netcdf_MSG_grid/2004/09/23/20040923_S0136_E0136_MHS_noaa16_MSGgrid.nc
There was a key error (probably due to hail class and nans) in file:  /data/sat/products/PMW_sats/MWCCH_hail_probability/netcdf_MSG_grid/2004/09/23/20040923_S0136_E0136_MHS_noaa16_MSGgrid.nc
There was a key error (probably due to hail class and nans) in file:  /data/sat/products/PMW_sats/MWCCH_hail_probability/netcdf_MSG_grid/2004/09/23/20040923_S0136_E0136_MHS_noaa16_MSGgrid.nc
There was a key error (probably due to hail class and nans) in file:  /data/sat/products/PMW_sats/MWCCH_hail_probability/netcdf_MSG_grid/2004/09/23/20040923_S0136_E0136_MHS_noaa16_MSGgrid.nc
There was a key error (probably due to hail class and nans) in file:  /data/sat/products/PMW_sats/MWCCH_hail_probability/netcdf_MSG_grid/2004/09/23/20040923_S0136_E0136_MHS_noaa16_MSGgrid.nc
There was a key error (probably due to hail class and nans) in file:  /data/sat/products/PMW_sats/MWCCH_hail_probability/netcdf_MSG_grid/2004/09/23/20040923_S0136_E0136_MHS_noaa16_MSGgrid.nc
There was a key error (probably due to hail class and nans) in file:  /data/sat/products/PMW_sats/MWCCH_hail_probability/netcdf_MSG_grid/2004/09/23/20040923_S0136_E0136_MHS_noaa16_MSGgrid.nc
There was a key error (probably due to hail class and nans) in file:  /data/sat/products/PMW_sats/MWCCH_hail_probability/netcdf_MSG_grid/2004/09/23/20040923_S0136_E0136_MHS_noaa16_MSGgrid.nc
There was a key error (probably due to hail class and nans) in file:  /data/sat/products/PMW_sats/MWCCH_hail_probability/netcdf_MSG_grid/2004/09/23/20040923_S0136_E0136_MHS_noaa16_MSGgrid.nc
There was a key error (probably due to hail class and nans) in file:  /data/sat/products/PMW_sats/MWCCH_hail_probability/netcdf_MSG_grid/2004/09/23/20040923_S0136_E0136_MHS_noaa16_MSGgrid.nc
There was a key error (probably due to hail class and nans) in file:  /data/sat/products/PMW_sats/MWCCH_hail_probability/netcdf_MSG_grid/2004/09/23/20040923_S0136_E0136_MHS_noaa16_MSGgrid.nc
There was a key error (probably due to hail class and nans) in file:  /data/sat/products/PMW_sats/MWCCH_hail_probability/netcdf_MSG_grid/2004/09/23/20040923_S0136_E0136_MHS_noaa16_MSGgrid.nc
There was a key error (probably due to hail class and nans) in file:  /data/sat/products/PMW_sats/MWCCH_hail_probability/netcdf_MSG_grid/2005/07/12/20050712_S1411_E1411_MHS_noaa16_MSGgrid.nc
There was a key error (probably due to hail class and nans) in file:  /data/sat/products/PMW_sats/MWCCH_hail_probability/netcdf_MSG_grid/2005/07/12/20050712_S1411_E1411_MHS_noaa16_MSGgrid.nc
There was a key error (probably due to hail class and nans) in file:  /data/sat/products/PMW_sats/MWCCH_hail_probability/netcdf_MSG_grid/2005/07/12/20050712_S1411_E1411_MHS_noaa16_MSGgrid.nc
There was a key error (probably due to hail class and nans) in file:  /data/sat/products/PMW_sats/MWCCH_hail_probability/netcdf_MSG_grid/2005/07/12/20050712_S1411_E1411_MHS_noaa16_MSGgrid.nc
There was a key error (probably due to hail class and nans) in file:  /data/sat/products/PMW_sats/MWCCH_hail_probability/netcdf_MSG_grid/2005/07/12/20050712_S1411_E1411_MHS_noaa16_MSGgrid.nc
There was a key error (probably due to hail class and nans) in file:  /data/sat/products/PMW_sats/MWCCH_hail_probability/netcdf_MSG_grid/2005/07/12/20050712_S1411_E1411_MHS_noaa16_MSGgrid.nc
There was a key error (probably due to hail class and nans) in file:  /data/sat/products/PMW_sats/MWCCH_hail_probability/netcdf_MSG_grid/2005/07/12/20050712_S1411_E1411_MHS_noaa16_MSGgrid.nc
There was a key error (probably due to hail class and nans) in file:  /data/sat/products/PMW_sats/MWCCH_hail_probability/netcdf_MSG_grid/2005/07/12/20050712_S1411_E1411_MHS_noaa16_MSGgrid.nc
There was a key error (probably due to hail class and nans) in file:  /data/sat/products/PMW_sats/MWCCH_hail_probability/netcdf_MSG_grid/2005/07/12/20050712_S1411_E1411_MHS_noaa16_MSGgrid.nc
There was a key error (probably due to hail class and nans) in file:  /data/sat/products/PMW_sats/MWCCH_hail_probability/netcdf_MSG_grid/2005/07/12/20050712_S1411_E1411_MHS_noaa16_MSGgrid.nc
There was a key error (probably due to hail class and nans) in file:  /data/sat/products/PMW_sats/MWCCH_hail_probability/netcdf_MSG_grid/2005/07/12/20050712_S1411_E1411_MHS_noaa16_MSGgrid.nc
There was a key error (probably due to hail class and nans) in file:  /data/sat/products/PMW_sats/MWCCH_hail_probability/netcdf_MSG_grid/2005/07/12/20050712_S1411_E1411_MHS_noaa16_MSGgrid.nc
There was a key error (probably due to hail class and nans) in file:  /data/sat/products/PMW_sats/MWCCH_hail_probability/netcdf_MSG_grid/2005/07/12/20050712_S1411_E1411_MHS_noaa16_MSGgrid.nc
There was a key error (probably due to hail class and nans) in file:  /data/sat/products/PMW_sats/MWCCH_hail_probability/netcdf_MSG_grid/2005/07/12/20050712_S1411_E1411_MHS_noaa16_MSGgrid.nc
There was a key error (probably due to hail class and nans) in file:  /data/sat/products/PMW_sats/MWCCH_hail_probability/netcdf_MSG_grid/2005/07/12/20050712_S1411_E1411_MHS_noaa16_MSGgrid.nc
There was a key error (probably due to hail class and nans) in file:  /data/sat/products/PMW_sats/MWCCH_hail_probability/netcdf_MSG_grid/2005/07/12/20050712_S1411_E1411_MHS_noaa16_MSGgrid.nc
There was a key error (probably due to hail class and nans) in file:  /data/sat/products/PMW_sats/MWCCH_hail_probability/netcdf_MSG_grid/2005/08/15/20050815_S1703_E1704_MHS_noaa15_MSGgrid.nc
There was a key error (probably due to hail class and nans) in file:  /data/sat/products/PMW_sats/MWCCH_hail_probability/netcdf_MSG_grid/2005/08/15/20050815_S1703_E1704_MHS_noaa15_MSGgrid.nc
There was a key error (probably due to hail class and nans) in file:  /data/sat/products/PMW_sats/MWCCH_hail_probability/netcdf_MSG_grid/2005/08/15/20050815_S1703_E1704_MHS_noaa15_MSGgrid.nc
There was a key error (probably due to hail class and nans) in file:  /data/sat/products/PMW_sats/MWCCH_hail_probability/netcdf_MSG_grid/2005/08/15/20050815_S1703_E1704_MHS_noaa15_MSGgrid.nc
There was a key error (probably due to hail class and nans) in file:  /data/sat/products/PMW_sats/MWCCH_hail_probability/netcdf_MSG_grid/2005/08/15/20050815_S1703_E1704_MHS_noaa15_MSGgrid.nc
There was a key error (probably due to hail class and nans) in file:  /data/sat/products/PMW_sats/MWCCH_hail_probability/netcdf_MSG_grid/2005/08/15/20050815_S1703_E1704_MHS_noaa15_MSGgrid.nc
There was a key error (probably due to hail class and nans) in file:  /data/sat/products/PMW_sats/MWCCH_hail_probability/netcdf_MSG_grid/2005/08/15/20050815_S1703_E1704_MHS_noaa15_MSGgrid.nc
There was a key error (probably due to hail class and nans) in file:  /data/sat/products/PMW_sats/MWCCH_hail_probability/netcdf_MSG_grid/2005/08/15/20050815_S1703_E1704_MHS_noaa15_MSGgrid.nc
There was a key error (probably due to hail class and nans) in file:  /data/sat/products/PMW_sats/MWCCH_hail_probability/netcdf_MSG_grid/2005/08/15/20050815_S1703_E1704_MHS_noaa15_MSGgrid.nc
There was a key error (probably due to hail class and nans) in file:  /data/sat/products/PMW_sats/MWCCH_hail_probability/netcdf_MSG_grid/2005/08/15/20050815_S1703_E1704_MHS_noaa15_MSGgrid.nc
There was a key error (probably due to hail class and nans) in file:  /data/sat/products/PMW_sats/MWCCH_hail_probability/netcdf_MSG_grid/2005/08/15/20050815_S1703_E1704_MHS_noaa15_MSGgrid.nc
There was a key error (probably due to hail class and nans) in file:  /data/sat/products/PMW_sats/MWCCH_hail_probability/netcdf_MSG_grid/2005/08/15/20050815_S1703_E1704_MHS_noaa15_MSGgrid.nc
There was a key error (probably due to hail class and nans) in file:  /data/sat/products/PMW_sats/MWCCH_hail_probability/netcdf_MSG_grid/2005/08/15/20050815_S1703_E1704_MHS_noaa15_MSGgrid.nc
There was a key error (probably due to hail class and nans) in file:  /data/sat/products/PMW_sats/MWCCH_hail_probability/netcdf_MSG_grid/2005/08/15/20050815_S1703_E1704_MHS_noaa15_MSGgrid.nc
There was a key error (probably due to hail class and nans) in file:  /data/sat/products/PMW_sats/MWCCH_hail_probability/netcdf_MSG_grid/2005/08/15/20050815_S1703_E1704_MHS_noaa15_MSGgrid.nc
There was a key error (probably due to hail class and nans) in file:  /data/sat/products/PMW_sats/MWCCH_hail_probability/netcdf_MSG_grid/2005/08/15/20050815_S1703_E1704_MHS_noaa15_MSGgrid.nc
There was a key error (probably due to hail class and nans) in file:  /data/sat/products/PMW_sats/MWCCH_hail_probability/netcdf_MSG_grid/2005/08/15/20050815_S2129_E2129_MHS_noaa17_MSGgrid.nc
There was a key error (probably due to hail class and nans) in file:  /data/sat/products/PMW_sats/MWCCH_hail_probability/netcdf_MSG_grid/2005/08/15/20050815_S2129_E2129_MHS_noaa17_MSGgrid.nc
There was a key error (probably due to hail class and nans) in file:  /data/sat/products/PMW_sats/MWCCH_hail_probability/netcdf_MSG_grid/2005/08/15/20050815_S2129_E2129_MHS_noaa17_MSGgrid.nc
There was a key error (probably due to hail class and nans) in file:  /data/sat/products/PMW_sats/MWCCH_hail_probability/netcdf_MSG_grid/2005/08/15/20050815_S2129_E2129_MHS_noaa17_MSGgrid.nc
There was a key error (probably due to hail class and nans) in file:  /data/sat/products/PMW_sats/MWCCH_hail_probability/netcdf_MSG_grid/2005/08/15/20050815_S2129_E2129_MHS_noaa17_MSGgrid.nc
There was a key error (probably due to hail class and nans) in file:  /data/sat/products/PMW_sats/MWCCH_hail_probability/netcdf_MSG_grid/2005/08/15/20050815_S2129_E2129_MHS_noaa17_MSGgrid.nc
There was a key error (probably due to hail class and nans) in file:  /data/sat/products/PMW_sats/MWCCH_hail_probability/netcdf_MSG_grid/2005/08/15/20050815_S2129_E2129_MHS_noaa17_MSGgrid.nc
There was a key error (probably due to hail class and nans) in file:  /data/sat/products/PMW_sats/MWCCH_hail_probability/netcdf_MSG_grid/2005/08/15/20050815_S2129_E2129_MHS_noaa17_MSGgrid.nc
There was a key error (probably due to hail class and nans) in file:  /data/sat/products/PMW_sats/MWCCH_hail_probability/netcdf_MSG_grid/2005/08/15/20050815_S2129_E2129_MHS_noaa17_MSGgrid.nc
There was a key error (probably due to hail class and nans) in file:  /data/sat/products/PMW_sats/MWCCH_hail_probability/netcdf_MSG_grid/2005/08/15/20050815_S2129_E2129_MHS_noaa17_MSGgrid.nc
There was a key error (probably due to hail class and nans) in file:  /data/sat/products/PMW_sats/MWCCH_hail_probability/netcdf_MSG_grid/2005/08/15/20050815_S2129_E2129_MHS_noaa17_MSGgrid.nc
There was a key error (probably due to hail class and nans) in file:  /data/sat/products/PMW_sats/MWCCH_hail_probability/netcdf_MSG_grid/2005/08/15/20050815_S2129_E2129_MHS_noaa17_MSGgrid.nc
There was a key error (probably due to hail class and nans) in file:  /data/sat/products/PMW_sats/MWCCH_hail_probability/netcdf_MSG_grid/2005/08/15/20050815_S2129_E2129_MHS_noaa17_MSGgrid.nc
There was a key error (probably due to hail class and nans) in file:  /data/sat/products/PMW_sats/MWCCH_hail_probability/netcdf_MSG_grid/2005/08/15/20050815_S2129_E2129_MHS_noaa17_MSGgrid.nc
There was a key error (probably due to hail class and nans) in file:  /data/sat/products/PMW_sats/MWCCH_hail_probability/netcdf_MSG_grid/2005/08/15/20050815_S2129_E2129_MHS_noaa17_MSGgrid.nc
There was a key error (probably due to hail class and nans) in file:  /data/sat/products/PMW_sats/MWCCH_hail_probability/netcdf_MSG_grid/2005/08/15/20050815_S2129_E2129_MHS_noaa17_MSGgrid.nc
There was a key error (probably due to hail class and nans) in file:  /data/sat/products/PMW_sats/MWCCH_hail_probability/netcdf_MSG_grid/2005/08/15/20050815_S2129_E2129_MHS_noaa17_MSGgrid.nc
There was a key error (probably due to hail class and nans) in file:  /data/sat/products/PMW_sats/MWCCH_hail_probability/netcdf_MSG_grid/2005/08/15/20050815_S2129_E2129_MHS_noaa17_MSGgrid.nc
There was a key error (probably due to hail class and nans) in file:  /data/sat/products/PMW_sats/MWCCH_hail_probability/netcdf_MSG_grid/2005/09/11/20050911_S0239_E0240_MHS_noaa18_MSGgrid.nc
There was a key error (probably due to hail class and nans) in file:  /data/sat/products/PMW_sats/MWCCH_hail_probability/netcdf_MSG_grid/2005/09/11/20050911_S0239_E0240_MHS_noaa18_MSGgrid.nc
There was a key error (probably due to hail class and nans) in file:  /data/sat/products/PMW_sats/MWCCH_hail_probability/netcdf_MSG_grid/2005/09/11/20050911_S0239_E0240_MHS_noaa18_MSGgrid.nc
There was a key error (probably due to hail class and nans) in file:  /data/sat/products/PMW_sats/MWCCH_hail_probability/netcdf_MSG_grid/2005/09/11/20050911_S0239_E0240_MHS_noaa18_MSGgrid.nc
There was a key error (probably due to hail class and nans) in file:  /data/sat/products/PMW_sats/MWCCH_hail_probability/netcdf_MSG_grid/2005/09/11/20050911_S0239_E0240_MHS_noaa18_MSGgrid.nc
There was a key error (probably due to hail class and nans) in file:  /data/sat/products/PMW_sats/MWCCH_hail_probability/netcdf_MSG_grid/2005/09/11/20050911_S0239_E0240_MHS_noaa18_MSGgrid.nc
There was a key error (probably due to hail class and nans) in file:  /data/sat/products/PMW_sats/MWCCH_hail_probability/netcdf_MSG_grid/2005/09/11/20050911_S0239_E0240_MHS_noaa18_MSGgrid.nc
There was a key error (probably due to hail class and nans) in file:  /data/sat/products/PMW_sats/MWCCH_hail_probability/netcdf_MSG_grid/2005/09/11/20050911_S0239_E0240_MHS_noaa18_MSGgrid.nc
There was a key error (probably due to hail class and nans) in file:  /data/sat/products/PMW_sats/MWCCH_hail_probability/netcdf_MSG_grid/2005/09/11/20050911_S0239_E0240_MHS_noaa18_MSGgrid.nc
There was a key error (probably due to hail class and nans) in file:  /data/sat/products/PMW_sats/MWCCH_hail_probability/netcdf_MSG_grid/2005/09/11/20050911_S0239_E0240_MHS_noaa18_MSGgrid.nc
There was a key error (probably due to hail class and nans) in file:  /data/sat/products/PMW_sats/MWCCH_hail_probability/netcdf_MSG_grid/2005/09/11/20050911_S0239_E0240_MHS_noaa18_MSGgrid.nc
There was a key error (probably due to hail class and nans) in file:  /data/sat/products/PMW_sats/MWCCH_hail_probability/netcdf_MSG_grid/2005/09/11/20050911_S0239_E0240_MHS_noaa18_MSGgrid.nc
There was a key error (probably due to hail class and nans) in file:  /data/sat/products/PMW_sats/MWCCH_hail_probability/netcdf_MSG_grid/2005/09/11/20050911_S0239_E0240_MHS_noaa18_MSGgrid.nc
There was a key error (probably due to hail class and nans) in file:  /data/sat/products/PMW_sats/MWCCH_hail_probability/netcdf_MSG_grid/2005/09/11/20050911_S0239_E0240_MHS_noaa18_MSGgrid.nc
There was a key error (probably due to hail class and nans) in file:  /data/sat/products/PMW_sats/MWCCH_hail_probability/netcdf_MSG_grid/2005/09/11/20050911_S0239_E0240_MHS_noaa18_MSGgrid.nc
There was a key error (probably due to hail class and nans) in file:  /data/sat/products/PMW_sats/MWCCH_hail_probability/netcdf_MSG_grid/2005/09/11/20050911_S0239_E0240_MHS_noaa18_MSGgrid.nc
There was a key error (probably due to hail class and nans) in file:  /data/sat/products/PMW_sats/MWCCH_hail_probability/netcdf_MSG_grid/2005/09/11/20050911_S0239_E0240_MHS_noaa18_MSGgrid.nc
3000
There was a key error (probably due to hail class and nans) in file:  /data/sat/products/PMW_sats/MWCCH_hail_probability/netcdf_MSG_grid/2005/09/29/20050929_S0934_E0935_MHS_noaa17_MSGgrid.nc
There was a key error (probably due to hail class and nans) in file:  /data/sat/products/PMW_sats/MWCCH_hail_probability/netcdf_MSG_grid/2005/09/29/20050929_S0934_E0935_MHS_noaa17_MSGgrid.nc
There was a key error (probably due to hail class and nans) in file:  /data/sat/products/PMW_sats/MWCCH_hail_probability/netcdf_MSG_grid/2005/09/29/20050929_S0934_E0935_MHS_noaa17_MSGgrid.nc
There was a key error (probably due to hail class and nans) in file:  /data/sat/products/PMW_sats/MWCCH_hail_probability/netcdf_MSG_grid/2005/09/29/20050929_S0934_E0935_MHS_noaa17_MSGgrid.nc
There was a key error (probably due to hail class and nans) in file:  /data/sat/products/PMW_sats/MWCCH_hail_probability/netcdf_MSG_grid/2005/09/29/20050929_S0934_E0935_MHS_noaa17_MSGgrid.nc
There was a key error (probably due to hail class and nans) in file:  /data/sat/products/PMW_sats/MWCCH_hail_probability/netcdf_MSG_grid/2005/09/29/20050929_S0934_E0935_MHS_noaa17_MSGgrid.nc
There was a key error (probably due to hail class and nans) in file:  /data/sat/products/PMW_sats/MWCCH_hail_probability/netcdf_MSG_grid/2005/09/29/20050929_S0934_E0935_MHS_noaa17_MSGgrid.nc
There was a key error (probably due to hail class and nans) in file:  /data/sat/products/PMW_sats/MWCCH_hail_probability/netcdf_MSG_grid/2005/09/29/20050929_S0934_E0935_MHS_noaa17_MSGgrid.nc
There was a key error (probably due to hail class and nans) in file:  /data/sat/products/PMW_sats/MWCCH_hail_probability/netcdf_MSG_grid/2005/09/29/20050929_S0934_E0935_MHS_noaa17_MSGgrid.nc
There was a key error (probably due to hail class and nans) in file:  /data/sat/products/PMW_sats/MWCCH_hail_probability/netcdf_MSG_grid/2005/09/29/20050929_S0934_E0935_MHS_noaa17_MSGgrid.nc
There was a key error (probably due to hail class and nans) in file:  /data/sat/products/PMW_sats/MWCCH_hail_probability/netcdf_MSG_grid/2005/09/29/20050929_S0934_E0935_MHS_noaa17_MSGgrid.nc
There was a key error (probably due to hail class and nans) in file:  /data/sat/products/PMW_sats/MWCCH_hail_probability/netcdf_MSG_grid/2005/09/29/20050929_S0934_E0935_MHS_noaa17_MSGgrid.nc
There was a key error (probably due to hail class and nans) in file:  /data/sat/products/PMW_sats/MWCCH_hail_probability/netcdf_MSG_grid/2005/09/29/20050929_S0934_E0935_MHS_noaa17_MSGgrid.nc
There was a key error (probably due to hail class and nans) in file:  /data/sat/products/PMW_sats/MWCCH_hail_probability/netcdf_MSG_grid/2005/09/29/20050929_S0934_E0935_MHS_noaa17_MSGgrid.nc
There was a key error (probably due to hail class and nans) in file:  /data/sat/products/PMW_sats/MWCCH_hail_probability/netcdf_MSG_grid/2005/09/29/20050929_S0934_E0935_MHS_noaa17_MSGgrid.nc
There was a key error (probably due to hail class and nans) in file:  /data/sat/products/PMW_sats/MWCCH_hail_probability/netcdf_MSG_grid/2005/09/29/20050929_S0934_E0935_MHS_noaa17_MSGgrid.nc
There was a key error (probably due to hail class and nans) in file:  /data/sat/products/PMW_sats/MWCCH_hail_probability/netcdf_MSG_grid/2006/05/02/20060502_S1736_E1736_SSMIS_f16_MSGgrid.nc
There was a key error (probably due to hail class and nans) in file:  /data/sat/products/PMW_sats/MWCCH_hail_probability/netcdf_MSG_grid/2006/05/02/20060502_S1736_E1736_SSMIS_f16_MSGgrid.nc
There was a key error (probably due to hail class and nans) in file:  /data/sat/products/PMW_sats/MWCCH_hail_probability/netcdf_MSG_grid/2006/05/02/20060502_S1736_E1736_SSMIS_f16_MSGgrid.nc
There was a key error (probably due to hail class and nans) in file:  /data/sat/products/PMW_sats/MWCCH_hail_probability/netcdf_MSG_grid/2006/05/02/20060502_S1736_E1736_SSMIS_f16_MSGgrid.nc
There was a key error (probably due to hail class and nans) in file:  /data/sat/products/PMW_sats/MWCCH_hail_probability/netcdf_MSG_grid/2006/05/02/20060502_S1736_E1736_SSMIS_f16_MSGgrid.nc
There was a key error (probably due to hail class and nans) in file:  /data/sat/products/PMW_sats/MWCCH_hail_probability/netcdf_MSG_grid/2006/05/02/20060502_S1736_E1736_SSMIS_f16_MSGgrid.nc
There was a key error (probably due to hail class and nans) in file:  /data/sat/products/PMW_sats/MWCCH_hail_probability/netcdf_MSG_grid/2006/05/02/20060502_S1736_E1736_SSMIS_f16_MSGgrid.nc
There was a key error (probably due to hail class and nans) in file:  /data/sat/products/PMW_sats/MWCCH_hail_probability/netcdf_MSG_grid/2006/05/02/20060502_S1736_E1736_SSMIS_f16_MSGgrid.nc
There was a key error (probably due to hail class and nans) in file:  /data/sat/products/PMW_sats/MWCCH_hail_probability/netcdf_MSG_grid/2006/05/02/20060502_S1736_E1736_SSMIS_f16_MSGgrid.nc
There was a key error (probably due to hail class and nans) in file:  /data/sat/products/PMW_sats/MWCCH_hail_probability/netcdf_MSG_grid/2006/05/02/20060502_S1736_E1736_SSMIS_f16_MSGgrid.nc
There was a key error (probably due to hail class and nans) in file:  /data/sat/products/PMW_sats/MWCCH_hail_probability/netcdf_MSG_grid/2006/05/02/20060502_S1736_E1736_SSMIS_f16_MSGgrid.nc
There was a key error (probably due to hail class and nans) in file:  /data/sat/products/PMW_sats/MWCCH_hail_probability/netcdf_MSG_grid/2006/05/02/20060502_S1736_E1736_SSMIS_f16_MSGgrid.nc
There was a key error (probably due to hail class and nans) in file:  /data/sat/products/PMW_sats/MWCCH_hail_probability/netcdf_MSG_grid/2006/05/02/20060502_S1736_E1736_SSMIS_f16_MSGgrid.nc
There was a key error (probably due to hail class and nans) in file:  /data/sat/products/PMW_sats/MWCCH_hail_probability/netcdf_MSG_grid/2006/05/26/20060526_S0924_E0924_SSMIS_f16_MSGgrid.nc
There was a key error (probably due to hail class and nans) in file:  /data/sat/products/PMW_sats/MWCCH_hail_probability/netcdf_MSG_grid/2006/05/26/20060526_S0924_E0924_SSMIS_f16_MSGgrid.nc
There was a key error (probably due to hail class and nans) in file:  /data/sat/products/PMW_sats/MWCCH_hail_probability/netcdf_MSG_grid/2006/05/26/20060526_S0924_E0924_SSMIS_f16_MSGgrid.nc
There was a key error (probably due to hail class and nans) in file:  /data/sat/products/PMW_sats/MWCCH_hail_probability/netcdf_MSG_grid/2006/05/26/20060526_S0924_E0924_SSMIS_f16_MSGgrid.nc
There was a key error (probably due to hail class and nans) in file:  /data/sat/products/PMW_sats/MWCCH_hail_probability/netcdf_MSG_grid/2006/05/26/20060526_S0924_E0924_SSMIS_f16_MSGgrid.nc
There was a key error (probably due to hail class and nans) in file:  /data/sat/products/PMW_sats/MWCCH_hail_probability/netcdf_MSG_grid/2006/05/26/20060526_S0924_E0924_SSMIS_f16_MSGgrid.nc
There was a key error (probably due to hail class and nans) in file:  /data/sat/products/PMW_sats/MWCCH_hail_probability/netcdf_MSG_grid/2006/05/26/20060526_S0924_E0924_SSMIS_f16_MSGgrid.nc
There was a key error (probably due to hail class and nans) in file:  /data/sat/products/PMW_sats/MWCCH_hail_probability/netcdf_MSG_grid/2006/05/26/20060526_S0924_E0924_SSMIS_f16_MSGgrid.nc
There was a key error (probably due to hail class and nans) in file:  /data/sat/products/PMW_sats/MWCCH_hail_probability/netcdf_MSG_grid/2006/05/26/20060526_S0924_E0924_SSMIS_f16_MSGgrid.nc
There was a key error (probably due to hail class and nans) in file:  /data/sat/products/PMW_sats/MWCCH_hail_probability/netcdf_MSG_grid/2006/05/26/20060526_S0924_E0924_SSMIS_f16_MSGgrid.nc
There was a key error (probably due to hail class and nans) in file:  /data/sat/products/PMW_sats/MWCCH_hail_probability/netcdf_MSG_grid/2006/05/30/20060530_S2002_E2003_SSMIS_f16_MSGgrid.nc
There was a key error (probably due to hail class and nans) in file:  /data/sat/products/PMW_sats/MWCCH_hail_probability/netcdf_MSG_grid/2006/05/30/20060530_S2002_E2003_SSMIS_f16_MSGgrid.nc
There was a key error (probably due to hail class and nans) in file:  /data/sat/products/PMW_sats/MWCCH_hail_probability/netcdf_MSG_grid/2006/05/30/20060530_S2002_E2003_SSMIS_f16_MSGgrid.nc
There was a key error (probably due to hail class and nans) in file:  /data/sat/products/PMW_sats/MWCCH_hail_probability/netcdf_MSG_grid/2006/05/30/20060530_S2002_E2003_SSMIS_f16_MSGgrid.nc
There was a key error (probably due to hail class and nans) in file:  /data/sat/products/PMW_sats/MWCCH_hail_probability/netcdf_MSG_grid/2006/05/30/20060530_S2002_E2003_SSMIS_f16_MSGgrid.nc
4000
There was a key error (probably due to hail class and nans) in file:  /data/sat/products/PMW_sats/MWCCH_hail_probability/netcdf_MSG_grid/2006/08/16/20060816_S0411_E0411_MHS_noaa16_MSGgrid.nc
There was a key error (probably due to hail class and nans) in file:  /data/sat/products/PMW_sats/MWCCH_hail_probability/netcdf_MSG_grid/2006/08/16/20060816_S0411_E0411_MHS_noaa16_MSGgrid.nc
There was a key error (probably due to hail class and nans) in file:  /data/sat/products/PMW_sats/MWCCH_hail_probability/netcdf_MSG_grid/2006/08/16/20060816_S0411_E0411_MHS_noaa16_MSGgrid.nc
There was a key error (probably due to hail class and nans) in file:  /data/sat/products/PMW_sats/MWCCH_hail_probability/netcdf_MSG_grid/2006/08/16/20060816_S0411_E0411_MHS_noaa16_MSGgrid.nc
There was a key error (probably due to hail class and nans) in file:  /data/sat/products/PMW_sats/MWCCH_hail_probability/netcdf_MSG_grid/2006/08/16/20060816_S0411_E0411_MHS_noaa16_MSGgrid.nc
There was a key error (probably due to hail class and nans) in file:  /data/sat/products/PMW_sats/MWCCH_hail_probability/netcdf_MSG_grid/2006/08/16/20060816_S0411_E0411_MHS_noaa16_MSGgrid.nc
There was a key error (probably due to hail class and nans) in file:  /data/sat/products/PMW_sats/MWCCH_hail_probability/netcdf_MSG_grid/2006/08/16/20060816_S0411_E0411_MHS_noaa16_MSGgrid.nc
There was a key error (probably due to hail class and nans) in file:  /data/sat/products/PMW_sats/MWCCH_hail_probability/netcdf_MSG_grid/2006/08/16/20060816_S0411_E0411_MHS_noaa16_MSGgrid.nc
There was a key error (probably due to hail class and nans) in file:  /data/sat/products/PMW_sats/MWCCH_hail_probability/netcdf_MSG_grid/2006/08/16/20060816_S0411_E0411_MHS_noaa16_MSGgrid.nc
There was a key error (probably due to hail class and nans) in file:  /data/sat/products/PMW_sats/MWCCH_hail_probability/netcdf_MSG_grid/2006/08/16/20060816_S0411_E0411_MHS_noaa16_MSGgrid.nc
There was a key error (probably due to hail class and nans) in file:  /data/sat/products/PMW_sats/MWCCH_hail_probability/netcdf_MSG_grid/2006/08/16/20060816_S0411_E0411_MHS_noaa16_MSGgrid.nc
There was a key error (probably due to hail class and nans) in file:  /data/sat/products/PMW_sats/MWCCH_hail_probability/netcdf_MSG_grid/2006/08/16/20060816_S0411_E0411_MHS_noaa16_MSGgrid.nc
There was a key error (probably due to hail class and nans) in file:  /data/sat/products/PMW_sats/MWCCH_hail_probability/netcdf_MSG_grid/2006/08/16/20060816_S0411_E0411_MHS_noaa16_MSGgrid.nc
There was a key error (probably due to hail class and nans) in file:  /data/sat/products/PMW_sats/MWCCH_hail_probability/netcdf_MSG_grid/2006/08/16/20060816_S0411_E0411_MHS_noaa16_MSGgrid.nc
There was a key error (probably due to hail class and nans) in file:  /data/sat/products/PMW_sats/MWCCH_hail_probability/netcdf_MSG_grid/2006/08/16/20060816_S0411_E0411_MHS_noaa16_MSGgrid.nc
There was a key error (probably due to hail class and nans) in file:  /data/sat/products/PMW_sats/MWCCH_hail_probability/netcdf_MSG_grid/2006/08/16/20060816_S0411_E0411_MHS_noaa16_MSGgrid.nc
There was a key error (probably due to hail class and nans) in file:  /data/sat/products/PMW_sats/MWCCH_hail_probability/netcdf_MSG_grid/2006/08/16/20060816_S0411_E0411_MHS_noaa16_MSGgrid.nc
There was a key error (probably due to hail class and nans) in file:  /data/sat/products/PMW_sats/MWCCH_hail_probability/netcdf_MSG_grid/2006/08/16/20060816_S0411_E0411_MHS_noaa16_MSGgrid.nc
There was a key error (probably due to hail class and nans) in file:  /data/sat/products/PMW_sats/MWCCH_hail_probability/netcdf_MSG_grid/2006/09/10/20060910_S1234_E1234_MHS_noaa18_MSGgrid.nc
There was a key error (probably due to hail class and nans) in file:  /data/sat/products/PMW_sats/MWCCH_hail_probability/netcdf_MSG_grid/2006/09/10/20060910_S1234_E1234_MHS_noaa18_MSGgrid.nc
There was a key error (probably due to hail class and nans) in file:  /data/sat/products/PMW_sats/MWCCH_hail_probability/netcdf_MSG_grid/2006/09/10/20060910_S1234_E1234_MHS_noaa18_MSGgrid.nc
There was a key error (probably due to hail class and nans) in file:  /data/sat/products/PMW_sats/MWCCH_hail_probability/netcdf_MSG_grid/2006/09/10/20060910_S1234_E1234_MHS_noaa18_MSGgrid.nc
There was a key error (probably due to hail class and nans) in file:  /data/sat/products/PMW_sats/MWCCH_hail_probability/netcdf_MSG_grid/2006/09/10/20060910_S1234_E1234_MHS_noaa18_MSGgrid.nc
There was a key error (probably due to hail class and nans) in file:  /data/sat/products/PMW_sats/MWCCH_hail_probability/netcdf_MSG_grid/2006/09/10/20060910_S1234_E1234_MHS_noaa18_MSGgrid.nc
There was a key error (probably due to hail class and nans) in file:  /data/sat/products/PMW_sats/MWCCH_hail_probability/netcdf_MSG_grid/2006/09/10/20060910_S1234_E1234_MHS_noaa18_MSGgrid.nc
There was a key error (probably due to hail class and nans) in file:  /data/sat/products/PMW_sats/MWCCH_hail_probability/netcdf_MSG_grid/2006/09/10/20060910_S1234_E1234_MHS_noaa18_MSGgrid.nc
There was a key error (probably due to hail class and nans) in file:  /data/sat/products/PMW_sats/MWCCH_hail_probability/netcdf_MSG_grid/2006/09/10/20060910_S1234_E1234_MHS_noaa18_MSGgrid.nc
There was a key error (probably due to hail class and nans) in file:  /data/sat/products/PMW_sats/MWCCH_hail_probability/netcdf_MSG_grid/2006/09/10/20060910_S1234_E1234_MHS_noaa18_MSGgrid.nc
There was a key error (probably due to hail class and nans) in file:  /data/sat/products/PMW_sats/MWCCH_hail_probability/netcdf_MSG_grid/2006/09/10/20060910_S1234_E1234_MHS_noaa18_MSGgrid.nc
There was a key error (probably due to hail class and nans) in file:  /data/sat/products/PMW_sats/MWCCH_hail_probability/netcdf_MSG_grid/2006/09/10/20060910_S1234_E1234_MHS_noaa18_MSGgrid.nc
There was a key error (probably due to hail class and nans) in file:  /data/sat/products/PMW_sats/MWCCH_hail_probability/netcdf_MSG_grid/2006/09/10/20060910_S1234_E1234_MHS_noaa18_MSGgrid.nc
There was a key error (probably due to hail class and nans) in file:  /data/sat/products/PMW_sats/MWCCH_hail_probability/netcdf_MSG_grid/2006/09/10/20060910_S1234_E1234_MHS_noaa18_MSGgrid.nc
There was a key error (probably due to hail class and nans) in file:  /data/sat/products/PMW_sats/MWCCH_hail_probability/netcdf_MSG_grid/2006/09/10/20060910_S1234_E1234_MHS_noaa18_MSGgrid.nc
There was a key error (probably due to hail class and nans) in file:  /data/sat/products/PMW_sats/MWCCH_hail_probability/netcdf_MSG_grid/2006/09/10/20060910_S1234_E1234_MHS_noaa18_MSGgrid.nc
There was a key error (probably due to hail class and nans) in file:  /data/sat/products/PMW_sats/MWCCH_hail_probability/netcdf_MSG_grid/2006/09/10/20060910_S1234_E1234_MHS_noaa18_MSGgrid.nc
There was a key error (probably due to hail class and nans) in file:  /data/sat/products/PMW_sats/MWCCH_hail_probability/netcdf_MSG_grid/2006/09/10/20060910_S1234_E1234_MHS_noaa18_MSGgrid.nc
There was a key error (probably due to hail class and nans) in file:  /data/sat/products/PMW_sats/MWCCH_hail_probability/netcdf_MSG_grid/2006/09/30/20060930_S1914_E1914_SSMIS_f16_MSGgrid.nc
There was a key error (probably due to hail class and nans) in file:  /data/sat/products/PMW_sats/MWCCH_hail_probability/netcdf_MSG_grid/2006/09/30/20060930_S1914_E1914_SSMIS_f16_MSGgrid.nc
There was a key error (probably due to hail class and nans) in file:  /data/sat/products/PMW_sats/MWCCH_hail_probability/netcdf_MSG_grid/2006/09/30/20060930_S1914_E1914_SSMIS_f16_MSGgrid.nc
There was a key error (probably due to hail class and nans) in file:  /data/sat/products/PMW_sats/MWCCH_hail_probability/netcdf_MSG_grid/2006/09/30/20060930_S1914_E1914_SSMIS_f16_MSGgrid.nc
There was a key error (probably due to hail class and nans) in file:  /data/sat/products/PMW_sats/MWCCH_hail_probability/netcdf_MSG_grid/2007/04/17/20070417_S1730_E1730_SSMIS_f16_MSGgrid.nc
There was a key error (probably due to hail class and nans) in file:  /data/sat/products/PMW_sats/MWCCH_hail_probability/netcdf_MSG_grid/2007/04/17/20070417_S1730_E1730_SSMIS_f16_MSGgrid.nc
There was a key error (probably due to hail class and nans) in file:  /data/sat/products/PMW_sats/MWCCH_hail_probability/netcdf_MSG_grid/2007/04/17/20070417_S1730_E1730_SSMIS_f16_MSGgrid.nc
There was a key error (probably due to hail class and nans) in file:  /data/sat/products/PMW_sats/MWCCH_hail_probability/netcdf_MSG_grid/2007/04/17/20070417_S1730_E1730_SSMIS_f16_MSGgrid.nc
There was a key error (probably due to hail class and nans) in file:  /data/sat/products/PMW_sats/MWCCH_hail_probability/netcdf_MSG_grid/2007/04/17/20070417_S1730_E1730_SSMIS_f16_MSGgrid.nc
There was a key error (probably due to hail class and nans) in file:  /data/sat/products/PMW_sats/MWCCH_hail_probability/netcdf_MSG_grid/2007/04/17/20070417_S1730_E1730_SSMIS_f16_MSGgrid.nc
There was a key error (probably due to hail class and nans) in file:  /data/sat/products/PMW_sats/MWCCH_hail_probability/netcdf_MSG_grid/2007/04/17/20070417_S1730_E1730_SSMIS_f16_MSGgrid.nc
There was a key error (probably due to hail class and nans) in file:  /data/sat/products/PMW_sats/MWCCH_hail_probability/netcdf_MSG_grid/2007/04/17/20070417_S1730_E1730_SSMIS_f16_MSGgrid.nc
There was a key error (probably due to hail class and nans) in file:  /data/sat/products/PMW_sats/MWCCH_hail_probability/netcdf_MSG_grid/2007/04/23/20070423_S2034_E2034_MHS_noaa17_MSGgrid.nc
There was a key error (probably due to hail class and nans) in file:  /data/sat/products/PMW_sats/MWCCH_hail_probability/netcdf_MSG_grid/2007/04/23/20070423_S2034_E2034_MHS_noaa17_MSGgrid.nc
There was a key error (probably due to hail class and nans) in file:  /data/sat/products/PMW_sats/MWCCH_hail_probability/netcdf_MSG_grid/2007/04/23/20070423_S2034_E2034_MHS_noaa17_MSGgrid.nc
There was a key error (probably due to hail class and nans) in file:  /data/sat/products/PMW_sats/MWCCH_hail_probability/netcdf_MSG_grid/2007/04/23/20070423_S2034_E2034_MHS_noaa17_MSGgrid.nc
There was a key error (probably due to hail class and nans) in file:  /data/sat/products/PMW_sats/MWCCH_hail_probability/netcdf_MSG_grid/2007/04/23/20070423_S2034_E2034_MHS_noaa17_MSGgrid.nc
There was a key error (probably due to hail class and nans) in file:  /data/sat/products/PMW_sats/MWCCH_hail_probability/netcdf_MSG_grid/2007/04/23/20070423_S2034_E2034_MHS_noaa17_MSGgrid.nc
There was a key error (probably due to hail class and nans) in file:  /data/sat/products/PMW_sats/MWCCH_hail_probability/netcdf_MSG_grid/2007/04/23/20070423_S2034_E2034_MHS_noaa17_MSGgrid.nc
There was a key error (probably due to hail class and nans) in file:  /data/sat/products/PMW_sats/MWCCH_hail_probability/netcdf_MSG_grid/2007/04/23/20070423_S2034_E2034_MHS_noaa17_MSGgrid.nc
There was a key error (probably due to hail class and nans) in file:  /data/sat/products/PMW_sats/MWCCH_hail_probability/netcdf_MSG_grid/2007/04/23/20070423_S2034_E2034_MHS_noaa17_MSGgrid.nc
There was a key error (probably due to hail class and nans) in file:  /data/sat/products/PMW_sats/MWCCH_hail_probability/netcdf_MSG_grid/2007/04/23/20070423_S2034_E2034_MHS_noaa17_MSGgrid.nc
There was a key error (probably due to hail class and nans) in file:  /data/sat/products/PMW_sats/MWCCH_hail_probability/netcdf_MSG_grid/2007/04/23/20070423_S2034_E2034_MHS_noaa17_MSGgrid.nc
There was a key error (probably due to hail class and nans) in file:  /data/sat/products/PMW_sats/MWCCH_hail_probability/netcdf_MSG_grid/2007/04/23/20070423_S2034_E2034_MHS_noaa17_MSGgrid.nc
There was a key error (probably due to hail class and nans) in file:  /data/sat/products/PMW_sats/MWCCH_hail_probability/netcdf_MSG_grid/2007/04/23/20070423_S2034_E2034_MHS_noaa17_MSGgrid.nc
There was a key error (probably due to hail class and nans) in file:  /data/sat/products/PMW_sats/MWCCH_hail_probability/netcdf_MSG_grid/2007/04/23/20070423_S2034_E2034_MHS_noaa17_MSGgrid.nc
There was a key error (probably due to hail class and nans) in file:  /data/sat/products/PMW_sats/MWCCH_hail_probability/netcdf_MSG_grid/2007/04/23/20070423_S2034_E2034_MHS_noaa17_MSGgrid.nc
There was a key error (probably due to hail class and nans) in file:  /data/sat/products/PMW_sats/MWCCH_hail_probability/netcdf_MSG_grid/2007/04/23/20070423_S2034_E2034_MHS_noaa17_MSGgrid.nc
There was a key error (probably due to hail class and nans) in file:  /data/sat/products/PMW_sats/MWCCH_hail_probability/netcdf_MSG_grid/2007/04/23/20070423_S2034_E2034_MHS_noaa17_MSGgrid.nc
There was a key error (probably due to hail class and nans) in file:  /data/sat/products/PMW_sats/MWCCH_hail_probability/netcdf_MSG_grid/2007/05/03/20070503_S0557_E0558_MHS_noaa15_MSGgrid.nc
There was a key error (probably due to hail class and nans) in file:  /data/sat/products/PMW_sats/MWCCH_hail_probability/netcdf_MSG_grid/2007/05/03/20070503_S0557_E0558_MHS_noaa15_MSGgrid.nc
There was a key error (probably due to hail class and nans) in file:  /data/sat/products/PMW_sats/MWCCH_hail_probability/netcdf_MSG_grid/2007/05/03/20070503_S0557_E0558_MHS_noaa15_MSGgrid.nc
There was a key error (probably due to hail class and nans) in file:  /data/sat/products/PMW_sats/MWCCH_hail_probability/netcdf_MSG_grid/2007/05/03/20070503_S0557_E0558_MHS_noaa15_MSGgrid.nc
There was a key error (probably due to hail class and nans) in file:  /data/sat/products/PMW_sats/MWCCH_hail_probability/netcdf_MSG_grid/2007/05/03/20070503_S0557_E0558_MHS_noaa15_MSGgrid.nc
There was a key error (probably due to hail class and nans) in file:  /data/sat/products/PMW_sats/MWCCH_hail_probability/netcdf_MSG_grid/2007/06/07/20070607_S2136_E2136_MHS_noaa17_MSGgrid.nc
There was a key error (probably due to hail class and nans) in file:  /data/sat/products/PMW_sats/MWCCH_hail_probability/netcdf_MSG_grid/2007/06/07/20070607_S2136_E2136_MHS_noaa17_MSGgrid.nc
There was a key error (probably due to hail class and nans) in file:  /data/sat/products/PMW_sats/MWCCH_hail_probability/netcdf_MSG_grid/2007/06/07/20070607_S2136_E2136_MHS_noaa17_MSGgrid.nc
There was a key error (probably due to hail class and nans) in file:  /data/sat/products/PMW_sats/MWCCH_hail_probability/netcdf_MSG_grid/2007/06/07/20070607_S2136_E2136_MHS_noaa17_MSGgrid.nc
There was a key error (probably due to hail class and nans) in file:  /data/sat/products/PMW_sats/MWCCH_hail_probability/netcdf_MSG_grid/2007/06/07/20070607_S2136_E2136_MHS_noaa17_MSGgrid.nc
There was a key error (probably due to hail class and nans) in file:  /data/sat/products/PMW_sats/MWCCH_hail_probability/netcdf_MSG_grid/2007/06/07/20070607_S2136_E2136_MHS_noaa17_MSGgrid.nc
There was a key error (probably due to hail class and nans) in file:  /data/sat/products/PMW_sats/MWCCH_hail_probability/netcdf_MSG_grid/2007/06/07/20070607_S2136_E2136_MHS_noaa17_MSGgrid.nc
There was a key error (probably due to hail class and nans) in file:  /data/sat/products/PMW_sats/MWCCH_hail_probability/netcdf_MSG_grid/2007/06/07/20070607_S2136_E2136_MHS_noaa17_MSGgrid.nc
There was a key error (probably due to hail class and nans) in file:  /data/sat/products/PMW_sats/MWCCH_hail_probability/netcdf_MSG_grid/2007/06/07/20070607_S2136_E2136_MHS_noaa17_MSGgrid.nc
There was a key error (probably due to hail class and nans) in file:  /data/sat/products/PMW_sats/MWCCH_hail_probability/netcdf_MSG_grid/2007/06/07/20070607_S2136_E2136_MHS_noaa17_MSGgrid.nc
There was a key error (probably due to hail class and nans) in file:  /data/sat/products/PMW_sats/MWCCH_hail_probability/netcdf_MSG_grid/2007/06/07/20070607_S2136_E2136_MHS_noaa17_MSGgrid.nc
There was a key error (probably due to hail class and nans) in file:  /data/sat/products/PMW_sats/MWCCH_hail_probability/netcdf_MSG_grid/2007/06/07/20070607_S2136_E2136_MHS_noaa17_MSGgrid.nc
There was a key error (probably due to hail class and nans) in file:  /data/sat/products/PMW_sats/MWCCH_hail_probability/netcdf_MSG_grid/2007/06/07/20070607_S2136_E2136_MHS_noaa17_MSGgrid.nc
There was a key error (probably due to hail class and nans) in file:  /data/sat/products/PMW_sats/MWCCH_hail_probability/netcdf_MSG_grid/2007/06/07/20070607_S2136_E2136_MHS_noaa17_MSGgrid.nc
There was a key error (probably due to hail class and nans) in file:  /data/sat/products/PMW_sats/MWCCH_hail_probability/netcdf_MSG_grid/2007/06/07/20070607_S2136_E2136_MHS_noaa17_MSGgrid.nc
There was a key error (probably due to hail class and nans) in file:  /data/sat/products/PMW_sats/MWCCH_hail_probability/netcdf_MSG_grid/2007/06/07/20070607_S2136_E2136_MHS_noaa17_MSGgrid.nc
There was a key error (probably due to hail class and nans) in file:  /data/sat/products/PMW_sats/MWCCH_hail_probability/netcdf_MSG_grid/2007/06/07/20070607_S2136_E2136_MHS_noaa17_MSGgrid.nc
There was a key error (probably due to hail class and nans) in file:  /data/sat/products/PMW_sats/MWCCH_hail_probability/netcdf_MSG_grid/2007/06/07/20070607_S2136_E2136_MHS_noaa17_MSGgrid.nc
There was a key error (probably due to hail class and nans) in file:  /data/sat/products/PMW_sats/MWCCH_hail_probability/netcdf_MSG_grid/2007/06/12/20070612_S0917_E0917_SSMIS_f16_MSGgrid.nc
There was a key error (probably due to hail class and nans) in file:  /data/sat/products/PMW_sats/MWCCH_hail_probability/netcdf_MSG_grid/2007/06/12/20070612_S0917_E0917_SSMIS_f16_MSGgrid.nc
There was a key error (probably due to hail class and nans) in file:  /data/sat/products/PMW_sats/MWCCH_hail_probability/netcdf_MSG_grid/2007/06/12/20070612_S0917_E0917_SSMIS_f16_MSGgrid.nc
There was a key error (probably due to hail class and nans) in file:  /data/sat/products/PMW_sats/MWCCH_hail_probability/netcdf_MSG_grid/2007/06/12/20070612_S0917_E0917_SSMIS_f16_MSGgrid.nc
There was a key error (probably due to hail class and nans) in file:  /data/sat/products/PMW_sats/MWCCH_hail_probability/netcdf_MSG_grid/2007/06/12/20070612_S0917_E0917_SSMIS_f16_MSGgrid.nc
There was a key error (probably due to hail class and nans) in file:  /data/sat/products/PMW_sats/MWCCH_hail_probability/netcdf_MSG_grid/2007/06/12/20070612_S0917_E0917_SSMIS_f16_MSGgrid.nc
There was a key error (probably due to hail class and nans) in file:  /data/sat/products/PMW_sats/MWCCH_hail_probability/netcdf_MSG_grid/2007/06/12/20070612_S0917_E0917_SSMIS_f16_MSGgrid.nc
There was a key error (probably due to hail class and nans) in file:  /data/sat/products/PMW_sats/MWCCH_hail_probability/netcdf_MSG_grid/2007/06/12/20070612_S0917_E0917_SSMIS_f16_MSGgrid.nc
There was a key error (probably due to hail class and nans) in file:  /data/sat/products/PMW_sats/MWCCH_hail_probability/netcdf_MSG_grid/2007/06/12/20070612_S0917_E0917_SSMIS_f16_MSGgrid.nc
There was a key error (probably due to hail class and nans) in file:  /data/sat/products/PMW_sats/MWCCH_hail_probability/netcdf_MSG_grid/2007/06/12/20070612_S0917_E0917_SSMIS_f16_MSGgrid.nc
There was a key error (probably due to hail class and nans) in file:  /data/sat/products/PMW_sats/MWCCH_hail_probability/netcdf_MSG_grid/2007/06/12/20070612_S0917_E0917_SSMIS_f16_MSGgrid.nc
There was a key error (probably due to hail class and nans) in file:  /data/sat/products/PMW_sats/MWCCH_hail_probability/netcdf_MSG_grid/2007/06/12/20070612_S0917_E0917_SSMIS_f16_MSGgrid.nc
There was a key error (probably due to hail class and nans) in file:  /data/sat/products/PMW_sats/MWCCH_hail_probability/netcdf_MSG_grid/2007/06/12/20070612_S0917_E0917_SSMIS_f16_MSGgrid.nc
There was a key error (probably due to hail class and nans) in file:  /data/sat/products/PMW_sats/MWCCH_hail_probability/netcdf_MSG_grid/2007/06/12/20070612_S0917_E0917_SSMIS_f16_MSGgrid.nc
There was a key error (probably due to hail class and nans) in file:  /data/sat/products/PMW_sats/MWCCH_hail_probability/netcdf_MSG_grid/2007/06/12/20070612_S0917_E0917_SSMIS_f16_MSGgrid.nc
There was a key error (probably due to hail class and nans) in file:  /data/sat/products/PMW_sats/MWCCH_hail_probability/netcdf_MSG_grid/2007/06/16/20070616_S1955_E1955_SSMIS_f16_MSGgrid.nc
There was a key error (probably due to hail class and nans) in file:  /data/sat/products/PMW_sats/MWCCH_hail_probability/netcdf_MSG_grid/2007/06/16/20070616_S1955_E1955_SSMIS_f16_MSGgrid.nc
There was a key error (probably due to hail class and nans) in file:  /data/sat/products/PMW_sats/MWCCH_hail_probability/netcdf_MSG_grid/2007/06/16/20070616_S1955_E1955_SSMIS_f16_MSGgrid.nc
There was a key error (probably due to hail class and nans) in file:  /data/sat/products/PMW_sats/MWCCH_hail_probability/netcdf_MSG_grid/2007/06/16/20070616_S1955_E1955_SSMIS_f16_MSGgrid.nc
There was a key error (probably due to hail class and nans) in file:  /data/sat/products/PMW_sats/MWCCH_hail_probability/netcdf_MSG_grid/2007/06/16/20070616_S1955_E1955_SSMIS_f16_MSGgrid.nc
There was a key error (probably due to hail class and nans) in file:  /data/sat/products/PMW_sats/MWCCH_hail_probability/netcdf_MSG_grid/2007/06/16/20070616_S1955_E1955_SSMIS_f16_MSGgrid.nc
There was a key error (probably due to hail class and nans) in file:  /data/sat/products/PMW_sats/MWCCH_hail_probability/netcdf_MSG_grid/2007/06/16/20070616_S1955_E1955_SSMIS_f16_MSGgrid.nc
There was a key error (probably due to hail class and nans) in file:  /data/sat/products/PMW_sats/MWCCH_hail_probability/netcdf_MSG_grid/2007/06/16/20070616_S1955_E1955_SSMIS_f16_MSGgrid.nc
There was a key error (probably due to hail class and nans) in file:  /data/sat/products/PMW_sats/MWCCH_hail_probability/netcdf_MSG_grid/2007/06/16/20070616_S1955_E1955_SSMIS_f16_MSGgrid.nc
There was a key error (probably due to hail class and nans) in file:  /data/sat/products/PMW_sats/MWCCH_hail_probability/netcdf_MSG_grid/2007/06/16/20070616_S1955_E1955_SSMIS_f16_MSGgrid.nc
There was a key error (probably due to hail class and nans) in file:  /data/sat/products/PMW_sats/MWCCH_hail_probability/netcdf_MSG_grid/2007/06/16/20070616_S1955_E1955_SSMIS_f16_MSGgrid.nc
5000
There was a key error (probably due to hail class and nans) in file:  /data/sat/products/PMW_sats/MWCCH_hail_probability/netcdf_MSG_grid/2007/08/31/20070831_S2033_E2033_MHS_noaa17_MSGgrid.nc
There was a key error (probably due to hail class and nans) in file:  /data/sat/products/PMW_sats/MWCCH_hail_probability/netcdf_MSG_grid/2007/08/31/20070831_S2033_E2033_MHS_noaa17_MSGgrid.nc
There was a key error (probably due to hail class and nans) in file:  /data/sat/products/PMW_sats/MWCCH_hail_probability/netcdf_MSG_grid/2007/08/31/20070831_S2033_E2033_MHS_noaa17_MSGgrid.nc
There was a key error (probably due to hail class and nans) in file:  /data/sat/products/PMW_sats/MWCCH_hail_probability/netcdf_MSG_grid/2007/08/31/20070831_S2033_E2033_MHS_noaa17_MSGgrid.nc
There was a key error (probably due to hail class and nans) in file:  /data/sat/products/PMW_sats/MWCCH_hail_probability/netcdf_MSG_grid/2007/08/31/20070831_S2033_E2033_MHS_noaa17_MSGgrid.nc
There was a key error (probably due to hail class and nans) in file:  /data/sat/products/PMW_sats/MWCCH_hail_probability/netcdf_MSG_grid/2007/08/31/20070831_S2033_E2033_MHS_noaa17_MSGgrid.nc
There was a key error (probably due to hail class and nans) in file:  /data/sat/products/PMW_sats/MWCCH_hail_probability/netcdf_MSG_grid/2007/08/31/20070831_S2033_E2033_MHS_noaa17_MSGgrid.nc
There was a key error (probably due to hail class and nans) in file:  /data/sat/products/PMW_sats/MWCCH_hail_probability/netcdf_MSG_grid/2007/08/31/20070831_S2033_E2033_MHS_noaa17_MSGgrid.nc
There was a key error (probably due to hail class and nans) in file:  /data/sat/products/PMW_sats/MWCCH_hail_probability/netcdf_MSG_grid/2007/08/31/20070831_S2033_E2033_MHS_noaa17_MSGgrid.nc
There was a key error (probably due to hail class and nans) in file:  /data/sat/products/PMW_sats/MWCCH_hail_probability/netcdf_MSG_grid/2007/08/31/20070831_S2033_E2033_MHS_noaa17_MSGgrid.nc
There was a key error (probably due to hail class and nans) in file:  /data/sat/products/PMW_sats/MWCCH_hail_probability/netcdf_MSG_grid/2007/08/31/20070831_S2033_E2033_MHS_noaa17_MSGgrid.nc
There was a key error (probably due to hail class and nans) in file:  /data/sat/products/PMW_sats/MWCCH_hail_probability/netcdf_MSG_grid/2007/08/31/20070831_S2033_E2033_MHS_noaa17_MSGgrid.nc
There was a key error (probably due to hail class and nans) in file:  /data/sat/products/PMW_sats/MWCCH_hail_probability/netcdf_MSG_grid/2007/08/31/20070831_S2033_E2033_MHS_noaa17_MSGgrid.nc
There was a key error (probably due to hail class and nans) in file:  /data/sat/products/PMW_sats/MWCCH_hail_probability/netcdf_MSG_grid/2007/08/31/20070831_S2033_E2033_MHS_noaa17_MSGgrid.nc
There was a key error (probably due to hail class and nans) in file:  /data/sat/products/PMW_sats/MWCCH_hail_probability/netcdf_MSG_grid/2007/08/31/20070831_S2033_E2033_MHS_noaa17_MSGgrid.nc
There was a key error (probably due to hail class and nans) in file:  /data/sat/products/PMW_sats/MWCCH_hail_probability/netcdf_MSG_grid/2007/08/31/20070831_S2033_E2033_MHS_noaa17_MSGgrid.nc
There was a key error (probably due to hail class and nans) in file:  /data/sat/products/PMW_sats/MWCCH_hail_probability/netcdf_MSG_grid/2007/09/06/20070906_S1956_E1956_MHS_noaa17_MSGgrid.nc
There was a key error (probably due to hail class and nans) in file:  /data/sat/products/PMW_sats/MWCCH_hail_probability/netcdf_MSG_grid/2007/09/06/20070906_S1956_E1956_MHS_noaa17_MSGgrid.nc
There was a key error (probably due to hail class and nans) in file:  /data/sat/products/PMW_sats/MWCCH_hail_probability/netcdf_MSG_grid/2007/09/06/20070906_S1956_E1956_MHS_noaa17_MSGgrid.nc
There was a key error (probably due to hail class and nans) in file:  /data/sat/products/PMW_sats/MWCCH_hail_probability/netcdf_MSG_grid/2007/09/06/20070906_S1956_E1956_MHS_noaa17_MSGgrid.nc
There was a key error (probably due to hail class and nans) in file:  /data/sat/products/PMW_sats/MWCCH_hail_probability/netcdf_MSG_grid/2007/09/06/20070906_S1956_E1956_MHS_noaa17_MSGgrid.nc
There was a key error (probably due to hail class and nans) in file:  /data/sat/products/PMW_sats/MWCCH_hail_probability/netcdf_MSG_grid/2007/09/06/20070906_S1956_E1956_MHS_noaa17_MSGgrid.nc
There was a key error (probably due to hail class and nans) in file:  /data/sat/products/PMW_sats/MWCCH_hail_probability/netcdf_MSG_grid/2007/09/06/20070906_S1956_E1956_MHS_noaa17_MSGgrid.nc
There was a key error (probably due to hail class and nans) in file:  /data/sat/products/PMW_sats/MWCCH_hail_probability/netcdf_MSG_grid/2007/09/06/20070906_S1956_E1956_MHS_noaa17_MSGgrid.nc
There was a key error (probably due to hail class and nans) in file:  /data/sat/products/PMW_sats/MWCCH_hail_probability/netcdf_MSG_grid/2007/09/06/20070906_S1956_E1956_MHS_noaa17_MSGgrid.nc
There was a key error (probably due to hail class and nans) in file:  /data/sat/products/PMW_sats/MWCCH_hail_probability/netcdf_MSG_grid/2007/09/06/20070906_S1956_E1956_MHS_noaa17_MSGgrid.nc
There was a key error (probably due to hail class and nans) in file:  /data/sat/products/PMW_sats/MWCCH_hail_probability/netcdf_MSG_grid/2007/09/06/20070906_S1956_E1956_MHS_noaa17_MSGgrid.nc
There was a key error (probably due to hail class and nans) in file:  /data/sat/products/PMW_sats/MWCCH_hail_probability/netcdf_MSG_grid/2007/09/06/20070906_S1956_E1956_MHS_noaa17_MSGgrid.nc
There was a key error (probably due to hail class and nans) in file:  /data/sat/products/PMW_sats/MWCCH_hail_probability/netcdf_MSG_grid/2007/09/06/20070906_S1956_E1956_MHS_noaa17_MSGgrid.nc
There was a key error (probably due to hail class and nans) in file:  /data/sat/products/PMW_sats/MWCCH_hail_probability/netcdf_MSG_grid/2007/09/06/20070906_S1956_E1956_MHS_noaa17_MSGgrid.nc
There was a key error (probably due to hail class and nans) in file:  /data/sat/products/PMW_sats/MWCCH_hail_probability/netcdf_MSG_grid/2007/09/06/20070906_S1956_E1956_MHS_noaa17_MSGgrid.nc
There was a key error (probably due to hail class and nans) in file:  /data/sat/products/PMW_sats/MWCCH_hail_probability/netcdf_MSG_grid/2007/09/06/20070906_S1956_E1956_MHS_noaa17_MSGgrid.nc
There was a key error (probably due to hail class and nans) in file:  /data/sat/products/PMW_sats/MWCCH_hail_probability/netcdf_MSG_grid/2007/09/06/20070906_S1956_E1956_MHS_noaa17_MSGgrid.nc
There was a key error (probably due to hail class and nans) in file:  /data/sat/products/PMW_sats/MWCCH_hail_probability/netcdf_MSG_grid/2007/09/26/20070926_S0436_E0436_MHS_noaa15_MSGgrid.nc
There was a key error (probably due to hail class and nans) in file:  /data/sat/products/PMW_sats/MWCCH_hail_probability/netcdf_MSG_grid/2007/09/26/20070926_S0436_E0436_MHS_noaa15_MSGgrid.nc
There was a key error (probably due to hail class and nans) in file:  /data/sat/products/PMW_sats/MWCCH_hail_probability/netcdf_MSG_grid/2007/09/26/20070926_S0436_E0436_MHS_noaa15_MSGgrid.nc
There was a key error (probably due to hail class and nans) in file:  /data/sat/products/PMW_sats/MWCCH_hail_probability/netcdf_MSG_grid/2007/09/26/20070926_S0436_E0436_MHS_noaa15_MSGgrid.nc
There was a key error (probably due to hail class and nans) in file:  /data/sat/products/PMW_sats/MWCCH_hail_probability/netcdf_MSG_grid/2007/09/26/20070926_S0436_E0436_MHS_noaa15_MSGgrid.nc
There was a key error (probably due to hail class and nans) in file:  /data/sat/products/PMW_sats/MWCCH_hail_probability/netcdf_MSG_grid/2007/09/26/20070926_S0436_E0436_MHS_noaa15_MSGgrid.nc
There was a key error (probably due to hail class and nans) in file:  /data/sat/products/PMW_sats/MWCCH_hail_probability/netcdf_MSG_grid/2007/09/26/20070926_S0436_E0436_MHS_noaa15_MSGgrid.nc
There was a key error (probably due to hail class and nans) in file:  /data/sat/products/PMW_sats/MWCCH_hail_probability/netcdf_MSG_grid/2007/09/26/20070926_S0436_E0436_MHS_noaa15_MSGgrid.nc
There was a key error (probably due to hail class and nans) in file:  /data/sat/products/PMW_sats/MWCCH_hail_probability/netcdf_MSG_grid/2007/09/26/20070926_S0436_E0436_MHS_noaa15_MSGgrid.nc
There was a key error (probably due to hail class and nans) in file:  /data/sat/products/PMW_sats/MWCCH_hail_probability/netcdf_MSG_grid/2007/09/26/20070926_S0436_E0436_MHS_noaa15_MSGgrid.nc
There was a key error (probably due to hail class and nans) in file:  /data/sat/products/PMW_sats/MWCCH_hail_probability/netcdf_MSG_grid/2007/09/26/20070926_S0436_E0436_MHS_noaa15_MSGgrid.nc
There was a key error (probably due to hail class and nans) in file:  /data/sat/products/PMW_sats/MWCCH_hail_probability/netcdf_MSG_grid/2007/09/26/20070926_S0436_E0436_MHS_noaa15_MSGgrid.nc
There was a key error (probably due to hail class and nans) in file:  /data/sat/products/PMW_sats/MWCCH_hail_probability/netcdf_MSG_grid/2007/09/26/20070926_S0436_E0436_MHS_noaa15_MSGgrid.nc
There was a key error (probably due to hail class and nans) in file:  /data/sat/products/PMW_sats/MWCCH_hail_probability/netcdf_MSG_grid/2007/09/26/20070926_S0436_E0436_MHS_noaa15_MSGgrid.nc
There was a key error (probably due to hail class and nans) in file:  /data/sat/products/PMW_sats/MWCCH_hail_probability/netcdf_MSG_grid/2007/09/26/20070926_S0436_E0436_MHS_noaa15_MSGgrid.nc
There was a key error (probably due to hail class and nans) in file:  /data/sat/products/PMW_sats/MWCCH_hail_probability/netcdf_MSG_grid/2007/09/26/20070926_S0436_E0436_MHS_noaa15_MSGgrid.nc
There was a key error (probably due to hail class and nans) in file:  /data/sat/products/PMW_sats/MWCCH_hail_probability/netcdf_MSG_grid/2007/09/26/20070926_S0436_E0436_MHS_noaa15_MSGgrid.nc
6000
There was a key error (probably due to hail class and nans) in file:  /data/sat/products/PMW_sats/MWCCH_hail_probability/netcdf_MSG_grid/2008/05/23/20080523_S2053_E2053_MHS_meto02_MSGgrid.nc
There was a key error (probably due to hail class and nans) in file:  /data/sat/products/PMW_sats/MWCCH_hail_probability/netcdf_MSG_grid/2008/05/23/20080523_S2053_E2053_MHS_meto02_MSGgrid.nc
There was a key error (probably due to hail class and nans) in file:  /data/sat/products/PMW_sats/MWCCH_hail_probability/netcdf_MSG_grid/2008/05/23/20080523_S2053_E2053_MHS_meto02_MSGgrid.nc
There was a key error (probably due to hail class and nans) in file:  /data/sat/products/PMW_sats/MWCCH_hail_probability/netcdf_MSG_grid/2008/05/23/20080523_S2053_E2053_MHS_meto02_MSGgrid.nc
There was a key error (probably due to hail class and nans) in file:  /data/sat/products/PMW_sats/MWCCH_hail_probability/netcdf_MSG_grid/2008/05/23/20080523_S2053_E2053_MHS_meto02_MSGgrid.nc
There was a key error (probably due to hail class and nans) in file:  /data/sat/products/PMW_sats/MWCCH_hail_probability/netcdf_MSG_grid/2008/05/23/20080523_S2053_E2053_MHS_meto02_MSGgrid.nc
There was a key error (probably due to hail class and nans) in file:  /data/sat/products/PMW_sats/MWCCH_hail_probability/netcdf_MSG_grid/2008/05/23/20080523_S2053_E2053_MHS_meto02_MSGgrid.nc
There was a key error (probably due to hail class and nans) in file:  /data/sat/products/PMW_sats/MWCCH_hail_probability/netcdf_MSG_grid/2008/05/23/20080523_S2053_E2053_MHS_meto02_MSGgrid.nc
There was a key error (probably due to hail class and nans) in file:  /data/sat/products/PMW_sats/MWCCH_hail_probability/netcdf_MSG_grid/2008/05/23/20080523_S2053_E2053_MHS_meto02_MSGgrid.nc
There was a key error (probably due to hail class and nans) in file:  /data/sat/products/PMW_sats/MWCCH_hail_probability/netcdf_MSG_grid/2008/05/23/20080523_S2053_E2053_MHS_meto02_MSGgrid.nc
There was a key error (probably due to hail class and nans) in file:  /data/sat/products/PMW_sats/MWCCH_hail_probability/netcdf_MSG_grid/2008/05/23/20080523_S2053_E2053_MHS_meto02_MSGgrid.nc
There was a key error (probably due to hail class and nans) in file:  /data/sat/products/PMW_sats/MWCCH_hail_probability/netcdf_MSG_grid/2008/05/23/20080523_S2053_E2053_MHS_meto02_MSGgrid.nc
There was a key error (probably due to hail class and nans) in file:  /data/sat/products/PMW_sats/MWCCH_hail_probability/netcdf_MSG_grid/2008/05/23/20080523_S2053_E2053_MHS_meto02_MSGgrid.nc
There was a key error (probably due to hail class and nans) in file:  /data/sat/products/PMW_sats/MWCCH_hail_probability/netcdf_MSG_grid/2008/05/23/20080523_S2053_E2053_MHS_meto02_MSGgrid.nc
There was a key error (probably due to hail class and nans) in file:  /data/sat/products/PMW_sats/MWCCH_hail_probability/netcdf_MSG_grid/2008/05/23/20080523_S2053_E2053_MHS_meto02_MSGgrid.nc
There was a key error (probably due to hail class and nans) in file:  /data/sat/products/PMW_sats/MWCCH_hail_probability/netcdf_MSG_grid/2008/05/23/20080523_S2053_E2053_MHS_meto02_MSGgrid.nc
7000
There was a key error (probably due to hail class and nans) in file:  /data/sat/products/PMW_sats/MWCCH_hail_probability/netcdf_MSG_grid/2008/08/11/20080811_S1014_E1014_MHS_meto02_MSGgrid.nc
There was a key error (probably due to hail class and nans) in file:  /data/sat/products/PMW_sats/MWCCH_hail_probability/netcdf_MSG_grid/2008/08/11/20080811_S1014_E1014_MHS_meto02_MSGgrid.nc
There was a key error (probably due to hail class and nans) in file:  /data/sat/products/PMW_sats/MWCCH_hail_probability/netcdf_MSG_grid/2008/08/11/20080811_S1014_E1014_MHS_meto02_MSGgrid.nc
There was a key error (probably due to hail class and nans) in file:  /data/sat/products/PMW_sats/MWCCH_hail_probability/netcdf_MSG_grid/2008/08/11/20080811_S1014_E1014_MHS_meto02_MSGgrid.nc
There was a key error (probably due to hail class and nans) in file:  /data/sat/products/PMW_sats/MWCCH_hail_probability/netcdf_MSG_grid/2008/08/11/20080811_S1014_E1014_MHS_meto02_MSGgrid.nc
There was a key error (probably due to hail class and nans) in file:  /data/sat/products/PMW_sats/MWCCH_hail_probability/netcdf_MSG_grid/2008/08/11/20080811_S1014_E1014_MHS_meto02_MSGgrid.nc
There was a key error (probably due to hail class and nans) in file:  /data/sat/products/PMW_sats/MWCCH_hail_probability/netcdf_MSG_grid/2008/08/11/20080811_S1014_E1014_MHS_meto02_MSGgrid.nc
There was a key error (probably due to hail class and nans) in file:  /data/sat/products/PMW_sats/MWCCH_hail_probability/netcdf_MSG_grid/2008/08/11/20080811_S1014_E1014_MHS_meto02_MSGgrid.nc
There was a key error (probably due to hail class and nans) in file:  /data/sat/products/PMW_sats/MWCCH_hail_probability/netcdf_MSG_grid/2008/08/11/20080811_S1014_E1014_MHS_meto02_MSGgrid.nc
There was a key error (probably due to hail class and nans) in file:  /data/sat/products/PMW_sats/MWCCH_hail_probability/netcdf_MSG_grid/2008/08/11/20080811_S1014_E1014_MHS_meto02_MSGgrid.nc
There was a key error (probably due to hail class and nans) in file:  /data/sat/products/PMW_sats/MWCCH_hail_probability/netcdf_MSG_grid/2008/08/11/20080811_S1014_E1014_MHS_meto02_MSGgrid.nc
There was a key error (probably due to hail class and nans) in file:  /data/sat/products/PMW_sats/MWCCH_hail_probability/netcdf_MSG_grid/2008/08/11/20080811_S1014_E1014_MHS_meto02_MSGgrid.nc
There was a key error (probably due to hail class and nans) in file:  /data/sat/products/PMW_sats/MWCCH_hail_probability/netcdf_MSG_grid/2008/08/11/20080811_S1014_E1014_MHS_meto02_MSGgrid.nc
There was a key error (probably due to hail class and nans) in file:  /data/sat/products/PMW_sats/MWCCH_hail_probability/netcdf_MSG_grid/2008/08/11/20080811_S1014_E1014_MHS_meto02_MSGgrid.nc
There was a key error (probably due to hail class and nans) in file:  /data/sat/products/PMW_sats/MWCCH_hail_probability/netcdf_MSG_grid/2008/08/28/20080828_S1233_E1233_MHS_noaa18_MSGgrid.nc
There was a key error (probably due to hail class and nans) in file:  /data/sat/products/PMW_sats/MWCCH_hail_probability/netcdf_MSG_grid/2008/08/28/20080828_S1233_E1233_MHS_noaa18_MSGgrid.nc
There was a key error (probably due to hail class and nans) in file:  /data/sat/products/PMW_sats/MWCCH_hail_probability/netcdf_MSG_grid/2008/08/28/20080828_S1233_E1233_MHS_noaa18_MSGgrid.nc
There was a key error (probably due to hail class and nans) in file:  /data/sat/products/PMW_sats/MWCCH_hail_probability/netcdf_MSG_grid/2008/08/28/20080828_S1233_E1233_MHS_noaa18_MSGgrid.nc
There was a key error (probably due to hail class and nans) in file:  /data/sat/products/PMW_sats/MWCCH_hail_probability/netcdf_MSG_grid/2008/08/28/20080828_S1233_E1233_MHS_noaa18_MSGgrid.nc
There was a key error (probably due to hail class and nans) in file:  /data/sat/products/PMW_sats/MWCCH_hail_probability/netcdf_MSG_grid/2008/08/28/20080828_S1233_E1233_MHS_noaa18_MSGgrid.nc
There was a key error (probably due to hail class and nans) in file:  /data/sat/products/PMW_sats/MWCCH_hail_probability/netcdf_MSG_grid/2008/08/28/20080828_S1233_E1233_MHS_noaa18_MSGgrid.nc
There was a key error (probably due to hail class and nans) in file:  /data/sat/products/PMW_sats/MWCCH_hail_probability/netcdf_MSG_grid/2008/08/28/20080828_S1233_E1233_MHS_noaa18_MSGgrid.nc
There was a key error (probably due to hail class and nans) in file:  /data/sat/products/PMW_sats/MWCCH_hail_probability/netcdf_MSG_grid/2008/08/28/20080828_S1233_E1233_MHS_noaa18_MSGgrid.nc
There was a key error (probably due to hail class and nans) in file:  /data/sat/products/PMW_sats/MWCCH_hail_probability/netcdf_MSG_grid/2008/08/28/20080828_S1233_E1233_MHS_noaa18_MSGgrid.nc
There was a key error (probably due to hail class and nans) in file:  /data/sat/products/PMW_sats/MWCCH_hail_probability/netcdf_MSG_grid/2008/08/28/20080828_S1233_E1233_MHS_noaa18_MSGgrid.nc
There was a key error (probably due to hail class and nans) in file:  /data/sat/products/PMW_sats/MWCCH_hail_probability/netcdf_MSG_grid/2008/08/28/20080828_S1233_E1233_MHS_noaa18_MSGgrid.nc
There was a key error (probably due to hail class and nans) in file:  /data/sat/products/PMW_sats/MWCCH_hail_probability/netcdf_MSG_grid/2008/08/28/20080828_S1233_E1233_MHS_noaa18_MSGgrid.nc
There was a key error (probably due to hail class and nans) in file:  /data/sat/products/PMW_sats/MWCCH_hail_probability/netcdf_MSG_grid/2008/08/28/20080828_S1233_E1233_MHS_noaa18_MSGgrid.nc
There was a key error (probably due to hail class and nans) in file:  /data/sat/products/PMW_sats/MWCCH_hail_probability/netcdf_MSG_grid/2008/08/28/20080828_S1233_E1233_MHS_noaa18_MSGgrid.nc
There was a key error (probably due to hail class and nans) in file:  /data/sat/products/PMW_sats/MWCCH_hail_probability/netcdf_MSG_grid/2008/08/28/20080828_S1233_E1233_MHS_noaa18_MSGgrid.nc
There was a key error (probably due to hail class and nans) in file:  /data/sat/products/PMW_sats/MWCCH_hail_probability/netcdf_MSG_grid/2008/08/28/20080828_S1233_E1233_MHS_noaa18_MSGgrid.nc
There was a key error (probably due to hail class and nans) in file:  /data/sat/products/PMW_sats/MWCCH_hail_probability/netcdf_MSG_grid/2008/08/28/20080828_S1233_E1233_MHS_noaa18_MSGgrid.nc
There was a key error (probably due to hail class and nans) in file:  /data/sat/products/PMW_sats/MWCCH_hail_probability/netcdf_MSG_grid/2008/08/28/20080828_S1233_E1233_MHS_noaa18_MSGgrid.nc
There was a key error (probably due to hail class and nans) in file:  /data/sat/products/PMW_sats/MWCCH_hail_probability/netcdf_MSG_grid/2009/04/04/20090404_S1451_E1451_SSMIS_f17_MSGgrid.nc
There was a key error (probably due to hail class and nans) in file:  /data/sat/products/PMW_sats/MWCCH_hail_probability/netcdf_MSG_grid/2009/04/04/20090404_S1451_E1451_SSMIS_f17_MSGgrid.nc
There was a key error (probably due to hail class and nans) in file:  /data/sat/products/PMW_sats/MWCCH_hail_probability/netcdf_MSG_grid/2009/04/04/20090404_S1451_E1451_SSMIS_f17_MSGgrid.nc
There was a key error (probably due to hail class and nans) in file:  /data/sat/products/PMW_sats/MWCCH_hail_probability/netcdf_MSG_grid/2009/04/12/20090412_S1451_E1451_SSMIS_f17_MSGgrid.nc
There was a key error (probably due to hail class and nans) in file:  /data/sat/products/PMW_sats/MWCCH_hail_probability/netcdf_MSG_grid/2009/04/12/20090412_S1451_E1451_SSMIS_f17_MSGgrid.nc
There was a key error (probably due to hail class and nans) in file:  /data/sat/products/PMW_sats/MWCCH_hail_probability/netcdf_MSG_grid/2009/04/12/20090412_S1451_E1451_SSMIS_f17_MSGgrid.nc
8000
There was a key error (probably due to hail class and nans) in file:  /data/sat/products/PMW_sats/MWCCH_hail_probability/netcdf_MSG_grid/2009/04/20/20090420_S1450_E1451_SSMIS_f17_MSGgrid.nc
There was a key error (probably due to hail class and nans) in file:  /data/sat/products/PMW_sats/MWCCH_hail_probability/netcdf_MSG_grid/2009/04/20/20090420_S1450_E1451_SSMIS_f17_MSGgrid.nc
There was a key error (probably due to hail class and nans) in file:  /data/sat/products/PMW_sats/MWCCH_hail_probability/netcdf_MSG_grid/2009/04/20/20090420_S1450_E1451_SSMIS_f17_MSGgrid.nc
There was a key error (probably due to hail class and nans) in file:  /data/sat/products/PMW_sats/MWCCH_hail_probability/netcdf_MSG_grid/2009/04/20/20090420_S1450_E1451_SSMIS_f17_MSGgrid.nc
There was a key error (probably due to hail class and nans) in file:  /data/sat/products/PMW_sats/MWCCH_hail_probability/netcdf_MSG_grid/2009/04/20/20090420_S1450_E1451_SSMIS_f17_MSGgrid.nc
There was a key error (probably due to hail class and nans) in file:  /data/sat/products/PMW_sats/MWCCH_hail_probability/netcdf_MSG_grid/2009/04/20/20090420_S1450_E1451_SSMIS_f17_MSGgrid.nc
There was a key error (probably due to hail class and nans) in file:  /data/sat/products/PMW_sats/MWCCH_hail_probability/netcdf_MSG_grid/2009/04/20/20090420_S1450_E1451_SSMIS_f17_MSGgrid.nc
There was a key error (probably due to hail class and nans) in file:  /data/sat/products/PMW_sats/MWCCH_hail_probability/netcdf_MSG_grid/2009/04/20/20090420_S1450_E1451_SSMIS_f17_MSGgrid.nc
There was a key error (probably due to hail class and nans) in file:  /data/sat/products/PMW_sats/MWCCH_hail_probability/netcdf_MSG_grid/2009/04/20/20090420_S1450_E1451_SSMIS_f17_MSGgrid.nc
There was a key error (probably due to hail class and nans) in file:  /data/sat/products/PMW_sats/MWCCH_hail_probability/netcdf_MSG_grid/2009/06/07/20090607_S0640_E0640_SSMIS_f17_MSGgrid.nc
There was a key error (probably due to hail class and nans) in file:  /data/sat/products/PMW_sats/MWCCH_hail_probability/netcdf_MSG_grid/2009/06/07/20090607_S0640_E0640_SSMIS_f17_MSGgrid.nc
There was a key error (probably due to hail class and nans) in file:  /data/sat/products/PMW_sats/MWCCH_hail_probability/netcdf_MSG_grid/2009/06/07/20090607_S0640_E0640_SSMIS_f17_MSGgrid.nc
There was a key error (probably due to hail class and nans) in file:  /data/sat/products/PMW_sats/MWCCH_hail_probability/netcdf_MSG_grid/2009/06/07/20090607_S0640_E0640_SSMIS_f17_MSGgrid.nc
There was a key error (probably due to hail class and nans) in file:  /data/sat/products/PMW_sats/MWCCH_hail_probability/netcdf_MSG_grid/2009/06/07/20090607_S0640_E0640_SSMIS_f17_MSGgrid.nc
There was a key error (probably due to hail class and nans) in file:  /data/sat/products/PMW_sats/MWCCH_hail_probability/netcdf_MSG_grid/2009/06/07/20090607_S0640_E0640_SSMIS_f17_MSGgrid.nc
There was a key error (probably due to hail class and nans) in file:  /data/sat/products/PMW_sats/MWCCH_hail_probability/netcdf_MSG_grid/2009/06/07/20090607_S0640_E0640_SSMIS_f17_MSGgrid.nc
There was a key error (probably due to hail class and nans) in file:  /data/sat/products/PMW_sats/MWCCH_hail_probability/netcdf_MSG_grid/2009/06/07/20090607_S0640_E0640_SSMIS_f17_MSGgrid.nc
There was a key error (probably due to hail class and nans) in file:  /data/sat/products/PMW_sats/MWCCH_hail_probability/netcdf_MSG_grid/2009/06/07/20090607_S0640_E0640_SSMIS_f17_MSGgrid.nc
There was a key error (probably due to hail class and nans) in file:  /data/sat/products/PMW_sats/MWCCH_hail_probability/netcdf_MSG_grid/2009/06/07/20090607_S0640_E0640_SSMIS_f17_MSGgrid.nc
There was a key error (probably due to hail class and nans) in file:  /data/sat/products/PMW_sats/MWCCH_hail_probability/netcdf_MSG_grid/2009/06/07/20090607_S0640_E0640_SSMIS_f17_MSGgrid.nc
There was a key error (probably due to hail class and nans) in file:  /data/sat/products/PMW_sats/MWCCH_hail_probability/netcdf_MSG_grid/2009/06/07/20090607_S0640_E0640_SSMIS_f17_MSGgrid.nc
There was a key error (probably due to hail class and nans) in file:  /data/sat/products/PMW_sats/MWCCH_hail_probability/netcdf_MSG_grid/2009/06/07/20090607_S0640_E0640_SSMIS_f17_MSGgrid.nc
There was a key error (probably due to hail class and nans) in file:  /data/sat/products/PMW_sats/MWCCH_hail_probability/netcdf_MSG_grid/2009/06/07/20090607_S0640_E0640_SSMIS_f17_MSGgrid.nc
There was a key error (probably due to hail class and nans) in file:  /data/sat/products/PMW_sats/MWCCH_hail_probability/netcdf_MSG_grid/2009/06/07/20090607_S1921_E1921_MHS_noaa17_MSGgrid.nc
There was a key error (probably due to hail class and nans) in file:  /data/sat/products/PMW_sats/MWCCH_hail_probability/netcdf_MSG_grid/2009/06/07/20090607_S1921_E1921_MHS_noaa17_MSGgrid.nc
There was a key error (probably due to hail class and nans) in file:  /data/sat/products/PMW_sats/MWCCH_hail_probability/netcdf_MSG_grid/2009/06/07/20090607_S1921_E1921_MHS_noaa17_MSGgrid.nc
There was a key error (probably due to hail class and nans) in file:  /data/sat/products/PMW_sats/MWCCH_hail_probability/netcdf_MSG_grid/2009/06/07/20090607_S1921_E1921_MHS_noaa17_MSGgrid.nc
There was a key error (probably due to hail class and nans) in file:  /data/sat/products/PMW_sats/MWCCH_hail_probability/netcdf_MSG_grid/2009/06/07/20090607_S1921_E1921_MHS_noaa17_MSGgrid.nc
There was a key error (probably due to hail class and nans) in file:  /data/sat/products/PMW_sats/MWCCH_hail_probability/netcdf_MSG_grid/2009/06/07/20090607_S1921_E1921_MHS_noaa17_MSGgrid.nc
There was a key error (probably due to hail class and nans) in file:  /data/sat/products/PMW_sats/MWCCH_hail_probability/netcdf_MSG_grid/2009/06/07/20090607_S1921_E1921_MHS_noaa17_MSGgrid.nc
There was a key error (probably due to hail class and nans) in file:  /data/sat/products/PMW_sats/MWCCH_hail_probability/netcdf_MSG_grid/2009/06/07/20090607_S1921_E1921_MHS_noaa17_MSGgrid.nc
There was a key error (probably due to hail class and nans) in file:  /data/sat/products/PMW_sats/MWCCH_hail_probability/netcdf_MSG_grid/2009/06/07/20090607_S1921_E1921_MHS_noaa17_MSGgrid.nc
There was a key error (probably due to hail class and nans) in file:  /data/sat/products/PMW_sats/MWCCH_hail_probability/netcdf_MSG_grid/2009/06/07/20090607_S1921_E1921_MHS_noaa17_MSGgrid.nc
There was a key error (probably due to hail class and nans) in file:  /data/sat/products/PMW_sats/MWCCH_hail_probability/netcdf_MSG_grid/2009/06/07/20090607_S1921_E1921_MHS_noaa17_MSGgrid.nc
There was a key error (probably due to hail class and nans) in file:  /data/sat/products/PMW_sats/MWCCH_hail_probability/netcdf_MSG_grid/2009/06/07/20090607_S1921_E1921_MHS_noaa17_MSGgrid.nc
There was a key error (probably due to hail class and nans) in file:  /data/sat/products/PMW_sats/MWCCH_hail_probability/netcdf_MSG_grid/2009/06/07/20090607_S1921_E1921_MHS_noaa17_MSGgrid.nc
There was a key error (probably due to hail class and nans) in file:  /data/sat/products/PMW_sats/MWCCH_hail_probability/netcdf_MSG_grid/2009/06/07/20090607_S1921_E1921_MHS_noaa17_MSGgrid.nc
There was a key error (probably due to hail class and nans) in file:  /data/sat/products/PMW_sats/MWCCH_hail_probability/netcdf_MSG_grid/2009/06/07/20090607_S1921_E1921_MHS_noaa17_MSGgrid.nc
There was a key error (probably due to hail class and nans) in file:  /data/sat/products/PMW_sats/MWCCH_hail_probability/netcdf_MSG_grid/2009/06/07/20090607_S1921_E1921_MHS_noaa17_MSGgrid.nc
There was a key error (probably due to hail class and nans) in file:  /data/sat/products/PMW_sats/MWCCH_hail_probability/netcdf_MSG_grid/2009/06/07/20090607_S1921_E1921_MHS_noaa17_MSGgrid.nc
There was a key error (probably due to hail class and nans) in file:  /data/sat/products/PMW_sats/MWCCH_hail_probability/netcdf_MSG_grid/2009/06/15/20090615_S0640_E0640_SSMIS_f17_MSGgrid.nc
9000
There was a key error (probably due to hail class and nans) in file:  /data/sat/products/PMW_sats/MWCCH_hail_probability/netcdf_MSG_grid/2009/07/13/20090713_S1718_E1718_SSMIS_f17_MSGgrid.nc
There was a key error (probably due to hail class and nans) in file:  /data/sat/products/PMW_sats/MWCCH_hail_probability/netcdf_MSG_grid/2009/07/13/20090713_S1718_E1718_SSMIS_f17_MSGgrid.nc
There was a key error (probably due to hail class and nans) in file:  /data/sat/products/PMW_sats/MWCCH_hail_probability/netcdf_MSG_grid/2009/07/13/20090713_S1718_E1718_SSMIS_f17_MSGgrid.nc
There was a key error (probably due to hail class and nans) in file:  /data/sat/products/PMW_sats/MWCCH_hail_probability/netcdf_MSG_grid/2009/07/13/20090713_S1718_E1718_SSMIS_f17_MSGgrid.nc
There was a key error (probably due to hail class and nans) in file:  /data/sat/products/PMW_sats/MWCCH_hail_probability/netcdf_MSG_grid/2009/07/13/20090713_S1718_E1718_SSMIS_f17_MSGgrid.nc
There was a key error (probably due to hail class and nans) in file:  /data/sat/products/PMW_sats/MWCCH_hail_probability/netcdf_MSG_grid/2009/07/13/20090713_S1718_E1718_SSMIS_f17_MSGgrid.nc
There was a key error (probably due to hail class and nans) in file:  /data/sat/products/PMW_sats/MWCCH_hail_probability/netcdf_MSG_grid/2009/07/13/20090713_S1718_E1718_SSMIS_f17_MSGgrid.nc
There was a key error (probably due to hail class and nans) in file:  /data/sat/products/PMW_sats/MWCCH_hail_probability/netcdf_MSG_grid/2009/07/13/20090713_S1718_E1718_SSMIS_f17_MSGgrid.nc
There was a key error (probably due to hail class and nans) in file:  /data/sat/products/PMW_sats/MWCCH_hail_probability/netcdf_MSG_grid/2009/07/13/20090713_S1718_E1718_SSMIS_f17_MSGgrid.nc
There was a key error (probably due to hail class and nans) in file:  /data/sat/products/PMW_sats/MWCCH_hail_probability/netcdf_MSG_grid/2009/07/13/20090713_S1718_E1718_SSMIS_f17_MSGgrid.nc
There was a key error (probably due to hail class and nans) in file:  /data/sat/products/PMW_sats/MWCCH_hail_probability/netcdf_MSG_grid/2009/07/13/20090713_S1718_E1718_SSMIS_f17_MSGgrid.nc
There was a key error (probably due to hail class and nans) in file:  /data/sat/products/PMW_sats/MWCCH_hail_probability/netcdf_MSG_grid/2009/07/13/20090713_S1718_E1718_SSMIS_f17_MSGgrid.nc
There was a key error (probably due to hail class and nans) in file:  /data/sat/products/PMW_sats/MWCCH_hail_probability/netcdf_MSG_grid/2009/07/13/20090713_S1718_E1718_SSMIS_f17_MSGgrid.nc
There was a key error (probably due to hail class and nans) in file:  /data/sat/products/PMW_sats/MWCCH_hail_probability/netcdf_MSG_grid/2009/07/13/20090713_S1718_E1718_SSMIS_f17_MSGgrid.nc
There was a key error (probably due to hail class and nans) in file:  /data/sat/products/PMW_sats/MWCCH_hail_probability/netcdf_MSG_grid/2009/07/13/20090713_S1718_E1718_SSMIS_f17_MSGgrid.nc
There was a key error (probably due to hail class and nans) in file:  /data/sat/products/PMW_sats/MWCCH_hail_probability/netcdf_MSG_grid/2009/07/13/20090713_S1718_E1718_SSMIS_f17_MSGgrid.nc
There was a key error (probably due to hail class and nans) in file:  /data/sat/products/PMW_sats/MWCCH_hail_probability/netcdf_MSG_grid/2009/07/13/20090713_S1718_E1718_SSMIS_f17_MSGgrid.nc
There was a key error (probably due to hail class and nans) in file:  /data/sat/products/PMW_sats/MWCCH_hail_probability/netcdf_MSG_grid/2009/07/13/20090713_S1718_E1718_SSMIS_f17_MSGgrid.nc
There was a key error (probably due to hail class and nans) in file:  /data/sat/products/PMW_sats/MWCCH_hail_probability/netcdf_MSG_grid/2009/07/18/20090718_S1250_E1250_MHS_noaa18_MSGgrid.nc
There was a key error (probably due to hail class and nans) in file:  /data/sat/products/PMW_sats/MWCCH_hail_probability/netcdf_MSG_grid/2009/07/18/20090718_S1250_E1250_MHS_noaa18_MSGgrid.nc
There was a key error (probably due to hail class and nans) in file:  /data/sat/products/PMW_sats/MWCCH_hail_probability/netcdf_MSG_grid/2009/07/18/20090718_S1250_E1250_MHS_noaa18_MSGgrid.nc
There was a key error (probably due to hail class and nans) in file:  /data/sat/products/PMW_sats/MWCCH_hail_probability/netcdf_MSG_grid/2009/07/18/20090718_S1250_E1250_MHS_noaa18_MSGgrid.nc
There was a key error (probably due to hail class and nans) in file:  /data/sat/products/PMW_sats/MWCCH_hail_probability/netcdf_MSG_grid/2009/07/18/20090718_S1250_E1250_MHS_noaa18_MSGgrid.nc
There was a key error (probably due to hail class and nans) in file:  /data/sat/products/PMW_sats/MWCCH_hail_probability/netcdf_MSG_grid/2009/07/18/20090718_S1250_E1250_MHS_noaa18_MSGgrid.nc
There was a key error (probably due to hail class and nans) in file:  /data/sat/products/PMW_sats/MWCCH_hail_probability/netcdf_MSG_grid/2009/07/18/20090718_S1250_E1250_MHS_noaa18_MSGgrid.nc
There was a key error (probably due to hail class and nans) in file:  /data/sat/products/PMW_sats/MWCCH_hail_probability/netcdf_MSG_grid/2009/07/18/20090718_S1250_E1250_MHS_noaa18_MSGgrid.nc
There was a key error (probably due to hail class and nans) in file:  /data/sat/products/PMW_sats/MWCCH_hail_probability/netcdf_MSG_grid/2009/07/18/20090718_S1250_E1250_MHS_noaa18_MSGgrid.nc
There was a key error (probably due to hail class and nans) in file:  /data/sat/products/PMW_sats/MWCCH_hail_probability/netcdf_MSG_grid/2009/07/18/20090718_S1250_E1250_MHS_noaa18_MSGgrid.nc
There was a key error (probably due to hail class and nans) in file:  /data/sat/products/PMW_sats/MWCCH_hail_probability/netcdf_MSG_grid/2009/07/18/20090718_S1250_E1250_MHS_noaa18_MSGgrid.nc
There was a key error (probably due to hail class and nans) in file:  /data/sat/products/PMW_sats/MWCCH_hail_probability/netcdf_MSG_grid/2009/07/18/20090718_S1250_E1250_MHS_noaa18_MSGgrid.nc
There was a key error (probably due to hail class and nans) in file:  /data/sat/products/PMW_sats/MWCCH_hail_probability/netcdf_MSG_grid/2009/07/18/20090718_S1250_E1250_MHS_noaa18_MSGgrid.nc
There was a key error (probably due to hail class and nans) in file:  /data/sat/products/PMW_sats/MWCCH_hail_probability/netcdf_MSG_grid/2009/07/18/20090718_S1250_E1250_MHS_noaa18_MSGgrid.nc
There was a key error (probably due to hail class and nans) in file:  /data/sat/products/PMW_sats/MWCCH_hail_probability/netcdf_MSG_grid/2009/07/18/20090718_S1250_E1250_MHS_noaa18_MSGgrid.nc
There was a key error (probably due to hail class and nans) in file:  /data/sat/products/PMW_sats/MWCCH_hail_probability/netcdf_MSG_grid/2009/07/18/20090718_S1250_E1250_MHS_noaa18_MSGgrid.nc
There was a key error (probably due to hail class and nans) in file:  /data/sat/products/PMW_sats/MWCCH_hail_probability/netcdf_MSG_grid/2009/07/18/20090718_S1250_E1250_MHS_noaa18_MSGgrid.nc
There was a key error (probably due to hail class and nans) in file:  /data/sat/products/PMW_sats/MWCCH_hail_probability/netcdf_MSG_grid/2009/07/18/20090718_S1250_E1250_MHS_noaa18_MSGgrid.nc
There was a key error (probably due to hail class and nans) in file:  /data/sat/products/PMW_sats/MWCCH_hail_probability/netcdf_MSG_grid/2009/07/18/20090718_S1250_E1250_MHS_noaa18_MSGgrid.nc
There was a key error (probably due to hail class and nans) in file:  /data/sat/products/PMW_sats/MWCCH_hail_probability/netcdf_MSG_grid/2009/07/20/20090720_S0836_E0836_SSMIS_f16_MSGgrid.nc
There was a key error (probably due to hail class and nans) in file:  /data/sat/products/PMW_sats/MWCCH_hail_probability/netcdf_MSG_grid/2009/07/28/20090728_S0836_E0836_SSMIS_f16_MSGgrid.nc
There was a key error (probably due to hail class and nans) in file:  /data/sat/products/PMW_sats/MWCCH_hail_probability/netcdf_MSG_grid/2009/07/28/20090728_S0836_E0836_SSMIS_f16_MSGgrid.nc
There was a key error (probably due to hail class and nans) in file:  /data/sat/products/PMW_sats/MWCCH_hail_probability/netcdf_MSG_grid/2009/07/28/20090728_S0836_E0836_SSMIS_f16_MSGgrid.nc
There was a key error (probably due to hail class and nans) in file:  /data/sat/products/PMW_sats/MWCCH_hail_probability/netcdf_MSG_grid/2009/07/28/20090728_S0836_E0836_SSMIS_f16_MSGgrid.nc
There was a key error (probably due to hail class and nans) in file:  /data/sat/products/PMW_sats/MWCCH_hail_probability/netcdf_MSG_grid/2009/07/28/20090728_S0836_E0836_SSMIS_f16_MSGgrid.nc
There was a key error (probably due to hail class and nans) in file:  /data/sat/products/PMW_sats/MWCCH_hail_probability/netcdf_MSG_grid/2009/07/28/20090728_S0836_E0836_SSMIS_f16_MSGgrid.nc
There was a key error (probably due to hail class and nans) in file:  /data/sat/products/PMW_sats/MWCCH_hail_probability/netcdf_MSG_grid/2009/07/28/20090728_S0836_E0836_SSMIS_f16_MSGgrid.nc
There was a key error (probably due to hail class and nans) in file:  /data/sat/products/PMW_sats/MWCCH_hail_probability/netcdf_MSG_grid/2009/07/28/20090728_S0836_E0836_SSMIS_f16_MSGgrid.nc
There was a key error (probably due to hail class and nans) in file:  /data/sat/products/PMW_sats/MWCCH_hail_probability/netcdf_MSG_grid/2009/07/28/20090728_S0836_E0836_SSMIS_f16_MSGgrid.nc
There was a key error (probably due to hail class and nans) in file:  /data/sat/products/PMW_sats/MWCCH_hail_probability/netcdf_MSG_grid/2009/07/28/20090728_S0836_E0836_SSMIS_f16_MSGgrid.nc
There was a key error (probably due to hail class and nans) in file:  /data/sat/products/PMW_sats/MWCCH_hail_probability/netcdf_MSG_grid/2009/07/28/20090728_S0836_E0836_SSMIS_f16_MSGgrid.nc
There was a key error (probably due to hail class and nans) in file:  /data/sat/products/PMW_sats/MWCCH_hail_probability/netcdf_MSG_grid/2009/07/28/20090728_S0836_E0836_SSMIS_f16_MSGgrid.nc
There was a key error (probably due to hail class and nans) in file:  /data/sat/products/PMW_sats/MWCCH_hail_probability/netcdf_MSG_grid/2009/07/28/20090728_S0836_E0836_SSMIS_f16_MSGgrid.nc
There was a key error (probably due to hail class and nans) in file:  /data/sat/products/PMW_sats/MWCCH_hail_probability/netcdf_MSG_grid/2009/07/28/20090728_S0836_E0836_SSMIS_f16_MSGgrid.nc
There was a key error (probably due to hail class and nans) in file:  /data/sat/products/PMW_sats/MWCCH_hail_probability/netcdf_MSG_grid/2009/07/28/20090728_S0836_E0836_SSMIS_f16_MSGgrid.nc
There was a key error (probably due to hail class and nans) in file:  /data/sat/products/PMW_sats/MWCCH_hail_probability/netcdf_MSG_grid/2009/08/03/20090803_S0848_E0848_MHS_meto02_MSGgrid.nc
There was a key error (probably due to hail class and nans) in file:  /data/sat/products/PMW_sats/MWCCH_hail_probability/netcdf_MSG_grid/2009/08/03/20090803_S0848_E0848_MHS_meto02_MSGgrid.nc
There was a key error (probably due to hail class and nans) in file:  /data/sat/products/PMW_sats/MWCCH_hail_probability/netcdf_MSG_grid/2009/08/03/20090803_S0848_E0848_MHS_meto02_MSGgrid.nc
There was a key error (probably due to hail class and nans) in file:  /data/sat/products/PMW_sats/MWCCH_hail_probability/netcdf_MSG_grid/2009/08/03/20090803_S0848_E0848_MHS_meto02_MSGgrid.nc
There was a key error (probably due to hail class and nans) in file:  /data/sat/products/PMW_sats/MWCCH_hail_probability/netcdf_MSG_grid/2009/08/03/20090803_S0848_E0848_MHS_meto02_MSGgrid.nc
There was a key error (probably due to hail class and nans) in file:  /data/sat/products/PMW_sats/MWCCH_hail_probability/netcdf_MSG_grid/2009/08/03/20090803_S0848_E0848_MHS_meto02_MSGgrid.nc
There was a key error (probably due to hail class and nans) in file:  /data/sat/products/PMW_sats/MWCCH_hail_probability/netcdf_MSG_grid/2009/08/03/20090803_S0848_E0848_MHS_meto02_MSGgrid.nc
There was a key error (probably due to hail class and nans) in file:  /data/sat/products/PMW_sats/MWCCH_hail_probability/netcdf_MSG_grid/2009/08/03/20090803_S0848_E0848_MHS_meto02_MSGgrid.nc
There was a key error (probably due to hail class and nans) in file:  /data/sat/products/PMW_sats/MWCCH_hail_probability/netcdf_MSG_grid/2009/08/03/20090803_S0848_E0848_MHS_meto02_MSGgrid.nc
There was a key error (probably due to hail class and nans) in file:  /data/sat/products/PMW_sats/MWCCH_hail_probability/netcdf_MSG_grid/2009/08/03/20090803_S0848_E0848_MHS_meto02_MSGgrid.nc
There was a key error (probably due to hail class and nans) in file:  /data/sat/products/PMW_sats/MWCCH_hail_probability/netcdf_MSG_grid/2009/08/03/20090803_S0848_E0848_MHS_meto02_MSGgrid.nc
There was a key error (probably due to hail class and nans) in file:  /data/sat/products/PMW_sats/MWCCH_hail_probability/netcdf_MSG_grid/2009/08/03/20090803_S0848_E0848_MHS_meto02_MSGgrid.nc
There was a key error (probably due to hail class and nans) in file:  /data/sat/products/PMW_sats/MWCCH_hail_probability/netcdf_MSG_grid/2009/08/03/20090803_S0848_E0848_MHS_meto02_MSGgrid.nc
There was a key error (probably due to hail class and nans) in file:  /data/sat/products/PMW_sats/MWCCH_hail_probability/netcdf_MSG_grid/2009/08/03/20090803_S0848_E0848_MHS_meto02_MSGgrid.nc
There was a key error (probably due to hail class and nans) in file:  /data/sat/products/PMW_sats/MWCCH_hail_probability/netcdf_MSG_grid/2009/08/03/20090803_S0848_E0848_MHS_meto02_MSGgrid.nc
There was a key error (probably due to hail class and nans) in file:  /data/sat/products/PMW_sats/MWCCH_hail_probability/netcdf_MSG_grid/2009/08/03/20090803_S0848_E0848_MHS_meto02_MSGgrid.nc
There was a key error (probably due to hail class and nans) in file:  /data/sat/products/PMW_sats/MWCCH_hail_probability/netcdf_MSG_grid/2009/08/03/20090803_S0848_E0848_MHS_meto02_MSGgrid.nc
There was a key error (probably due to hail class and nans) in file:  /data/sat/products/PMW_sats/MWCCH_hail_probability/netcdf_MSG_grid/2009/08/03/20090803_S0848_E0848_MHS_meto02_MSGgrid.nc
There was a key error (probably due to hail class and nans) in file:  /data/sat/products/PMW_sats/MWCCH_hail_probability/netcdf_MSG_grid/2009/09/13/20090913_S1924_E1924_MHS_meto02_MSGgrid.nc
There was a key error (probably due to hail class and nans) in file:  /data/sat/products/PMW_sats/MWCCH_hail_probability/netcdf_MSG_grid/2009/09/13/20090913_S1924_E1924_MHS_meto02_MSGgrid.nc
There was a key error (probably due to hail class and nans) in file:  /data/sat/products/PMW_sats/MWCCH_hail_probability/netcdf_MSG_grid/2009/09/13/20090913_S1924_E1924_MHS_meto02_MSGgrid.nc
There was a key error (probably due to hail class and nans) in file:  /data/sat/products/PMW_sats/MWCCH_hail_probability/netcdf_MSG_grid/2009/09/13/20090913_S1924_E1924_MHS_meto02_MSGgrid.nc
There was a key error (probably due to hail class and nans) in file:  /data/sat/products/PMW_sats/MWCCH_hail_probability/netcdf_MSG_grid/2009/09/13/20090913_S1924_E1924_MHS_meto02_MSGgrid.nc
There was a key error (probably due to hail class and nans) in file:  /data/sat/products/PMW_sats/MWCCH_hail_probability/netcdf_MSG_grid/2009/09/13/20090913_S1924_E1924_MHS_meto02_MSGgrid.nc
There was a key error (probably due to hail class and nans) in file:  /data/sat/products/PMW_sats/MWCCH_hail_probability/netcdf_MSG_grid/2009/09/13/20090913_S1924_E1924_MHS_meto02_MSGgrid.nc
There was a key error (probably due to hail class and nans) in file:  /data/sat/products/PMW_sats/MWCCH_hail_probability/netcdf_MSG_grid/2009/09/13/20090913_S1924_E1924_MHS_meto02_MSGgrid.nc
There was a key error (probably due to hail class and nans) in file:  /data/sat/products/PMW_sats/MWCCH_hail_probability/netcdf_MSG_grid/2009/09/13/20090913_S1924_E1924_MHS_meto02_MSGgrid.nc
There was a key error (probably due to hail class and nans) in file:  /data/sat/products/PMW_sats/MWCCH_hail_probability/netcdf_MSG_grid/2009/09/13/20090913_S1924_E1924_MHS_meto02_MSGgrid.nc
There was a key error (probably due to hail class and nans) in file:  /data/sat/products/PMW_sats/MWCCH_hail_probability/netcdf_MSG_grid/2009/09/13/20090913_S1924_E1924_MHS_meto02_MSGgrid.nc
There was a key error (probably due to hail class and nans) in file:  /data/sat/products/PMW_sats/MWCCH_hail_probability/netcdf_MSG_grid/2009/09/13/20090913_S1924_E1924_MHS_meto02_MSGgrid.nc
There was a key error (probably due to hail class and nans) in file:  /data/sat/products/PMW_sats/MWCCH_hail_probability/netcdf_MSG_grid/2009/09/13/20090913_S1924_E1924_MHS_meto02_MSGgrid.nc
There was a key error (probably due to hail class and nans) in file:  /data/sat/products/PMW_sats/MWCCH_hail_probability/netcdf_MSG_grid/2009/09/13/20090913_S1924_E1924_MHS_meto02_MSGgrid.nc
There was a key error (probably due to hail class and nans) in file:  /data/sat/products/PMW_sats/MWCCH_hail_probability/netcdf_MSG_grid/2009/09/13/20090913_S1924_E1924_MHS_meto02_MSGgrid.nc
There was a key error (probably due to hail class and nans) in file:  /data/sat/products/PMW_sats/MWCCH_hail_probability/netcdf_MSG_grid/2009/09/13/20090913_S1924_E1924_MHS_meto02_MSGgrid.nc
There was a key error (probably due to hail class and nans) in file:  /data/sat/products/PMW_sats/MWCCH_hail_probability/netcdf_MSG_grid/2009/09/13/20090913_S1924_E1924_MHS_meto02_MSGgrid.nc
There was a key error (probably due to hail class and nans) in file:  /data/sat/products/PMW_sats/MWCCH_hail_probability/netcdf_MSG_grid/2009/09/27/20090927_S0218_E0218_MHS_noaa19_MSGgrid.nc
There was a key error (probably due to hail class and nans) in file:  /data/sat/products/PMW_sats/MWCCH_hail_probability/netcdf_MSG_grid/2009/09/27/20090927_S0218_E0218_MHS_noaa19_MSGgrid.nc
There was a key error (probably due to hail class and nans) in file:  /data/sat/products/PMW_sats/MWCCH_hail_probability/netcdf_MSG_grid/2009/09/27/20090927_S0218_E0218_MHS_noaa19_MSGgrid.nc
There was a key error (probably due to hail class and nans) in file:  /data/sat/products/PMW_sats/MWCCH_hail_probability/netcdf_MSG_grid/2009/09/27/20090927_S0218_E0218_MHS_noaa19_MSGgrid.nc
There was a key error (probably due to hail class and nans) in file:  /data/sat/products/PMW_sats/MWCCH_hail_probability/netcdf_MSG_grid/2009/09/27/20090927_S0218_E0218_MHS_noaa19_MSGgrid.nc
There was a key error (probably due to hail class and nans) in file:  /data/sat/products/PMW_sats/MWCCH_hail_probability/netcdf_MSG_grid/2009/09/27/20090927_S0218_E0218_MHS_noaa19_MSGgrid.nc
There was a key error (probably due to hail class and nans) in file:  /data/sat/products/PMW_sats/MWCCH_hail_probability/netcdf_MSG_grid/2009/09/27/20090927_S0218_E0218_MHS_noaa19_MSGgrid.nc
There was a key error (probably due to hail class and nans) in file:  /data/sat/products/PMW_sats/MWCCH_hail_probability/netcdf_MSG_grid/2009/09/27/20090927_S0218_E0218_MHS_noaa19_MSGgrid.nc
There was a key error (probably due to hail class and nans) in file:  /data/sat/products/PMW_sats/MWCCH_hail_probability/netcdf_MSG_grid/2009/09/27/20090927_S0218_E0218_MHS_noaa19_MSGgrid.nc
There was a key error (probably due to hail class and nans) in file:  /data/sat/products/PMW_sats/MWCCH_hail_probability/netcdf_MSG_grid/2009/09/27/20090927_S0218_E0218_MHS_noaa19_MSGgrid.nc
There was a key error (probably due to hail class and nans) in file:  /data/sat/products/PMW_sats/MWCCH_hail_probability/netcdf_MSG_grid/2009/09/27/20090927_S0218_E0218_MHS_noaa19_MSGgrid.nc
10000
There was a key error (probably due to hail class and nans) in file:  /data/sat/products/PMW_sats/MWCCH_hail_probability/netcdf_MSG_grid/2010/04/06/20100406_S0642_E0643_SSMIS_f17_MSGgrid.nc
There was a key error (probably due to hail class and nans) in file:  /data/sat/products/PMW_sats/MWCCH_hail_probability/netcdf_MSG_grid/2010/04/06/20100406_S0642_E0643_SSMIS_f17_MSGgrid.nc
There was a key error (probably due to hail class and nans) in file:  /data/sat/products/PMW_sats/MWCCH_hail_probability/netcdf_MSG_grid/2010/04/06/20100406_S0642_E0643_SSMIS_f17_MSGgrid.nc
There was a key error (probably due to hail class and nans) in file:  /data/sat/products/PMW_sats/MWCCH_hail_probability/netcdf_MSG_grid/2010/04/06/20100406_S0642_E0643_SSMIS_f17_MSGgrid.nc
There was a key error (probably due to hail class and nans) in file:  /data/sat/products/PMW_sats/MWCCH_hail_probability/netcdf_MSG_grid/2010/04/06/20100406_S0642_E0643_SSMIS_f17_MSGgrid.nc
There was a key error (probably due to hail class and nans) in file:  /data/sat/products/PMW_sats/MWCCH_hail_probability/netcdf_MSG_grid/2010/04/06/20100406_S0642_E0643_SSMIS_f17_MSGgrid.nc
There was a key error (probably due to hail class and nans) in file:  /data/sat/products/PMW_sats/MWCCH_hail_probability/netcdf_MSG_grid/2010/04/06/20100406_S0642_E0643_SSMIS_f17_MSGgrid.nc
There was a key error (probably due to hail class and nans) in file:  /data/sat/products/PMW_sats/MWCCH_hail_probability/netcdf_MSG_grid/2010/04/06/20100406_S0642_E0643_SSMIS_f17_MSGgrid.nc
There was a key error (probably due to hail class and nans) in file:  /data/sat/products/PMW_sats/MWCCH_hail_probability/netcdf_MSG_grid/2010/04/06/20100406_S0642_E0643_SSMIS_f17_MSGgrid.nc
There was a key error (probably due to hail class and nans) in file:  /data/sat/products/PMW_sats/MWCCH_hail_probability/netcdf_MSG_grid/2010/04/06/20100406_S0642_E0643_SSMIS_f17_MSGgrid.nc
There was a key error (probably due to hail class and nans) in file:  /data/sat/products/PMW_sats/MWCCH_hail_probability/netcdf_MSG_grid/2010/04/06/20100406_S0642_E0643_SSMIS_f17_MSGgrid.nc
There was a key error (probably due to hail class and nans) in file:  /data/sat/products/PMW_sats/MWCCH_hail_probability/netcdf_MSG_grid/2010/04/06/20100406_S0642_E0643_SSMIS_f17_MSGgrid.nc
There was a key error (probably due to hail class and nans) in file:  /data/sat/products/PMW_sats/MWCCH_hail_probability/netcdf_MSG_grid/2010/04/21/20100421_S0104_E0104_MHS_noaa18_MSGgrid.nc
There was a key error (probably due to hail class and nans) in file:  /data/sat/products/PMW_sats/MWCCH_hail_probability/netcdf_MSG_grid/2010/04/21/20100421_S0104_E0104_MHS_noaa18_MSGgrid.nc
There was a key error (probably due to hail class and nans) in file:  /data/sat/products/PMW_sats/MWCCH_hail_probability/netcdf_MSG_grid/2010/04/21/20100421_S0104_E0104_MHS_noaa18_MSGgrid.nc
There was a key error (probably due to hail class and nans) in file:  /data/sat/products/PMW_sats/MWCCH_hail_probability/netcdf_MSG_grid/2010/04/21/20100421_S0104_E0104_MHS_noaa18_MSGgrid.nc
There was a key error (probably due to hail class and nans) in file:  /data/sat/products/PMW_sats/MWCCH_hail_probability/netcdf_MSG_grid/2010/04/21/20100421_S0104_E0104_MHS_noaa18_MSGgrid.nc
There was a key error (probably due to hail class and nans) in file:  /data/sat/products/PMW_sats/MWCCH_hail_probability/netcdf_MSG_grid/2010/04/21/20100421_S0104_E0104_MHS_noaa18_MSGgrid.nc
There was a key error (probably due to hail class and nans) in file:  /data/sat/products/PMW_sats/MWCCH_hail_probability/netcdf_MSG_grid/2010/04/21/20100421_S0104_E0104_MHS_noaa18_MSGgrid.nc
There was a key error (probably due to hail class and nans) in file:  /data/sat/products/PMW_sats/MWCCH_hail_probability/netcdf_MSG_grid/2010/04/21/20100421_S0104_E0104_MHS_noaa18_MSGgrid.nc
There was a key error (probably due to hail class and nans) in file:  /data/sat/products/PMW_sats/MWCCH_hail_probability/netcdf_MSG_grid/2010/04/21/20100421_S0104_E0104_MHS_noaa18_MSGgrid.nc
There was a key error (probably due to hail class and nans) in file:  /data/sat/products/PMW_sats/MWCCH_hail_probability/netcdf_MSG_grid/2010/04/21/20100421_S0104_E0104_MHS_noaa18_MSGgrid.nc
There was a key error (probably due to hail class and nans) in file:  /data/sat/products/PMW_sats/MWCCH_hail_probability/netcdf_MSG_grid/2010/04/21/20100421_S0104_E0104_MHS_noaa18_MSGgrid.nc
There was a key error (probably due to hail class and nans) in file:  /data/sat/products/PMW_sats/MWCCH_hail_probability/netcdf_MSG_grid/2010/04/21/20100421_S0104_E0104_MHS_noaa18_MSGgrid.nc
There was a key error (probably due to hail class and nans) in file:  /data/sat/products/PMW_sats/MWCCH_hail_probability/netcdf_MSG_grid/2010/04/21/20100421_S0104_E0104_MHS_noaa18_MSGgrid.nc
There was a key error (probably due to hail class and nans) in file:  /data/sat/products/PMW_sats/MWCCH_hail_probability/netcdf_MSG_grid/2010/04/21/20100421_S0104_E0104_MHS_noaa18_MSGgrid.nc
There was a key error (probably due to hail class and nans) in file:  /data/sat/products/PMW_sats/MWCCH_hail_probability/netcdf_MSG_grid/2010/04/21/20100421_S0104_E0104_MHS_noaa18_MSGgrid.nc
There was a key error (probably due to hail class and nans) in file:  /data/sat/products/PMW_sats/MWCCH_hail_probability/netcdf_MSG_grid/2010/04/21/20100421_S0104_E0104_MHS_noaa18_MSGgrid.nc
There was a key error (probably due to hail class and nans) in file:  /data/sat/products/PMW_sats/MWCCH_hail_probability/netcdf_MSG_grid/2010/04/21/20100421_S0104_E0104_MHS_noaa18_MSGgrid.nc
There was a key error (probably due to hail class and nans) in file:  /data/sat/products/PMW_sats/MWCCH_hail_probability/netcdf_MSG_grid/2010/04/21/20100421_S0104_E0104_MHS_noaa18_MSGgrid.nc
There was a key error (probably due to hail class and nans) in file:  /data/sat/products/PMW_sats/MWCCH_hail_probability/netcdf_MSG_grid/2010/04/26/20100426_S1720_E1720_SSMIS_f17_MSGgrid.nc
There was a key error (probably due to hail class and nans) in file:  /data/sat/products/PMW_sats/MWCCH_hail_probability/netcdf_MSG_grid/2010/04/26/20100426_S1720_E1720_SSMIS_f17_MSGgrid.nc
There was a key error (probably due to hail class and nans) in file:  /data/sat/products/PMW_sats/MWCCH_hail_probability/netcdf_MSG_grid/2010/04/26/20100426_S1720_E1720_SSMIS_f17_MSGgrid.nc
There was a key error (probably due to hail class and nans) in file:  /data/sat/products/PMW_sats/MWCCH_hail_probability/netcdf_MSG_grid/2010/04/26/20100426_S1720_E1720_SSMIS_f17_MSGgrid.nc
There was a key error (probably due to hail class and nans) in file:  /data/sat/products/PMW_sats/MWCCH_hail_probability/netcdf_MSG_grid/2010/04/26/20100426_S1720_E1720_SSMIS_f17_MSGgrid.nc
There was a key error (probably due to hail class and nans) in file:  /data/sat/products/PMW_sats/MWCCH_hail_probability/netcdf_MSG_grid/2010/04/26/20100426_S1720_E1720_SSMIS_f17_MSGgrid.nc
There was a key error (probably due to hail class and nans) in file:  /data/sat/products/PMW_sats/MWCCH_hail_probability/netcdf_MSG_grid/2010/04/26/20100426_S1720_E1720_SSMIS_f17_MSGgrid.nc
There was a key error (probably due to hail class and nans) in file:  /data/sat/products/PMW_sats/MWCCH_hail_probability/netcdf_MSG_grid/2010/04/26/20100426_S1720_E1720_SSMIS_f17_MSGgrid.nc
There was a key error (probably due to hail class and nans) in file:  /data/sat/products/PMW_sats/MWCCH_hail_probability/netcdf_MSG_grid/2010/04/26/20100426_S1720_E1720_SSMIS_f17_MSGgrid.nc
There was a key error (probably due to hail class and nans) in file:  /data/sat/products/PMW_sats/MWCCH_hail_probability/netcdf_MSG_grid/2010/04/26/20100426_S1720_E1720_SSMIS_f17_MSGgrid.nc
There was a key error (probably due to hail class and nans) in file:  /data/sat/products/PMW_sats/MWCCH_hail_probability/netcdf_MSG_grid/2010/04/26/20100426_S1720_E1720_SSMIS_f17_MSGgrid.nc
There was a key error (probably due to hail class and nans) in file:  /data/sat/products/PMW_sats/MWCCH_hail_probability/netcdf_MSG_grid/2010/04/26/20100426_S1720_E1720_SSMIS_f17_MSGgrid.nc
There was a key error (probably due to hail class and nans) in file:  /data/sat/products/PMW_sats/MWCCH_hail_probability/netcdf_MSG_grid/2010/04/26/20100426_S1720_E1720_SSMIS_f17_MSGgrid.nc
There was a key error (probably due to hail class and nans) in file:  /data/sat/products/PMW_sats/MWCCH_hail_probability/netcdf_MSG_grid/2010/04/26/20100426_S1720_E1720_SSMIS_f17_MSGgrid.nc
There was a key error (probably due to hail class and nans) in file:  /data/sat/products/PMW_sats/MWCCH_hail_probability/netcdf_MSG_grid/2010/06/02/20100602_S1128_E1129_MHS_noaa19_MSGgrid.nc
There was a key error (probably due to hail class and nans) in file:  /data/sat/products/PMW_sats/MWCCH_hail_probability/netcdf_MSG_grid/2010/06/02/20100602_S1128_E1129_MHS_noaa19_MSGgrid.nc
There was a key error (probably due to hail class and nans) in file:  /data/sat/products/PMW_sats/MWCCH_hail_probability/netcdf_MSG_grid/2010/06/02/20100602_S1128_E1129_MHS_noaa19_MSGgrid.nc
There was a key error (probably due to hail class and nans) in file:  /data/sat/products/PMW_sats/MWCCH_hail_probability/netcdf_MSG_grid/2010/06/02/20100602_S1128_E1129_MHS_noaa19_MSGgrid.nc
There was a key error (probably due to hail class and nans) in file:  /data/sat/products/PMW_sats/MWCCH_hail_probability/netcdf_MSG_grid/2010/06/02/20100602_S1128_E1129_MHS_noaa19_MSGgrid.nc
There was a key error (probably due to hail class and nans) in file:  /data/sat/products/PMW_sats/MWCCH_hail_probability/netcdf_MSG_grid/2010/06/02/20100602_S1128_E1129_MHS_noaa19_MSGgrid.nc
There was a key error (probably due to hail class and nans) in file:  /data/sat/products/PMW_sats/MWCCH_hail_probability/netcdf_MSG_grid/2010/06/02/20100602_S1128_E1129_MHS_noaa19_MSGgrid.nc
There was a key error (probably due to hail class and nans) in file:  /data/sat/products/PMW_sats/MWCCH_hail_probability/netcdf_MSG_grid/2010/06/02/20100602_S1128_E1129_MHS_noaa19_MSGgrid.nc
There was a key error (probably due to hail class and nans) in file:  /data/sat/products/PMW_sats/MWCCH_hail_probability/netcdf_MSG_grid/2010/06/02/20100602_S1128_E1129_MHS_noaa19_MSGgrid.nc
There was a key error (probably due to hail class and nans) in file:  /data/sat/products/PMW_sats/MWCCH_hail_probability/netcdf_MSG_grid/2010/06/02/20100602_S1128_E1129_MHS_noaa19_MSGgrid.nc
There was a key error (probably due to hail class and nans) in file:  /data/sat/products/PMW_sats/MWCCH_hail_probability/netcdf_MSG_grid/2010/06/02/20100602_S1128_E1129_MHS_noaa19_MSGgrid.nc
There was a key error (probably due to hail class and nans) in file:  /data/sat/products/PMW_sats/MWCCH_hail_probability/netcdf_MSG_grid/2010/06/02/20100602_S1128_E1129_MHS_noaa19_MSGgrid.nc
There was a key error (probably due to hail class and nans) in file:  /data/sat/products/PMW_sats/MWCCH_hail_probability/netcdf_MSG_grid/2010/06/02/20100602_S1128_E1129_MHS_noaa19_MSGgrid.nc
There was a key error (probably due to hail class and nans) in file:  /data/sat/products/PMW_sats/MWCCH_hail_probability/netcdf_MSG_grid/2010/06/02/20100602_S1128_E1129_MHS_noaa19_MSGgrid.nc
There was a key error (probably due to hail class and nans) in file:  /data/sat/products/PMW_sats/MWCCH_hail_probability/netcdf_MSG_grid/2010/06/02/20100602_S1128_E1129_MHS_noaa19_MSGgrid.nc
There was a key error (probably due to hail class and nans) in file:  /data/sat/products/PMW_sats/MWCCH_hail_probability/netcdf_MSG_grid/2010/06/02/20100602_S1128_E1129_MHS_noaa19_MSGgrid.nc
There was a key error (probably due to hail class and nans) in file:  /data/sat/products/PMW_sats/MWCCH_hail_probability/netcdf_MSG_grid/2010/06/02/20100602_S1128_E1129_MHS_noaa19_MSGgrid.nc
There was a key error (probably due to hail class and nans) in file:  /data/sat/products/PMW_sats/MWCCH_hail_probability/netcdf_MSG_grid/2010/06/02/20100602_S1128_E1129_MHS_noaa19_MSGgrid.nc
There was a key error (probably due to hail class and nans) in file:  /data/sat/products/PMW_sats/MWCCH_hail_probability/netcdf_MSG_grid/2010/06/02/20100602_S1128_E1129_MHS_noaa19_MSGgrid.nc
11000
There was a key error (probably due to hail class and nans) in file:  /data/sat/products/PMW_sats/MWCCH_hail_probability/netcdf_MSG_grid/2010/09/06/20100906_S2055_E2055_MHS_meto02_MSGgrid.nc
There was a key error (probably due to hail class and nans) in file:  /data/sat/products/PMW_sats/MWCCH_hail_probability/netcdf_MSG_grid/2010/09/06/20100906_S2055_E2055_MHS_meto02_MSGgrid.nc
There was a key error (probably due to hail class and nans) in file:  /data/sat/products/PMW_sats/MWCCH_hail_probability/netcdf_MSG_grid/2010/09/06/20100906_S2055_E2055_MHS_meto02_MSGgrid.nc
There was a key error (probably due to hail class and nans) in file:  /data/sat/products/PMW_sats/MWCCH_hail_probability/netcdf_MSG_grid/2010/09/06/20100906_S2055_E2055_MHS_meto02_MSGgrid.nc
There was a key error (probably due to hail class and nans) in file:  /data/sat/products/PMW_sats/MWCCH_hail_probability/netcdf_MSG_grid/2010/09/06/20100906_S2055_E2055_MHS_meto02_MSGgrid.nc
There was a key error (probably due to hail class and nans) in file:  /data/sat/products/PMW_sats/MWCCH_hail_probability/netcdf_MSG_grid/2010/09/06/20100906_S2055_E2055_MHS_meto02_MSGgrid.nc
There was a key error (probably due to hail class and nans) in file:  /data/sat/products/PMW_sats/MWCCH_hail_probability/netcdf_MSG_grid/2010/09/06/20100906_S2055_E2055_MHS_meto02_MSGgrid.nc
There was a key error (probably due to hail class and nans) in file:  /data/sat/products/PMW_sats/MWCCH_hail_probability/netcdf_MSG_grid/2010/09/06/20100906_S2055_E2055_MHS_meto02_MSGgrid.nc
There was a key error (probably due to hail class and nans) in file:  /data/sat/products/PMW_sats/MWCCH_hail_probability/netcdf_MSG_grid/2010/09/06/20100906_S2055_E2055_MHS_meto02_MSGgrid.nc
There was a key error (probably due to hail class and nans) in file:  /data/sat/products/PMW_sats/MWCCH_hail_probability/netcdf_MSG_grid/2010/09/06/20100906_S2055_E2055_MHS_meto02_MSGgrid.nc
There was a key error (probably due to hail class and nans) in file:  /data/sat/products/PMW_sats/MWCCH_hail_probability/netcdf_MSG_grid/2010/09/06/20100906_S2055_E2055_MHS_meto02_MSGgrid.nc
There was a key error (probably due to hail class and nans) in file:  /data/sat/products/PMW_sats/MWCCH_hail_probability/netcdf_MSG_grid/2010/09/06/20100906_S2055_E2055_MHS_meto02_MSGgrid.nc
There was a key error (probably due to hail class and nans) in file:  /data/sat/products/PMW_sats/MWCCH_hail_probability/netcdf_MSG_grid/2010/09/06/20100906_S2055_E2055_MHS_meto02_MSGgrid.nc
There was a key error (probably due to hail class and nans) in file:  /data/sat/products/PMW_sats/MWCCH_hail_probability/netcdf_MSG_grid/2010/09/06/20100906_S2055_E2055_MHS_meto02_MSGgrid.nc
There was a key error (probably due to hail class and nans) in file:  /data/sat/products/PMW_sats/MWCCH_hail_probability/netcdf_MSG_grid/2010/09/06/20100906_S2055_E2055_MHS_meto02_MSGgrid.nc
There was a key error (probably due to hail class and nans) in file:  /data/sat/products/PMW_sats/MWCCH_hail_probability/netcdf_MSG_grid/2010/09/06/20100906_S2055_E2055_MHS_meto02_MSGgrid.nc
There was a key error (probably due to hail class and nans) in file:  /data/sat/products/PMW_sats/MWCCH_hail_probability/netcdf_MSG_grid/2010/09/06/20100906_S2055_E2055_MHS_meto02_MSGgrid.nc
12000
There was a key error (probably due to hail class and nans) in file:  /data/sat/products/PMW_sats/MWCCH_hail_probability/netcdf_MSG_grid/2011/05/13/20110513_S1222_E1223_MHS_noaa18_MSGgrid.nc
There was a key error (probably due to hail class and nans) in file:  /data/sat/products/PMW_sats/MWCCH_hail_probability/netcdf_MSG_grid/2011/05/13/20110513_S1222_E1223_MHS_noaa18_MSGgrid.nc
There was a key error (probably due to hail class and nans) in file:  /data/sat/products/PMW_sats/MWCCH_hail_probability/netcdf_MSG_grid/2011/05/13/20110513_S1222_E1223_MHS_noaa18_MSGgrid.nc
There was a key error (probably due to hail class and nans) in file:  /data/sat/products/PMW_sats/MWCCH_hail_probability/netcdf_MSG_grid/2011/05/13/20110513_S1222_E1223_MHS_noaa18_MSGgrid.nc
There was a key error (probably due to hail class and nans) in file:  /data/sat/products/PMW_sats/MWCCH_hail_probability/netcdf_MSG_grid/2011/05/13/20110513_S1222_E1223_MHS_noaa18_MSGgrid.nc
There was a key error (probably due to hail class and nans) in file:  /data/sat/products/PMW_sats/MWCCH_hail_probability/netcdf_MSG_grid/2011/05/13/20110513_S1222_E1223_MHS_noaa18_MSGgrid.nc
There was a key error (probably due to hail class and nans) in file:  /data/sat/products/PMW_sats/MWCCH_hail_probability/netcdf_MSG_grid/2011/05/13/20110513_S1222_E1223_MHS_noaa18_MSGgrid.nc
There was a key error (probably due to hail class and nans) in file:  /data/sat/products/PMW_sats/MWCCH_hail_probability/netcdf_MSG_grid/2011/05/13/20110513_S1222_E1223_MHS_noaa18_MSGgrid.nc
There was a key error (probably due to hail class and nans) in file:  /data/sat/products/PMW_sats/MWCCH_hail_probability/netcdf_MSG_grid/2011/05/13/20110513_S1222_E1223_MHS_noaa18_MSGgrid.nc
There was a key error (probably due to hail class and nans) in file:  /data/sat/products/PMW_sats/MWCCH_hail_probability/netcdf_MSG_grid/2011/05/13/20110513_S1222_E1223_MHS_noaa18_MSGgrid.nc
There was a key error (probably due to hail class and nans) in file:  /data/sat/products/PMW_sats/MWCCH_hail_probability/netcdf_MSG_grid/2011/05/13/20110513_S1222_E1223_MHS_noaa18_MSGgrid.nc
There was a key error (probably due to hail class and nans) in file:  /data/sat/products/PMW_sats/MWCCH_hail_probability/netcdf_MSG_grid/2011/05/13/20110513_S1222_E1223_MHS_noaa18_MSGgrid.nc
There was a key error (probably due to hail class and nans) in file:  /data/sat/products/PMW_sats/MWCCH_hail_probability/netcdf_MSG_grid/2011/05/13/20110513_S1222_E1223_MHS_noaa18_MSGgrid.nc
There was a key error (probably due to hail class and nans) in file:  /data/sat/products/PMW_sats/MWCCH_hail_probability/netcdf_MSG_grid/2011/05/13/20110513_S1222_E1223_MHS_noaa18_MSGgrid.nc
There was a key error (probably due to hail class and nans) in file:  /data/sat/products/PMW_sats/MWCCH_hail_probability/netcdf_MSG_grid/2011/05/13/20110513_S1222_E1223_MHS_noaa18_MSGgrid.nc
There was a key error (probably due to hail class and nans) in file:  /data/sat/products/PMW_sats/MWCCH_hail_probability/netcdf_MSG_grid/2011/05/13/20110513_S1222_E1223_MHS_noaa18_MSGgrid.nc
There was a key error (probably due to hail class and nans) in file:  /data/sat/products/PMW_sats/MWCCH_hail_probability/netcdf_MSG_grid/2011/05/13/20110513_S1222_E1223_MHS_noaa18_MSGgrid.nc
There was a key error (probably due to hail class and nans) in file:  /data/sat/products/PMW_sats/MWCCH_hail_probability/netcdf_MSG_grid/2011/05/13/20110513_S1222_E1223_MHS_noaa18_MSGgrid.nc
There was a key error (probably due to hail class and nans) in file:  /data/sat/products/PMW_sats/MWCCH_hail_probability/netcdf_MSG_grid/2011/05/13/20110513_S1222_E1223_MHS_noaa18_MSGgrid.nc
There was a key error (probably due to hail class and nans) in file:  /data/sat/products/PMW_sats/MWCCH_hail_probability/netcdf_MSG_grid/2011/07/29/20110729_S0039_E0039_MHS_noaa19_MSGgrid.nc
There was a key error (probably due to hail class and nans) in file:  /data/sat/products/PMW_sats/MWCCH_hail_probability/netcdf_MSG_grid/2011/07/29/20110729_S0039_E0039_MHS_noaa19_MSGgrid.nc
There was a key error (probably due to hail class and nans) in file:  /data/sat/products/PMW_sats/MWCCH_hail_probability/netcdf_MSG_grid/2011/07/29/20110729_S0039_E0039_MHS_noaa19_MSGgrid.nc
There was a key error (probably due to hail class and nans) in file:  /data/sat/products/PMW_sats/MWCCH_hail_probability/netcdf_MSG_grid/2011/07/29/20110729_S0039_E0039_MHS_noaa19_MSGgrid.nc
There was a key error (probably due to hail class and nans) in file:  /data/sat/products/PMW_sats/MWCCH_hail_probability/netcdf_MSG_grid/2011/07/29/20110729_S0039_E0039_MHS_noaa19_MSGgrid.nc
There was a key error (probably due to hail class and nans) in file:  /data/sat/products/PMW_sats/MWCCH_hail_probability/netcdf_MSG_grid/2011/07/29/20110729_S0039_E0039_MHS_noaa19_MSGgrid.nc
There was a key error (probably due to hail class and nans) in file:  /data/sat/products/PMW_sats/MWCCH_hail_probability/netcdf_MSG_grid/2011/07/29/20110729_S0039_E0039_MHS_noaa19_MSGgrid.nc
There was a key error (probably due to hail class and nans) in file:  /data/sat/products/PMW_sats/MWCCH_hail_probability/netcdf_MSG_grid/2011/07/29/20110729_S0039_E0039_MHS_noaa19_MSGgrid.nc
There was a key error (probably due to hail class and nans) in file:  /data/sat/products/PMW_sats/MWCCH_hail_probability/netcdf_MSG_grid/2011/07/29/20110729_S0039_E0039_MHS_noaa19_MSGgrid.nc
There was a key error (probably due to hail class and nans) in file:  /data/sat/products/PMW_sats/MWCCH_hail_probability/netcdf_MSG_grid/2011/07/29/20110729_S0039_E0039_MHS_noaa19_MSGgrid.nc
There was a key error (probably due to hail class and nans) in file:  /data/sat/products/PMW_sats/MWCCH_hail_probability/netcdf_MSG_grid/2011/07/29/20110729_S0039_E0039_MHS_noaa19_MSGgrid.nc
There was a key error (probably due to hail class and nans) in file:  /data/sat/products/PMW_sats/MWCCH_hail_probability/netcdf_MSG_grid/2011/07/29/20110729_S0039_E0039_MHS_noaa19_MSGgrid.nc
There was a key error (probably due to hail class and nans) in file:  /data/sat/products/PMW_sats/MWCCH_hail_probability/netcdf_MSG_grid/2011/07/29/20110729_S0039_E0039_MHS_noaa19_MSGgrid.nc
There was a key error (probably due to hail class and nans) in file:  /data/sat/products/PMW_sats/MWCCH_hail_probability/netcdf_MSG_grid/2011/07/29/20110729_S0039_E0039_MHS_noaa19_MSGgrid.nc
There was a key error (probably due to hail class and nans) in file:  /data/sat/products/PMW_sats/MWCCH_hail_probability/netcdf_MSG_grid/2011/07/29/20110729_S0039_E0039_MHS_noaa19_MSGgrid.nc
There was a key error (probably due to hail class and nans) in file:  /data/sat/products/PMW_sats/MWCCH_hail_probability/netcdf_MSG_grid/2011/07/29/20110729_S0039_E0039_MHS_noaa19_MSGgrid.nc
There was a key error (probably due to hail class and nans) in file:  /data/sat/products/PMW_sats/MWCCH_hail_probability/netcdf_MSG_grid/2011/07/29/20110729_S0039_E0039_MHS_noaa19_MSGgrid.nc
There was a key error (probably due to hail class and nans) in file:  /data/sat/products/PMW_sats/MWCCH_hail_probability/netcdf_MSG_grid/2011/07/29/20110729_S0039_E0039_MHS_noaa19_MSGgrid.nc
There was a key error (probably due to hail class and nans) in file:  /data/sat/products/PMW_sats/MWCCH_hail_probability/netcdf_MSG_grid/2011/07/29/20110729_S1905_E1905_MHS_noaa16_MSGgrid.nc
There was a key error (probably due to hail class and nans) in file:  /data/sat/products/PMW_sats/MWCCH_hail_probability/netcdf_MSG_grid/2011/07/29/20110729_S1905_E1905_MHS_noaa16_MSGgrid.nc
There was a key error (probably due to hail class and nans) in file:  /data/sat/products/PMW_sats/MWCCH_hail_probability/netcdf_MSG_grid/2011/07/29/20110729_S1905_E1905_MHS_noaa16_MSGgrid.nc
There was a key error (probably due to hail class and nans) in file:  /data/sat/products/PMW_sats/MWCCH_hail_probability/netcdf_MSG_grid/2011/07/29/20110729_S1905_E1905_MHS_noaa16_MSGgrid.nc
There was a key error (probably due to hail class and nans) in file:  /data/sat/products/PMW_sats/MWCCH_hail_probability/netcdf_MSG_grid/2011/07/29/20110729_S1905_E1905_MHS_noaa16_MSGgrid.nc
There was a key error (probably due to hail class and nans) in file:  /data/sat/products/PMW_sats/MWCCH_hail_probability/netcdf_MSG_grid/2011/07/29/20110729_S1905_E1905_MHS_noaa16_MSGgrid.nc
There was a key error (probably due to hail class and nans) in file:  /data/sat/products/PMW_sats/MWCCH_hail_probability/netcdf_MSG_grid/2011/07/29/20110729_S1905_E1905_MHS_noaa16_MSGgrid.nc
There was a key error (probably due to hail class and nans) in file:  /data/sat/products/PMW_sats/MWCCH_hail_probability/netcdf_MSG_grid/2011/07/29/20110729_S1905_E1905_MHS_noaa16_MSGgrid.nc
There was a key error (probably due to hail class and nans) in file:  /data/sat/products/PMW_sats/MWCCH_hail_probability/netcdf_MSG_grid/2011/07/29/20110729_S1905_E1905_MHS_noaa16_MSGgrid.nc
There was a key error (probably due to hail class and nans) in file:  /data/sat/products/PMW_sats/MWCCH_hail_probability/netcdf_MSG_grid/2011/07/29/20110729_S1905_E1905_MHS_noaa16_MSGgrid.nc
There was a key error (probably due to hail class and nans) in file:  /data/sat/products/PMW_sats/MWCCH_hail_probability/netcdf_MSG_grid/2011/07/29/20110729_S1905_E1905_MHS_noaa16_MSGgrid.nc
There was a key error (probably due to hail class and nans) in file:  /data/sat/products/PMW_sats/MWCCH_hail_probability/netcdf_MSG_grid/2011/07/29/20110729_S1905_E1905_MHS_noaa16_MSGgrid.nc
There was a key error (probably due to hail class and nans) in file:  /data/sat/products/PMW_sats/MWCCH_hail_probability/netcdf_MSG_grid/2011/07/29/20110729_S1905_E1905_MHS_noaa16_MSGgrid.nc
There was a key error (probably due to hail class and nans) in file:  /data/sat/products/PMW_sats/MWCCH_hail_probability/netcdf_MSG_grid/2011/07/29/20110729_S1905_E1905_MHS_noaa16_MSGgrid.nc
There was a key error (probably due to hail class and nans) in file:  /data/sat/products/PMW_sats/MWCCH_hail_probability/netcdf_MSG_grid/2011/07/29/20110729_S1905_E1905_MHS_noaa16_MSGgrid.nc
There was a key error (probably due to hail class and nans) in file:  /data/sat/products/PMW_sats/MWCCH_hail_probability/netcdf_MSG_grid/2011/07/29/20110729_S1905_E1905_MHS_noaa16_MSGgrid.nc
There was a key error (probably due to hail class and nans) in file:  /data/sat/products/PMW_sats/MWCCH_hail_probability/netcdf_MSG_grid/2011/07/29/20110729_S1905_E1905_MHS_noaa16_MSGgrid.nc
There was a key error (probably due to hail class and nans) in file:  /data/sat/products/PMW_sats/MWCCH_hail_probability/netcdf_MSG_grid/2011/07/29/20110729_S1905_E1905_MHS_noaa16_MSGgrid.nc
13000
There was a key error (probably due to hail class and nans) in file:  /data/sat/products/PMW_sats/MWCCH_hail_probability/netcdf_MSG_grid/2011/08/07/20110807_S0732_E0732_SSMIS_f16_MSGgrid.nc
There was a key error (probably due to hail class and nans) in file:  /data/sat/products/PMW_sats/MWCCH_hail_probability/netcdf_MSG_grid/2011/08/07/20110807_S0732_E0732_SSMIS_f16_MSGgrid.nc
There was a key error (probably due to hail class and nans) in file:  /data/sat/products/PMW_sats/MWCCH_hail_probability/netcdf_MSG_grid/2011/08/07/20110807_S0732_E0732_SSMIS_f16_MSGgrid.nc
There was a key error (probably due to hail class and nans) in file:  /data/sat/products/PMW_sats/MWCCH_hail_probability/netcdf_MSG_grid/2011/08/07/20110807_S0732_E0732_SSMIS_f16_MSGgrid.nc
There was a key error (probably due to hail class and nans) in file:  /data/sat/products/PMW_sats/MWCCH_hail_probability/netcdf_MSG_grid/2011/08/07/20110807_S0732_E0732_SSMIS_f16_MSGgrid.nc
There was a key error (probably due to hail class and nans) in file:  /data/sat/products/PMW_sats/MWCCH_hail_probability/netcdf_MSG_grid/2011/08/07/20110807_S0732_E0732_SSMIS_f16_MSGgrid.nc
There was a key error (probably due to hail class and nans) in file:  /data/sat/products/PMW_sats/MWCCH_hail_probability/netcdf_MSG_grid/2011/08/07/20110807_S0732_E0732_SSMIS_f16_MSGgrid.nc
There was a key error (probably due to hail class and nans) in file:  /data/sat/products/PMW_sats/MWCCH_hail_probability/netcdf_MSG_grid/2011/08/07/20110807_S0732_E0732_SSMIS_f16_MSGgrid.nc
There was a key error (probably due to hail class and nans) in file:  /data/sat/products/PMW_sats/MWCCH_hail_probability/netcdf_MSG_grid/2011/08/07/20110807_S0732_E0732_SSMIS_f16_MSGgrid.nc
There was a key error (probably due to hail class and nans) in file:  /data/sat/products/PMW_sats/MWCCH_hail_probability/netcdf_MSG_grid/2011/08/07/20110807_S0732_E0732_SSMIS_f16_MSGgrid.nc
There was a key error (probably due to hail class and nans) in file:  /data/sat/products/PMW_sats/MWCCH_hail_probability/netcdf_MSG_grid/2011/08/07/20110807_S0732_E0732_SSMIS_f16_MSGgrid.nc
There was a key error (probably due to hail class and nans) in file:  /data/sat/products/PMW_sats/MWCCH_hail_probability/netcdf_MSG_grid/2011/08/07/20110807_S0732_E0732_SSMIS_f16_MSGgrid.nc
There was a key error (probably due to hail class and nans) in file:  /data/sat/products/PMW_sats/MWCCH_hail_probability/netcdf_MSG_grid/2011/08/08/20110808_S1725_E1725_SSMIS_f17_MSGgrid.nc
There was a key error (probably due to hail class and nans) in file:  /data/sat/products/PMW_sats/MWCCH_hail_probability/netcdf_MSG_grid/2011/08/08/20110808_S1725_E1725_SSMIS_f17_MSGgrid.nc
There was a key error (probably due to hail class and nans) in file:  /data/sat/products/PMW_sats/MWCCH_hail_probability/netcdf_MSG_grid/2011/08/08/20110808_S1725_E1725_SSMIS_f17_MSGgrid.nc
There was a key error (probably due to hail class and nans) in file:  /data/sat/products/PMW_sats/MWCCH_hail_probability/netcdf_MSG_grid/2011/08/08/20110808_S1725_E1725_SSMIS_f17_MSGgrid.nc
There was a key error (probably due to hail class and nans) in file:  /data/sat/products/PMW_sats/MWCCH_hail_probability/netcdf_MSG_grid/2011/08/08/20110808_S1725_E1725_SSMIS_f17_MSGgrid.nc
There was a key error (probably due to hail class and nans) in file:  /data/sat/products/PMW_sats/MWCCH_hail_probability/netcdf_MSG_grid/2011/08/08/20110808_S1725_E1725_SSMIS_f17_MSGgrid.nc
There was a key error (probably due to hail class and nans) in file:  /data/sat/products/PMW_sats/MWCCH_hail_probability/netcdf_MSG_grid/2011/08/08/20110808_S1725_E1725_SSMIS_f17_MSGgrid.nc
There was a key error (probably due to hail class and nans) in file:  /data/sat/products/PMW_sats/MWCCH_hail_probability/netcdf_MSG_grid/2011/09/04/20110904_S1810_E1810_SSMIS_f16_MSGgrid.nc
There was a key error (probably due to hail class and nans) in file:  /data/sat/products/PMW_sats/MWCCH_hail_probability/netcdf_MSG_grid/2011/09/04/20110904_S1810_E1810_SSMIS_f16_MSGgrid.nc
There was a key error (probably due to hail class and nans) in file:  /data/sat/products/PMW_sats/MWCCH_hail_probability/netcdf_MSG_grid/2011/09/04/20110904_S1810_E1810_SSMIS_f16_MSGgrid.nc
There was a key error (probably due to hail class and nans) in file:  /data/sat/products/PMW_sats/MWCCH_hail_probability/netcdf_MSG_grid/2011/09/04/20110904_S1810_E1810_SSMIS_f16_MSGgrid.nc
There was a key error (probably due to hail class and nans) in file:  /data/sat/products/PMW_sats/MWCCH_hail_probability/netcdf_MSG_grid/2011/09/04/20110904_S1810_E1810_SSMIS_f16_MSGgrid.nc
There was a key error (probably due to hail class and nans) in file:  /data/sat/products/PMW_sats/MWCCH_hail_probability/netcdf_MSG_grid/2011/09/04/20110904_S1810_E1810_SSMIS_f16_MSGgrid.nc
There was a key error (probably due to hail class and nans) in file:  /data/sat/products/PMW_sats/MWCCH_hail_probability/netcdf_MSG_grid/2011/09/04/20110904_S1810_E1810_SSMIS_f16_MSGgrid.nc
There was a key error (probably due to hail class and nans) in file:  /data/sat/products/PMW_sats/MWCCH_hail_probability/netcdf_MSG_grid/2011/09/04/20110904_S1810_E1810_SSMIS_f16_MSGgrid.nc
There was a key error (probably due to hail class and nans) in file:  /data/sat/products/PMW_sats/MWCCH_hail_probability/netcdf_MSG_grid/2011/09/04/20110904_S1810_E1810_SSMIS_f16_MSGgrid.nc
There was a key error (probably due to hail class and nans) in file:  /data/sat/products/PMW_sats/MWCCH_hail_probability/netcdf_MSG_grid/2011/09/04/20110904_S1810_E1810_SSMIS_f16_MSGgrid.nc
There was a key error (probably due to hail class and nans) in file:  /data/sat/products/PMW_sats/MWCCH_hail_probability/netcdf_MSG_grid/2011/09/04/20110904_S1810_E1810_SSMIS_f16_MSGgrid.nc
There was a key error (probably due to hail class and nans) in file:  /data/sat/products/PMW_sats/MWCCH_hail_probability/netcdf_MSG_grid/2011/09/04/20110904_S1810_E1810_SSMIS_f16_MSGgrid.nc
There was a key error (probably due to hail class and nans) in file:  /data/sat/products/PMW_sats/MWCCH_hail_probability/netcdf_MSG_grid/2011/09/04/20110904_S1810_E1810_SSMIS_f16_MSGgrid.nc
There was a key error (probably due to hail class and nans) in file:  /data/sat/products/PMW_sats/MWCCH_hail_probability/netcdf_MSG_grid/2012/05/05/20120505_S1125_E1126_MHS_noaa19_MSGgrid.nc
There was a key error (probably due to hail class and nans) in file:  /data/sat/products/PMW_sats/MWCCH_hail_probability/netcdf_MSG_grid/2012/05/05/20120505_S1125_E1126_MHS_noaa19_MSGgrid.nc
There was a key error (probably due to hail class and nans) in file:  /data/sat/products/PMW_sats/MWCCH_hail_probability/netcdf_MSG_grid/2012/05/05/20120505_S1125_E1126_MHS_noaa19_MSGgrid.nc
There was a key error (probably due to hail class and nans) in file:  /data/sat/products/PMW_sats/MWCCH_hail_probability/netcdf_MSG_grid/2012/05/05/20120505_S1125_E1126_MHS_noaa19_MSGgrid.nc
There was a key error (probably due to hail class and nans) in file:  /data/sat/products/PMW_sats/MWCCH_hail_probability/netcdf_MSG_grid/2012/05/05/20120505_S1125_E1126_MHS_noaa19_MSGgrid.nc
There was a key error (probably due to hail class and nans) in file:  /data/sat/products/PMW_sats/MWCCH_hail_probability/netcdf_MSG_grid/2012/05/05/20120505_S1125_E1126_MHS_noaa19_MSGgrid.nc
There was a key error (probably due to hail class and nans) in file:  /data/sat/products/PMW_sats/MWCCH_hail_probability/netcdf_MSG_grid/2012/05/05/20120505_S1125_E1126_MHS_noaa19_MSGgrid.nc
There was a key error (probably due to hail class and nans) in file:  /data/sat/products/PMW_sats/MWCCH_hail_probability/netcdf_MSG_grid/2012/05/05/20120505_S1125_E1126_MHS_noaa19_MSGgrid.nc
There was a key error (probably due to hail class and nans) in file:  /data/sat/products/PMW_sats/MWCCH_hail_probability/netcdf_MSG_grid/2012/05/05/20120505_S1125_E1126_MHS_noaa19_MSGgrid.nc
There was a key error (probably due to hail class and nans) in file:  /data/sat/products/PMW_sats/MWCCH_hail_probability/netcdf_MSG_grid/2012/05/05/20120505_S1125_E1126_MHS_noaa19_MSGgrid.nc
There was a key error (probably due to hail class and nans) in file:  /data/sat/products/PMW_sats/MWCCH_hail_probability/netcdf_MSG_grid/2012/05/05/20120505_S1125_E1126_MHS_noaa19_MSGgrid.nc
There was a key error (probably due to hail class and nans) in file:  /data/sat/products/PMW_sats/MWCCH_hail_probability/netcdf_MSG_grid/2012/05/05/20120505_S1125_E1126_MHS_noaa19_MSGgrid.nc
There was a key error (probably due to hail class and nans) in file:  /data/sat/products/PMW_sats/MWCCH_hail_probability/netcdf_MSG_grid/2012/05/05/20120505_S1125_E1126_MHS_noaa19_MSGgrid.nc
There was a key error (probably due to hail class and nans) in file:  /data/sat/products/PMW_sats/MWCCH_hail_probability/netcdf_MSG_grid/2012/05/05/20120505_S1125_E1126_MHS_noaa19_MSGgrid.nc
There was a key error (probably due to hail class and nans) in file:  /data/sat/products/PMW_sats/MWCCH_hail_probability/netcdf_MSG_grid/2012/05/05/20120505_S1125_E1126_MHS_noaa19_MSGgrid.nc
There was a key error (probably due to hail class and nans) in file:  /data/sat/products/PMW_sats/MWCCH_hail_probability/netcdf_MSG_grid/2012/05/05/20120505_S1125_E1126_MHS_noaa19_MSGgrid.nc
14000
There was a key error (probably due to hail class and nans) in file:  /data/sat/products/PMW_sats/MWCCH_hail_probability/netcdf_MSG_grid/2012/05/22/20120522_S1504_E1504_SSMIS_f17_MSGgrid.nc
There was a key error (probably due to hail class and nans) in file:  /data/sat/products/PMW_sats/MWCCH_hail_probability/netcdf_MSG_grid/2012/05/22/20120522_S1504_E1504_SSMIS_f17_MSGgrid.nc
There was a key error (probably due to hail class and nans) in file:  /data/sat/products/PMW_sats/MWCCH_hail_probability/netcdf_MSG_grid/2012/05/22/20120522_S1504_E1504_SSMIS_f17_MSGgrid.nc
There was a key error (probably due to hail class and nans) in file:  /data/sat/products/PMW_sats/MWCCH_hail_probability/netcdf_MSG_grid/2012/05/22/20120522_S1504_E1504_SSMIS_f17_MSGgrid.nc
There was a key error (probably due to hail class and nans) in file:  /data/sat/products/PMW_sats/MWCCH_hail_probability/netcdf_MSG_grid/2012/05/22/20120522_S1504_E1504_SSMIS_f17_MSGgrid.nc
There was a key error (probably due to hail class and nans) in file:  /data/sat/products/PMW_sats/MWCCH_hail_probability/netcdf_MSG_grid/2012/05/22/20120522_S1504_E1504_SSMIS_f17_MSGgrid.nc
There was a key error (probably due to hail class and nans) in file:  /data/sat/products/PMW_sats/MWCCH_hail_probability/netcdf_MSG_grid/2012/05/22/20120522_S1504_E1504_SSMIS_f17_MSGgrid.nc
There was a key error (probably due to hail class and nans) in file:  /data/sat/products/PMW_sats/MWCCH_hail_probability/netcdf_MSG_grid/2012/05/22/20120522_S1504_E1504_SSMIS_f17_MSGgrid.nc
There was a key error (probably due to hail class and nans) in file:  /data/sat/products/PMW_sats/MWCCH_hail_probability/netcdf_MSG_grid/2012/05/25/20120525_S1745_E1745_SSMIS_f16_MSGgrid.nc
There was a key error (probably due to hail class and nans) in file:  /data/sat/products/PMW_sats/MWCCH_hail_probability/netcdf_MSG_grid/2012/05/25/20120525_S1745_E1745_SSMIS_f16_MSGgrid.nc
There was a key error (probably due to hail class and nans) in file:  /data/sat/products/PMW_sats/MWCCH_hail_probability/netcdf_MSG_grid/2012/05/25/20120525_S1745_E1745_SSMIS_f16_MSGgrid.nc
There was a key error (probably due to hail class and nans) in file:  /data/sat/products/PMW_sats/MWCCH_hail_probability/netcdf_MSG_grid/2012/05/25/20120525_S1745_E1745_SSMIS_f16_MSGgrid.nc
There was a key error (probably due to hail class and nans) in file:  /data/sat/products/PMW_sats/MWCCH_hail_probability/netcdf_MSG_grid/2012/05/25/20120525_S1745_E1745_SSMIS_f16_MSGgrid.nc
There was a key error (probably due to hail class and nans) in file:  /data/sat/products/PMW_sats/MWCCH_hail_probability/netcdf_MSG_grid/2012/05/25/20120525_S1745_E1745_SSMIS_f16_MSGgrid.nc
There was a key error (probably due to hail class and nans) in file:  /data/sat/products/PMW_sats/MWCCH_hail_probability/netcdf_MSG_grid/2012/05/25/20120525_S1745_E1745_SSMIS_f16_MSGgrid.nc
There was a key error (probably due to hail class and nans) in file:  /data/sat/products/PMW_sats/MWCCH_hail_probability/netcdf_MSG_grid/2012/05/25/20120525_S1745_E1745_SSMIS_f16_MSGgrid.nc
There was a key error (probably due to hail class and nans) in file:  /data/sat/products/PMW_sats/MWCCH_hail_probability/netcdf_MSG_grid/2012/05/25/20120525_S1745_E1745_SSMIS_f16_MSGgrid.nc
There was a key error (probably due to hail class and nans) in file:  /data/sat/products/PMW_sats/MWCCH_hail_probability/netcdf_MSG_grid/2012/05/25/20120525_S1745_E1745_SSMIS_f16_MSGgrid.nc
There was a key error (probably due to hail class and nans) in file:  /data/sat/products/PMW_sats/MWCCH_hail_probability/netcdf_MSG_grid/2012/05/25/20120525_S1745_E1745_SSMIS_f16_MSGgrid.nc
There was a key error (probably due to hail class and nans) in file:  /data/sat/products/PMW_sats/MWCCH_hail_probability/netcdf_MSG_grid/2012/05/25/20120525_S1745_E1745_SSMIS_f16_MSGgrid.nc
There was a key error (probably due to hail class and nans) in file:  /data/sat/products/PMW_sats/MWCCH_hail_probability/netcdf_MSG_grid/2012/05/27/20120527_S1410_E1410_MHS_noaa18_MSGgrid.nc
There was a key error (probably due to hail class and nans) in file:  /data/sat/products/PMW_sats/MWCCH_hail_probability/netcdf_MSG_grid/2012/05/27/20120527_S1410_E1410_MHS_noaa18_MSGgrid.nc
There was a key error (probably due to hail class and nans) in file:  /data/sat/products/PMW_sats/MWCCH_hail_probability/netcdf_MSG_grid/2012/05/27/20120527_S1410_E1410_MHS_noaa18_MSGgrid.nc
There was a key error (probably due to hail class and nans) in file:  /data/sat/products/PMW_sats/MWCCH_hail_probability/netcdf_MSG_grid/2012/05/27/20120527_S1410_E1410_MHS_noaa18_MSGgrid.nc
There was a key error (probably due to hail class and nans) in file:  /data/sat/products/PMW_sats/MWCCH_hail_probability/netcdf_MSG_grid/2012/05/27/20120527_S1410_E1410_MHS_noaa18_MSGgrid.nc
There was a key error (probably due to hail class and nans) in file:  /data/sat/products/PMW_sats/MWCCH_hail_probability/netcdf_MSG_grid/2012/05/27/20120527_S1410_E1410_MHS_noaa18_MSGgrid.nc
There was a key error (probably due to hail class and nans) in file:  /data/sat/products/PMW_sats/MWCCH_hail_probability/netcdf_MSG_grid/2012/05/27/20120527_S1410_E1410_MHS_noaa18_MSGgrid.nc
There was a key error (probably due to hail class and nans) in file:  /data/sat/products/PMW_sats/MWCCH_hail_probability/netcdf_MSG_grid/2012/05/27/20120527_S1410_E1410_MHS_noaa18_MSGgrid.nc
There was a key error (probably due to hail class and nans) in file:  /data/sat/products/PMW_sats/MWCCH_hail_probability/netcdf_MSG_grid/2012/05/27/20120527_S1410_E1410_MHS_noaa18_MSGgrid.nc
There was a key error (probably due to hail class and nans) in file:  /data/sat/products/PMW_sats/MWCCH_hail_probability/netcdf_MSG_grid/2012/05/27/20120527_S1410_E1410_MHS_noaa18_MSGgrid.nc
There was a key error (probably due to hail class and nans) in file:  /data/sat/products/PMW_sats/MWCCH_hail_probability/netcdf_MSG_grid/2012/05/27/20120527_S1410_E1410_MHS_noaa18_MSGgrid.nc
There was a key error (probably due to hail class and nans) in file:  /data/sat/products/PMW_sats/MWCCH_hail_probability/netcdf_MSG_grid/2012/05/27/20120527_S1410_E1410_MHS_noaa18_MSGgrid.nc
There was a key error (probably due to hail class and nans) in file:  /data/sat/products/PMW_sats/MWCCH_hail_probability/netcdf_MSG_grid/2012/05/27/20120527_S1410_E1410_MHS_noaa18_MSGgrid.nc
There was a key error (probably due to hail class and nans) in file:  /data/sat/products/PMW_sats/MWCCH_hail_probability/netcdf_MSG_grid/2012/05/27/20120527_S1410_E1410_MHS_noaa18_MSGgrid.nc
There was a key error (probably due to hail class and nans) in file:  /data/sat/products/PMW_sats/MWCCH_hail_probability/netcdf_MSG_grid/2012/05/27/20120527_S1410_E1410_MHS_noaa18_MSGgrid.nc
There was a key error (probably due to hail class and nans) in file:  /data/sat/products/PMW_sats/MWCCH_hail_probability/netcdf_MSG_grid/2012/06/03/20120603_S1259_E1259_MHS_noaa19_MSGgrid.nc
There was a key error (probably due to hail class and nans) in file:  /data/sat/products/PMW_sats/MWCCH_hail_probability/netcdf_MSG_grid/2012/06/03/20120603_S1259_E1259_MHS_noaa19_MSGgrid.nc
There was a key error (probably due to hail class and nans) in file:  /data/sat/products/PMW_sats/MWCCH_hail_probability/netcdf_MSG_grid/2012/06/03/20120603_S1259_E1259_MHS_noaa19_MSGgrid.nc
There was a key error (probably due to hail class and nans) in file:  /data/sat/products/PMW_sats/MWCCH_hail_probability/netcdf_MSG_grid/2012/06/03/20120603_S1259_E1259_MHS_noaa19_MSGgrid.nc
There was a key error (probably due to hail class and nans) in file:  /data/sat/products/PMW_sats/MWCCH_hail_probability/netcdf_MSG_grid/2012/06/03/20120603_S1259_E1259_MHS_noaa19_MSGgrid.nc
There was a key error (probably due to hail class and nans) in file:  /data/sat/products/PMW_sats/MWCCH_hail_probability/netcdf_MSG_grid/2012/06/03/20120603_S1259_E1259_MHS_noaa19_MSGgrid.nc
There was a key error (probably due to hail class and nans) in file:  /data/sat/products/PMW_sats/MWCCH_hail_probability/netcdf_MSG_grid/2012/06/03/20120603_S1259_E1259_MHS_noaa19_MSGgrid.nc
There was a key error (probably due to hail class and nans) in file:  /data/sat/products/PMW_sats/MWCCH_hail_probability/netcdf_MSG_grid/2012/06/03/20120603_S1259_E1259_MHS_noaa19_MSGgrid.nc
There was a key error (probably due to hail class and nans) in file:  /data/sat/products/PMW_sats/MWCCH_hail_probability/netcdf_MSG_grid/2012/06/03/20120603_S1259_E1259_MHS_noaa19_MSGgrid.nc
There was a key error (probably due to hail class and nans) in file:  /data/sat/products/PMW_sats/MWCCH_hail_probability/netcdf_MSG_grid/2012/06/03/20120603_S1259_E1259_MHS_noaa19_MSGgrid.nc
There was a key error (probably due to hail class and nans) in file:  /data/sat/products/PMW_sats/MWCCH_hail_probability/netcdf_MSG_grid/2012/06/03/20120603_S1259_E1259_MHS_noaa19_MSGgrid.nc
There was a key error (probably due to hail class and nans) in file:  /data/sat/products/PMW_sats/MWCCH_hail_probability/netcdf_MSG_grid/2012/06/03/20120603_S1259_E1259_MHS_noaa19_MSGgrid.nc
There was a key error (probably due to hail class and nans) in file:  /data/sat/products/PMW_sats/MWCCH_hail_probability/netcdf_MSG_grid/2012/06/03/20120603_S1259_E1259_MHS_noaa19_MSGgrid.nc
There was a key error (probably due to hail class and nans) in file:  /data/sat/products/PMW_sats/MWCCH_hail_probability/netcdf_MSG_grid/2012/06/03/20120603_S1259_E1259_MHS_noaa19_MSGgrid.nc
There was a key error (probably due to hail class and nans) in file:  /data/sat/products/PMW_sats/MWCCH_hail_probability/netcdf_MSG_grid/2012/06/03/20120603_S1259_E1259_MHS_noaa19_MSGgrid.nc
There was a key error (probably due to hail class and nans) in file:  /data/sat/products/PMW_sats/MWCCH_hail_probability/netcdf_MSG_grid/2012/06/03/20120603_S1259_E1259_MHS_noaa19_MSGgrid.nc
There was a key error (probably due to hail class and nans) in file:  /data/sat/products/PMW_sats/MWCCH_hail_probability/netcdf_MSG_grid/2012/06/03/20120603_S1259_E1259_MHS_noaa19_MSGgrid.nc
There was a key error (probably due to hail class and nans) in file:  /data/sat/products/PMW_sats/MWCCH_hail_probability/netcdf_MSG_grid/2012/06/13/20120613_S1254_E1254_MHS_noaa19_MSGgrid.nc
There was a key error (probably due to hail class and nans) in file:  /data/sat/products/PMW_sats/MWCCH_hail_probability/netcdf_MSG_grid/2012/06/13/20120613_S1254_E1254_MHS_noaa19_MSGgrid.nc
There was a key error (probably due to hail class and nans) in file:  /data/sat/products/PMW_sats/MWCCH_hail_probability/netcdf_MSG_grid/2012/06/13/20120613_S1254_E1254_MHS_noaa19_MSGgrid.nc
There was a key error (probably due to hail class and nans) in file:  /data/sat/products/PMW_sats/MWCCH_hail_probability/netcdf_MSG_grid/2012/06/13/20120613_S1254_E1254_MHS_noaa19_MSGgrid.nc
There was a key error (probably due to hail class and nans) in file:  /data/sat/products/PMW_sats/MWCCH_hail_probability/netcdf_MSG_grid/2012/06/13/20120613_S1254_E1254_MHS_noaa19_MSGgrid.nc
There was a key error (probably due to hail class and nans) in file:  /data/sat/products/PMW_sats/MWCCH_hail_probability/netcdf_MSG_grid/2012/06/13/20120613_S1254_E1254_MHS_noaa19_MSGgrid.nc
There was a key error (probably due to hail class and nans) in file:  /data/sat/products/PMW_sats/MWCCH_hail_probability/netcdf_MSG_grid/2012/06/13/20120613_S1254_E1254_MHS_noaa19_MSGgrid.nc
There was a key error (probably due to hail class and nans) in file:  /data/sat/products/PMW_sats/MWCCH_hail_probability/netcdf_MSG_grid/2012/06/13/20120613_S1254_E1254_MHS_noaa19_MSGgrid.nc
There was a key error (probably due to hail class and nans) in file:  /data/sat/products/PMW_sats/MWCCH_hail_probability/netcdf_MSG_grid/2012/06/13/20120613_S1254_E1254_MHS_noaa19_MSGgrid.nc
There was a key error (probably due to hail class and nans) in file:  /data/sat/products/PMW_sats/MWCCH_hail_probability/netcdf_MSG_grid/2012/06/13/20120613_S1254_E1254_MHS_noaa19_MSGgrid.nc
There was a key error (probably due to hail class and nans) in file:  /data/sat/products/PMW_sats/MWCCH_hail_probability/netcdf_MSG_grid/2012/06/13/20120613_S1254_E1254_MHS_noaa19_MSGgrid.nc
There was a key error (probably due to hail class and nans) in file:  /data/sat/products/PMW_sats/MWCCH_hail_probability/netcdf_MSG_grid/2012/06/13/20120613_S1254_E1254_MHS_noaa19_MSGgrid.nc
There was a key error (probably due to hail class and nans) in file:  /data/sat/products/PMW_sats/MWCCH_hail_probability/netcdf_MSG_grid/2012/06/13/20120613_S1254_E1254_MHS_noaa19_MSGgrid.nc
There was a key error (probably due to hail class and nans) in file:  /data/sat/products/PMW_sats/MWCCH_hail_probability/netcdf_MSG_grid/2012/06/13/20120613_S1254_E1254_MHS_noaa19_MSGgrid.nc
There was a key error (probably due to hail class and nans) in file:  /data/sat/products/PMW_sats/MWCCH_hail_probability/netcdf_MSG_grid/2012/06/13/20120613_S1254_E1254_MHS_noaa19_MSGgrid.nc
There was a key error (probably due to hail class and nans) in file:  /data/sat/products/PMW_sats/MWCCH_hail_probability/netcdf_MSG_grid/2012/06/13/20120613_S1254_E1254_MHS_noaa19_MSGgrid.nc
There was a key error (probably due to hail class and nans) in file:  /data/sat/products/PMW_sats/MWCCH_hail_probability/netcdf_MSG_grid/2012/06/14/20120614_S0703_E0703_SSMIS_f16_MSGgrid.nc
There was a key error (probably due to hail class and nans) in file:  /data/sat/products/PMW_sats/MWCCH_hail_probability/netcdf_MSG_grid/2012/06/14/20120614_S0703_E0703_SSMIS_f16_MSGgrid.nc
There was a key error (probably due to hail class and nans) in file:  /data/sat/products/PMW_sats/MWCCH_hail_probability/netcdf_MSG_grid/2012/06/14/20120614_S0703_E0703_SSMIS_f16_MSGgrid.nc
There was a key error (probably due to hail class and nans) in file:  /data/sat/products/PMW_sats/MWCCH_hail_probability/netcdf_MSG_grid/2012/06/14/20120614_S0703_E0703_SSMIS_f16_MSGgrid.nc
There was a key error (probably due to hail class and nans) in file:  /data/sat/products/PMW_sats/MWCCH_hail_probability/netcdf_MSG_grid/2012/06/14/20120614_S0703_E0703_SSMIS_f16_MSGgrid.nc
There was a key error (probably due to hail class and nans) in file:  /data/sat/products/PMW_sats/MWCCH_hail_probability/netcdf_MSG_grid/2012/06/14/20120614_S0703_E0703_SSMIS_f16_MSGgrid.nc
There was a key error (probably due to hail class and nans) in file:  /data/sat/products/PMW_sats/MWCCH_hail_probability/netcdf_MSG_grid/2012/06/14/20120614_S0703_E0703_SSMIS_f16_MSGgrid.nc
There was a key error (probably due to hail class and nans) in file:  /data/sat/products/PMW_sats/MWCCH_hail_probability/netcdf_MSG_grid/2012/06/14/20120614_S0703_E0703_SSMIS_f16_MSGgrid.nc
There was a key error (probably due to hail class and nans) in file:  /data/sat/products/PMW_sats/MWCCH_hail_probability/netcdf_MSG_grid/2012/06/22/20120622_S0840_E0841_MHS_meto02_MSGgrid.nc
There was a key error (probably due to hail class and nans) in file:  /data/sat/products/PMW_sats/MWCCH_hail_probability/netcdf_MSG_grid/2012/06/22/20120622_S0840_E0841_MHS_meto02_MSGgrid.nc
There was a key error (probably due to hail class and nans) in file:  /data/sat/products/PMW_sats/MWCCH_hail_probability/netcdf_MSG_grid/2012/06/22/20120622_S0840_E0841_MHS_meto02_MSGgrid.nc
There was a key error (probably due to hail class and nans) in file:  /data/sat/products/PMW_sats/MWCCH_hail_probability/netcdf_MSG_grid/2012/06/22/20120622_S0840_E0841_MHS_meto02_MSGgrid.nc
There was a key error (probably due to hail class and nans) in file:  /data/sat/products/PMW_sats/MWCCH_hail_probability/netcdf_MSG_grid/2012/06/22/20120622_S0840_E0841_MHS_meto02_MSGgrid.nc
There was a key error (probably due to hail class and nans) in file:  /data/sat/products/PMW_sats/MWCCH_hail_probability/netcdf_MSG_grid/2012/06/22/20120622_S0840_E0841_MHS_meto02_MSGgrid.nc
There was a key error (probably due to hail class and nans) in file:  /data/sat/products/PMW_sats/MWCCH_hail_probability/netcdf_MSG_grid/2012/06/22/20120622_S0840_E0841_MHS_meto02_MSGgrid.nc
There was a key error (probably due to hail class and nans) in file:  /data/sat/products/PMW_sats/MWCCH_hail_probability/netcdf_MSG_grid/2012/06/22/20120622_S0840_E0841_MHS_meto02_MSGgrid.nc
There was a key error (probably due to hail class and nans) in file:  /data/sat/products/PMW_sats/MWCCH_hail_probability/netcdf_MSG_grid/2012/06/22/20120622_S0840_E0841_MHS_meto02_MSGgrid.nc
There was a key error (probably due to hail class and nans) in file:  /data/sat/products/PMW_sats/MWCCH_hail_probability/netcdf_MSG_grid/2012/06/22/20120622_S0840_E0841_MHS_meto02_MSGgrid.nc
There was a key error (probably due to hail class and nans) in file:  /data/sat/products/PMW_sats/MWCCH_hail_probability/netcdf_MSG_grid/2012/06/22/20120622_S0840_E0841_MHS_meto02_MSGgrid.nc
There was a key error (probably due to hail class and nans) in file:  /data/sat/products/PMW_sats/MWCCH_hail_probability/netcdf_MSG_grid/2012/06/22/20120622_S0840_E0841_MHS_meto02_MSGgrid.nc
There was a key error (probably due to hail class and nans) in file:  /data/sat/products/PMW_sats/MWCCH_hail_probability/netcdf_MSG_grid/2012/06/22/20120622_S0840_E0841_MHS_meto02_MSGgrid.nc
There was a key error (probably due to hail class and nans) in file:  /data/sat/products/PMW_sats/MWCCH_hail_probability/netcdf_MSG_grid/2012/06/22/20120622_S0840_E0841_MHS_meto02_MSGgrid.nc
There was a key error (probably due to hail class and nans) in file:  /data/sat/products/PMW_sats/MWCCH_hail_probability/netcdf_MSG_grid/2012/06/22/20120622_S0840_E0841_MHS_meto02_MSGgrid.nc
There was a key error (probably due to hail class and nans) in file:  /data/sat/products/PMW_sats/MWCCH_hail_probability/netcdf_MSG_grid/2012/07/16/20120716_S1506_E1506_SSMIS_f17_MSGgrid.nc
There was a key error (probably due to hail class and nans) in file:  /data/sat/products/PMW_sats/MWCCH_hail_probability/netcdf_MSG_grid/2012/07/16/20120716_S1506_E1506_SSMIS_f17_MSGgrid.nc
There was a key error (probably due to hail class and nans) in file:  /data/sat/products/PMW_sats/MWCCH_hail_probability/netcdf_MSG_grid/2012/07/16/20120716_S1506_E1506_SSMIS_f17_MSGgrid.nc
There was a key error (probably due to hail class and nans) in file:  /data/sat/products/PMW_sats/MWCCH_hail_probability/netcdf_MSG_grid/2012/07/16/20120716_S1506_E1506_SSMIS_f17_MSGgrid.nc
There was a key error (probably due to hail class and nans) in file:  /data/sat/products/PMW_sats/MWCCH_hail_probability/netcdf_MSG_grid/2012/07/16/20120716_S1506_E1506_SSMIS_f17_MSGgrid.nc
15000
There was a key error (probably due to hail class and nans) in file:  /data/sat/products/PMW_sats/MWCCH_hail_probability/netcdf_MSG_grid/2013/04/24/20130424_S1714_E1714_SSMIS_f16_MSGgrid.nc
There was a key error (probably due to hail class and nans) in file:  /data/sat/products/PMW_sats/MWCCH_hail_probability/netcdf_MSG_grid/2013/04/24/20130424_S1714_E1714_SSMIS_f16_MSGgrid.nc
There was a key error (probably due to hail class and nans) in file:  /data/sat/products/PMW_sats/MWCCH_hail_probability/netcdf_MSG_grid/2013/04/24/20130424_S1714_E1714_SSMIS_f16_MSGgrid.nc
There was a key error (probably due to hail class and nans) in file:  /data/sat/products/PMW_sats/MWCCH_hail_probability/netcdf_MSG_grid/2013/04/24/20130424_S1714_E1714_SSMIS_f16_MSGgrid.nc
There was a key error (probably due to hail class and nans) in file:  /data/sat/products/PMW_sats/MWCCH_hail_probability/netcdf_MSG_grid/2013/04/24/20130424_S1714_E1714_SSMIS_f16_MSGgrid.nc
There was a key error (probably due to hail class and nans) in file:  /data/sat/products/PMW_sats/MWCCH_hail_probability/netcdf_MSG_grid/2013/04/24/20130424_S1714_E1714_SSMIS_f16_MSGgrid.nc
There was a key error (probably due to hail class and nans) in file:  /data/sat/products/PMW_sats/MWCCH_hail_probability/netcdf_MSG_grid/2013/04/24/20130424_S1714_E1714_SSMIS_f16_MSGgrid.nc
There was a key error (probably due to hail class and nans) in file:  /data/sat/products/PMW_sats/MWCCH_hail_probability/netcdf_MSG_grid/2013/04/24/20130424_S1714_E1714_SSMIS_f16_MSGgrid.nc
There was a key error (probably due to hail class and nans) in file:  /data/sat/products/PMW_sats/MWCCH_hail_probability/netcdf_MSG_grid/2013/04/24/20130424_S1714_E1714_SSMIS_f16_MSGgrid.nc
There was a key error (probably due to hail class and nans) in file:  /data/sat/products/PMW_sats/MWCCH_hail_probability/netcdf_MSG_grid/2013/04/24/20130424_S1714_E1714_SSMIS_f16_MSGgrid.nc
There was a key error (probably due to hail class and nans) in file:  /data/sat/products/PMW_sats/MWCCH_hail_probability/netcdf_MSG_grid/2013/04/24/20130424_S1714_E1714_SSMIS_f16_MSGgrid.nc
There was a key error (probably due to hail class and nans) in file:  /data/sat/products/PMW_sats/MWCCH_hail_probability/netcdf_MSG_grid/2013/04/27/20130427_S1443_E1444_MHS_noaa18_MSGgrid.nc
There was a key error (probably due to hail class and nans) in file:  /data/sat/products/PMW_sats/MWCCH_hail_probability/netcdf_MSG_grid/2013/04/27/20130427_S1443_E1444_MHS_noaa18_MSGgrid.nc
There was a key error (probably due to hail class and nans) in file:  /data/sat/products/PMW_sats/MWCCH_hail_probability/netcdf_MSG_grid/2013/04/27/20130427_S1443_E1444_MHS_noaa18_MSGgrid.nc
There was a key error (probably due to hail class and nans) in file:  /data/sat/products/PMW_sats/MWCCH_hail_probability/netcdf_MSG_grid/2013/04/27/20130427_S1443_E1444_MHS_noaa18_MSGgrid.nc
There was a key error (probably due to hail class and nans) in file:  /data/sat/products/PMW_sats/MWCCH_hail_probability/netcdf_MSG_grid/2013/04/27/20130427_S1443_E1444_MHS_noaa18_MSGgrid.nc
There was a key error (probably due to hail class and nans) in file:  /data/sat/products/PMW_sats/MWCCH_hail_probability/netcdf_MSG_grid/2013/04/27/20130427_S1443_E1444_MHS_noaa18_MSGgrid.nc
There was a key error (probably due to hail class and nans) in file:  /data/sat/products/PMW_sats/MWCCH_hail_probability/netcdf_MSG_grid/2013/04/27/20130427_S1443_E1444_MHS_noaa18_MSGgrid.nc
There was a key error (probably due to hail class and nans) in file:  /data/sat/products/PMW_sats/MWCCH_hail_probability/netcdf_MSG_grid/2013/04/27/20130427_S1443_E1444_MHS_noaa18_MSGgrid.nc
There was a key error (probably due to hail class and nans) in file:  /data/sat/products/PMW_sats/MWCCH_hail_probability/netcdf_MSG_grid/2013/04/27/20130427_S1443_E1444_MHS_noaa18_MSGgrid.nc
There was a key error (probably due to hail class and nans) in file:  /data/sat/products/PMW_sats/MWCCH_hail_probability/netcdf_MSG_grid/2013/04/27/20130427_S1443_E1444_MHS_noaa18_MSGgrid.nc
There was a key error (probably due to hail class and nans) in file:  /data/sat/products/PMW_sats/MWCCH_hail_probability/netcdf_MSG_grid/2013/04/27/20130427_S1443_E1444_MHS_noaa18_MSGgrid.nc
There was a key error (probably due to hail class and nans) in file:  /data/sat/products/PMW_sats/MWCCH_hail_probability/netcdf_MSG_grid/2013/04/27/20130427_S1443_E1444_MHS_noaa18_MSGgrid.nc
There was a key error (probably due to hail class and nans) in file:  /data/sat/products/PMW_sats/MWCCH_hail_probability/netcdf_MSG_grid/2013/04/27/20130427_S1443_E1444_MHS_noaa18_MSGgrid.nc
There was a key error (probably due to hail class and nans) in file:  /data/sat/products/PMW_sats/MWCCH_hail_probability/netcdf_MSG_grid/2013/04/27/20130427_S1443_E1444_MHS_noaa18_MSGgrid.nc
There was a key error (probably due to hail class and nans) in file:  /data/sat/products/PMW_sats/MWCCH_hail_probability/netcdf_MSG_grid/2013/04/27/20130427_S1443_E1444_MHS_noaa18_MSGgrid.nc
There was a key error (probably due to hail class and nans) in file:  /data/sat/products/PMW_sats/MWCCH_hail_probability/netcdf_MSG_grid/2013/04/27/20130427_S1443_E1444_MHS_noaa18_MSGgrid.nc
16000
There was a key error (probably due to hail class and nans) in file:  /data/sat/products/PMW_sats/MWCCH_hail_probability/netcdf_MSG_grid/2013/05/12/20130512_S0837_E0837_MHS_meto02_MSGgrid.nc
There was a key error (probably due to hail class and nans) in file:  /data/sat/products/PMW_sats/MWCCH_hail_probability/netcdf_MSG_grid/2013/05/12/20130512_S0837_E0837_MHS_meto02_MSGgrid.nc
There was a key error (probably due to hail class and nans) in file:  /data/sat/products/PMW_sats/MWCCH_hail_probability/netcdf_MSG_grid/2013/05/12/20130512_S0837_E0837_MHS_meto02_MSGgrid.nc
There was a key error (probably due to hail class and nans) in file:  /data/sat/products/PMW_sats/MWCCH_hail_probability/netcdf_MSG_grid/2013/05/12/20130512_S0837_E0837_MHS_meto02_MSGgrid.nc
There was a key error (probably due to hail class and nans) in file:  /data/sat/products/PMW_sats/MWCCH_hail_probability/netcdf_MSG_grid/2013/05/12/20130512_S0837_E0837_MHS_meto02_MSGgrid.nc
There was a key error (probably due to hail class and nans) in file:  /data/sat/products/PMW_sats/MWCCH_hail_probability/netcdf_MSG_grid/2013/05/12/20130512_S0837_E0837_MHS_meto02_MSGgrid.nc
There was a key error (probably due to hail class and nans) in file:  /data/sat/products/PMW_sats/MWCCH_hail_probability/netcdf_MSG_grid/2013/06/01/20130601_S1002_E1002_MHS_meto02_MSGgrid.nc
There was a key error (probably due to hail class and nans) in file:  /data/sat/products/PMW_sats/MWCCH_hail_probability/netcdf_MSG_grid/2013/06/01/20130601_S1002_E1002_MHS_meto02_MSGgrid.nc
There was a key error (probably due to hail class and nans) in file:  /data/sat/products/PMW_sats/MWCCH_hail_probability/netcdf_MSG_grid/2013/06/01/20130601_S1002_E1002_MHS_meto02_MSGgrid.nc
There was a key error (probably due to hail class and nans) in file:  /data/sat/products/PMW_sats/MWCCH_hail_probability/netcdf_MSG_grid/2013/06/01/20130601_S1002_E1002_MHS_meto02_MSGgrid.nc
There was a key error (probably due to hail class and nans) in file:  /data/sat/products/PMW_sats/MWCCH_hail_probability/netcdf_MSG_grid/2013/06/01/20130601_S1002_E1002_MHS_meto02_MSGgrid.nc
There was a key error (probably due to hail class and nans) in file:  /data/sat/products/PMW_sats/MWCCH_hail_probability/netcdf_MSG_grid/2013/06/01/20130601_S1002_E1002_MHS_meto02_MSGgrid.nc
There was a key error (probably due to hail class and nans) in file:  /data/sat/products/PMW_sats/MWCCH_hail_probability/netcdf_MSG_grid/2013/06/01/20130601_S1002_E1002_MHS_meto02_MSGgrid.nc
There was a key error (probably due to hail class and nans) in file:  /data/sat/products/PMW_sats/MWCCH_hail_probability/netcdf_MSG_grid/2013/06/01/20130601_S1002_E1002_MHS_meto02_MSGgrid.nc
There was a key error (probably due to hail class and nans) in file:  /data/sat/products/PMW_sats/MWCCH_hail_probability/netcdf_MSG_grid/2013/06/01/20130601_S1002_E1002_MHS_meto02_MSGgrid.nc
There was a key error (probably due to hail class and nans) in file:  /data/sat/products/PMW_sats/MWCCH_hail_probability/netcdf_MSG_grid/2013/06/01/20130601_S1002_E1002_MHS_meto02_MSGgrid.nc
There was a key error (probably due to hail class and nans) in file:  /data/sat/products/PMW_sats/MWCCH_hail_probability/netcdf_MSG_grid/2013/06/01/20130601_S1002_E1002_MHS_meto02_MSGgrid.nc
There was a key error (probably due to hail class and nans) in file:  /data/sat/products/PMW_sats/MWCCH_hail_probability/netcdf_MSG_grid/2013/06/01/20130601_S1002_E1002_MHS_meto02_MSGgrid.nc
There was a key error (probably due to hail class and nans) in file:  /data/sat/products/PMW_sats/MWCCH_hail_probability/netcdf_MSG_grid/2013/06/01/20130601_S1002_E1002_MHS_meto02_MSGgrid.nc
There was a key error (probably due to hail class and nans) in file:  /data/sat/products/PMW_sats/MWCCH_hail_probability/netcdf_MSG_grid/2013/06/01/20130601_S1002_E1002_MHS_meto02_MSGgrid.nc
There was a key error (probably due to hail class and nans) in file:  /data/sat/products/PMW_sats/MWCCH_hail_probability/netcdf_MSG_grid/2013/06/01/20130601_S1002_E1002_MHS_meto02_MSGgrid.nc
There was a key error (probably due to hail class and nans) in file:  /data/sat/products/PMW_sats/MWCCH_hail_probability/netcdf_MSG_grid/2013/06/06/20130606_S0436_E0436_SSMIS_f17_MSGgrid.nc
There was a key error (probably due to hail class and nans) in file:  /data/sat/products/PMW_sats/MWCCH_hail_probability/netcdf_MSG_grid/2013/06/06/20130606_S0436_E0436_SSMIS_f17_MSGgrid.nc
There was a key error (probably due to hail class and nans) in file:  /data/sat/products/PMW_sats/MWCCH_hail_probability/netcdf_MSG_grid/2013/06/06/20130606_S0436_E0436_SSMIS_f17_MSGgrid.nc
There was a key error (probably due to hail class and nans) in file:  /data/sat/products/PMW_sats/MWCCH_hail_probability/netcdf_MSG_grid/2013/06/06/20130606_S0436_E0436_SSMIS_f17_MSGgrid.nc
There was a key error (probably due to hail class and nans) in file:  /data/sat/products/PMW_sats/MWCCH_hail_probability/netcdf_MSG_grid/2013/06/06/20130606_S0436_E0436_SSMIS_f17_MSGgrid.nc
There was a key error (probably due to hail class and nans) in file:  /data/sat/products/PMW_sats/MWCCH_hail_probability/netcdf_MSG_grid/2013/06/06/20130606_S0436_E0436_SSMIS_f17_MSGgrid.nc
There was a key error (probably due to hail class and nans) in file:  /data/sat/products/PMW_sats/MWCCH_hail_probability/netcdf_MSG_grid/2013/06/06/20130606_S0436_E0436_SSMIS_f17_MSGgrid.nc
There was a key error (probably due to hail class and nans) in file:  /data/sat/products/PMW_sats/MWCCH_hail_probability/netcdf_MSG_grid/2013/06/06/20130606_S0436_E0436_SSMIS_f17_MSGgrid.nc
There was a key error (probably due to hail class and nans) in file:  /data/sat/products/PMW_sats/MWCCH_hail_probability/netcdf_MSG_grid/2013/06/06/20130606_S0436_E0436_SSMIS_f17_MSGgrid.nc
There was a key error (probably due to hail class and nans) in file:  /data/sat/products/PMW_sats/MWCCH_hail_probability/netcdf_MSG_grid/2013/06/06/20130606_S0436_E0436_SSMIS_f17_MSGgrid.nc
There was a key error (probably due to hail class and nans) in file:  /data/sat/products/PMW_sats/MWCCH_hail_probability/netcdf_MSG_grid/2013/06/06/20130606_S0436_E0436_SSMIS_f17_MSGgrid.nc
There was a key error (probably due to hail class and nans) in file:  /data/sat/products/PMW_sats/MWCCH_hail_probability/netcdf_MSG_grid/2013/06/06/20130606_S0436_E0436_SSMIS_f17_MSGgrid.nc
There was a key error (probably due to hail class and nans) in file:  /data/sat/products/PMW_sats/MWCCH_hail_probability/netcdf_MSG_grid/2013/06/06/20130606_S0436_E0436_SSMIS_f17_MSGgrid.nc
There was a key error (probably due to hail class and nans) in file:  /data/sat/products/PMW_sats/MWCCH_hail_probability/netcdf_MSG_grid/2013/06/06/20130606_S0436_E0436_SSMIS_f17_MSGgrid.nc
There was a key error (probably due to hail class and nans) in file:  /data/sat/products/PMW_sats/MWCCH_hail_probability/netcdf_MSG_grid/2013/06/29/20130629_S2008_E2008_MHS_meto02_MSGgrid.nc
There was a key error (probably due to hail class and nans) in file:  /data/sat/products/PMW_sats/MWCCH_hail_probability/netcdf_MSG_grid/2013/06/29/20130629_S2008_E2008_MHS_meto02_MSGgrid.nc
There was a key error (probably due to hail class and nans) in file:  /data/sat/products/PMW_sats/MWCCH_hail_probability/netcdf_MSG_grid/2013/06/29/20130629_S2008_E2008_MHS_meto02_MSGgrid.nc
There was a key error (probably due to hail class and nans) in file:  /data/sat/products/PMW_sats/MWCCH_hail_probability/netcdf_MSG_grid/2013/06/29/20130629_S2008_E2008_MHS_meto02_MSGgrid.nc
There was a key error (probably due to hail class and nans) in file:  /data/sat/products/PMW_sats/MWCCH_hail_probability/netcdf_MSG_grid/2013/06/29/20130629_S2008_E2008_MHS_meto02_MSGgrid.nc
There was a key error (probably due to hail class and nans) in file:  /data/sat/products/PMW_sats/MWCCH_hail_probability/netcdf_MSG_grid/2013/06/29/20130629_S2008_E2008_MHS_meto02_MSGgrid.nc
There was a key error (probably due to hail class and nans) in file:  /data/sat/products/PMW_sats/MWCCH_hail_probability/netcdf_MSG_grid/2013/06/29/20130629_S2008_E2008_MHS_meto02_MSGgrid.nc
There was a key error (probably due to hail class and nans) in file:  /data/sat/products/PMW_sats/MWCCH_hail_probability/netcdf_MSG_grid/2013/06/29/20130629_S2008_E2008_MHS_meto02_MSGgrid.nc
There was a key error (probably due to hail class and nans) in file:  /data/sat/products/PMW_sats/MWCCH_hail_probability/netcdf_MSG_grid/2013/06/29/20130629_S2008_E2008_MHS_meto02_MSGgrid.nc
There was a key error (probably due to hail class and nans) in file:  /data/sat/products/PMW_sats/MWCCH_hail_probability/netcdf_MSG_grid/2013/06/29/20130629_S2008_E2008_MHS_meto02_MSGgrid.nc
There was a key error (probably due to hail class and nans) in file:  /data/sat/products/PMW_sats/MWCCH_hail_probability/netcdf_MSG_grid/2013/06/29/20130629_S2008_E2008_MHS_meto02_MSGgrid.nc
There was a key error (probably due to hail class and nans) in file:  /data/sat/products/PMW_sats/MWCCH_hail_probability/netcdf_MSG_grid/2013/06/29/20130629_S2008_E2008_MHS_meto02_MSGgrid.nc
There was a key error (probably due to hail class and nans) in file:  /data/sat/products/PMW_sats/MWCCH_hail_probability/netcdf_MSG_grid/2013/06/29/20130629_S2008_E2008_MHS_meto02_MSGgrid.nc
There was a key error (probably due to hail class and nans) in file:  /data/sat/products/PMW_sats/MWCCH_hail_probability/netcdf_MSG_grid/2013/06/29/20130629_S2008_E2008_MHS_meto02_MSGgrid.nc
There was a key error (probably due to hail class and nans) in file:  /data/sat/products/PMW_sats/MWCCH_hail_probability/netcdf_MSG_grid/2013/06/29/20130629_S2008_E2008_MHS_meto02_MSGgrid.nc
There was a key error (probably due to hail class and nans) in file:  /data/sat/products/PMW_sats/MWCCH_hail_probability/netcdf_MSG_grid/2013/06/29/20130629_S2008_E2008_MHS_meto02_MSGgrid.nc
There was a key error (probably due to hail class and nans) in file:  /data/sat/products/PMW_sats/MWCCH_hail_probability/netcdf_MSG_grid/2013/06/29/20130629_S2008_E2008_MHS_meto02_MSGgrid.nc
There was a key error (probably due to hail class and nans) in file:  /data/sat/products/PMW_sats/MWCCH_hail_probability/netcdf_MSG_grid/2013/07/08/20130708_S1440_E1440_SSMIS_f16_MSGgrid.nc
There was a key error (probably due to hail class and nans) in file:  /data/sat/products/PMW_sats/MWCCH_hail_probability/netcdf_MSG_grid/2013/07/08/20130708_S1440_E1440_SSMIS_f16_MSGgrid.nc
There was a key error (probably due to hail class and nans) in file:  /data/sat/products/PMW_sats/MWCCH_hail_probability/netcdf_MSG_grid/2013/07/08/20130708_S1440_E1440_SSMIS_f16_MSGgrid.nc
There was a key error (probably due to hail class and nans) in file:  /data/sat/products/PMW_sats/MWCCH_hail_probability/netcdf_MSG_grid/2013/07/08/20130708_S1440_E1440_SSMIS_f16_MSGgrid.nc
There was a key error (probably due to hail class and nans) in file:  /data/sat/products/PMW_sats/MWCCH_hail_probability/netcdf_MSG_grid/2013/07/08/20130708_S1440_E1440_SSMIS_f16_MSGgrid.nc
There was a key error (probably due to hail class and nans) in file:  /data/sat/products/PMW_sats/MWCCH_hail_probability/netcdf_MSG_grid/2013/07/08/20130708_S1440_E1440_SSMIS_f16_MSGgrid.nc
There was a key error (probably due to hail class and nans) in file:  /data/sat/products/PMW_sats/MWCCH_hail_probability/netcdf_MSG_grid/2013/07/08/20130708_S1440_E1440_SSMIS_f16_MSGgrid.nc
There was a key error (probably due to hail class and nans) in file:  /data/sat/products/PMW_sats/MWCCH_hail_probability/netcdf_MSG_grid/2013/07/08/20130708_S1440_E1440_SSMIS_f16_MSGgrid.nc
There was a key error (probably due to hail class and nans) in file:  /data/sat/products/PMW_sats/MWCCH_hail_probability/netcdf_MSG_grid/2013/07/08/20130708_S1440_E1440_SSMIS_f16_MSGgrid.nc
There was a key error (probably due to hail class and nans) in file:  /data/sat/products/PMW_sats/MWCCH_hail_probability/netcdf_MSG_grid/2013/07/08/20130708_S1440_E1440_SSMIS_f16_MSGgrid.nc
There was a key error (probably due to hail class and nans) in file:  /data/sat/products/PMW_sats/MWCCH_hail_probability/netcdf_MSG_grid/2013/07/08/20130708_S1440_E1440_SSMIS_f16_MSGgrid.nc
There was a key error (probably due to hail class and nans) in file:  /data/sat/products/PMW_sats/MWCCH_hail_probability/netcdf_MSG_grid/2013/07/08/20130708_S1440_E1440_SSMIS_f16_MSGgrid.nc
There was a key error (probably due to hail class and nans) in file:  /data/sat/products/PMW_sats/MWCCH_hail_probability/netcdf_MSG_grid/2013/07/08/20130708_S1440_E1440_SSMIS_f16_MSGgrid.nc
There was a key error (probably due to hail class and nans) in file:  /data/sat/products/PMW_sats/MWCCH_hail_probability/netcdf_MSG_grid/2013/07/19/20130719_S0214_E0215_ATMS_npp_MSGgrid.nc
There was a key error (probably due to hail class and nans) in file:  /data/sat/products/PMW_sats/MWCCH_hail_probability/netcdf_MSG_grid/2013/07/19/20130719_S0214_E0215_ATMS_npp_MSGgrid.nc
There was a key error (probably due to hail class and nans) in file:  /data/sat/products/PMW_sats/MWCCH_hail_probability/netcdf_MSG_grid/2013/07/19/20130719_S0214_E0215_ATMS_npp_MSGgrid.nc
There was a key error (probably due to hail class and nans) in file:  /data/sat/products/PMW_sats/MWCCH_hail_probability/netcdf_MSG_grid/2013/07/19/20130719_S0214_E0215_ATMS_npp_MSGgrid.nc
There was a key error (probably due to hail class and nans) in file:  /data/sat/products/PMW_sats/MWCCH_hail_probability/netcdf_MSG_grid/2013/07/19/20130719_S0214_E0215_ATMS_npp_MSGgrid.nc
There was a key error (probably due to hail class and nans) in file:  /data/sat/products/PMW_sats/MWCCH_hail_probability/netcdf_MSG_grid/2013/07/19/20130719_S0214_E0215_ATMS_npp_MSGgrid.nc
There was a key error (probably due to hail class and nans) in file:  /data/sat/products/PMW_sats/MWCCH_hail_probability/netcdf_MSG_grid/2013/07/19/20130719_S0214_E0215_ATMS_npp_MSGgrid.nc
There was a key error (probably due to hail class and nans) in file:  /data/sat/products/PMW_sats/MWCCH_hail_probability/netcdf_MSG_grid/2013/07/19/20130719_S0214_E0215_ATMS_npp_MSGgrid.nc
There was a key error (probably due to hail class and nans) in file:  /data/sat/products/PMW_sats/MWCCH_hail_probability/netcdf_MSG_grid/2013/07/19/20130719_S0214_E0215_ATMS_npp_MSGgrid.nc
There was a key error (probably due to hail class and nans) in file:  /data/sat/products/PMW_sats/MWCCH_hail_probability/netcdf_MSG_grid/2013/07/19/20130719_S0214_E0215_ATMS_npp_MSGgrid.nc
There was a key error (probably due to hail class and nans) in file:  /data/sat/products/PMW_sats/MWCCH_hail_probability/netcdf_MSG_grid/2013/07/19/20130719_S0214_E0215_ATMS_npp_MSGgrid.nc
There was a key error (probably due to hail class and nans) in file:  /data/sat/products/PMW_sats/MWCCH_hail_probability/netcdf_MSG_grid/2013/07/19/20130719_S0214_E0215_ATMS_npp_MSGgrid.nc
There was a key error (probably due to hail class and nans) in file:  /data/sat/products/PMW_sats/MWCCH_hail_probability/netcdf_MSG_grid/2013/07/19/20130719_S0214_E0215_ATMS_npp_MSGgrid.nc
There was a key error (probably due to hail class and nans) in file:  /data/sat/products/PMW_sats/MWCCH_hail_probability/netcdf_MSG_grid/2013/07/19/20130719_S0214_E0215_ATMS_npp_MSGgrid.nc
There was a key error (probably due to hail class and nans) in file:  /data/sat/products/PMW_sats/MWCCH_hail_probability/netcdf_MSG_grid/2013/07/19/20130719_S0214_E0215_ATMS_npp_MSGgrid.nc
There was a key error (probably due to hail class and nans) in file:  /data/sat/products/PMW_sats/MWCCH_hail_probability/netcdf_MSG_grid/2013/07/19/20130719_S0214_E0215_ATMS_npp_MSGgrid.nc
There was a key error (probably due to hail class and nans) in file:  /data/sat/products/PMW_sats/MWCCH_hail_probability/netcdf_MSG_grid/2013/07/19/20130719_S0214_E0215_ATMS_npp_MSGgrid.nc
There was a key error (probably due to hail class and nans) in file:  /data/sat/products/PMW_sats/MWCCH_hail_probability/netcdf_MSG_grid/2013/07/19/20130719_S0214_E0215_ATMS_npp_MSGgrid.nc
There was a key error (probably due to hail class and nans) in file:  /data/sat/products/PMW_sats/MWCCH_hail_probability/netcdf_MSG_grid/2013/07/19/20130719_S0214_E0215_ATMS_npp_MSGgrid.nc
17000
There was a key error (probably due to hail class and nans) in file:  /data/sat/products/PMW_sats/MWCCH_hail_probability/netcdf_MSG_grid/2013/08/09/20130809_S0624_E0624_SSMIS_f16_MSGgrid.nc
There was a key error (probably due to hail class and nans) in file:  /data/sat/products/PMW_sats/MWCCH_hail_probability/netcdf_MSG_grid/2013/09/08/20130908_S1009_E1009_MHS_meto01_MSGgrid.nc
There was a key error (probably due to hail class and nans) in file:  /data/sat/products/PMW_sats/MWCCH_hail_probability/netcdf_MSG_grid/2013/09/08/20130908_S1009_E1009_MHS_meto01_MSGgrid.nc
There was a key error (probably due to hail class and nans) in file:  /data/sat/products/PMW_sats/MWCCH_hail_probability/netcdf_MSG_grid/2013/09/08/20130908_S1009_E1009_MHS_meto01_MSGgrid.nc
There was a key error (probably due to hail class and nans) in file:  /data/sat/products/PMW_sats/MWCCH_hail_probability/netcdf_MSG_grid/2013/09/08/20130908_S1009_E1009_MHS_meto01_MSGgrid.nc
There was a key error (probably due to hail class and nans) in file:  /data/sat/products/PMW_sats/MWCCH_hail_probability/netcdf_MSG_grid/2013/09/08/20130908_S1009_E1009_MHS_meto01_MSGgrid.nc
There was a key error (probably due to hail class and nans) in file:  /data/sat/products/PMW_sats/MWCCH_hail_probability/netcdf_MSG_grid/2013/09/08/20130908_S1009_E1009_MHS_meto01_MSGgrid.nc
There was a key error (probably due to hail class and nans) in file:  /data/sat/products/PMW_sats/MWCCH_hail_probability/netcdf_MSG_grid/2013/09/08/20130908_S1009_E1009_MHS_meto01_MSGgrid.nc
There was a key error (probably due to hail class and nans) in file:  /data/sat/products/PMW_sats/MWCCH_hail_probability/netcdf_MSG_grid/2013/09/08/20130908_S1009_E1009_MHS_meto01_MSGgrid.nc
There was a key error (probably due to hail class and nans) in file:  /data/sat/products/PMW_sats/MWCCH_hail_probability/netcdf_MSG_grid/2013/09/09/20130909_S0053_E0053_MHS_noaa19_MSGgrid.nc
There was a key error (probably due to hail class and nans) in file:  /data/sat/products/PMW_sats/MWCCH_hail_probability/netcdf_MSG_grid/2013/09/09/20130909_S0053_E0053_MHS_noaa19_MSGgrid.nc
There was a key error (probably due to hail class and nans) in file:  /data/sat/products/PMW_sats/MWCCH_hail_probability/netcdf_MSG_grid/2013/09/09/20130909_S0053_E0053_MHS_noaa19_MSGgrid.nc
There was a key error (probably due to hail class and nans) in file:  /data/sat/products/PMW_sats/MWCCH_hail_probability/netcdf_MSG_grid/2013/09/09/20130909_S0053_E0053_MHS_noaa19_MSGgrid.nc
There was a key error (probably due to hail class and nans) in file:  /data/sat/products/PMW_sats/MWCCH_hail_probability/netcdf_MSG_grid/2013/09/09/20130909_S0053_E0053_MHS_noaa19_MSGgrid.nc
There was a key error (probably due to hail class and nans) in file:  /data/sat/products/PMW_sats/MWCCH_hail_probability/netcdf_MSG_grid/2013/09/09/20130909_S0053_E0053_MHS_noaa19_MSGgrid.nc
There was a key error (probably due to hail class and nans) in file:  /data/sat/products/PMW_sats/MWCCH_hail_probability/netcdf_MSG_grid/2013/09/09/20130909_S0053_E0053_MHS_noaa19_MSGgrid.nc
There was a key error (probably due to hail class and nans) in file:  /data/sat/products/PMW_sats/MWCCH_hail_probability/netcdf_MSG_grid/2013/09/09/20130909_S0053_E0053_MHS_noaa19_MSGgrid.nc
There was a key error (probably due to hail class and nans) in file:  /data/sat/products/PMW_sats/MWCCH_hail_probability/netcdf_MSG_grid/2013/09/09/20130909_S0053_E0053_MHS_noaa19_MSGgrid.nc
There was a key error (probably due to hail class and nans) in file:  /data/sat/products/PMW_sats/MWCCH_hail_probability/netcdf_MSG_grid/2013/09/09/20130909_S0053_E0053_MHS_noaa19_MSGgrid.nc
There was a key error (probably due to hail class and nans) in file:  /data/sat/products/PMW_sats/MWCCH_hail_probability/netcdf_MSG_grid/2013/09/09/20130909_S0053_E0053_MHS_noaa19_MSGgrid.nc
There was a key error (probably due to hail class and nans) in file:  /data/sat/products/PMW_sats/MWCCH_hail_probability/netcdf_MSG_grid/2013/09/09/20130909_S0053_E0053_MHS_noaa19_MSGgrid.nc
There was a key error (probably due to hail class and nans) in file:  /data/sat/products/PMW_sats/MWCCH_hail_probability/netcdf_MSG_grid/2013/09/09/20130909_S0053_E0053_MHS_noaa19_MSGgrid.nc
There was a key error (probably due to hail class and nans) in file:  /data/sat/products/PMW_sats/MWCCH_hail_probability/netcdf_MSG_grid/2013/09/09/20130909_S0053_E0053_MHS_noaa19_MSGgrid.nc
There was a key error (probably due to hail class and nans) in file:  /data/sat/products/PMW_sats/MWCCH_hail_probability/netcdf_MSG_grid/2013/09/09/20130909_S0053_E0053_MHS_noaa19_MSGgrid.nc
There was a key error (probably due to hail class and nans) in file:  /data/sat/products/PMW_sats/MWCCH_hail_probability/netcdf_MSG_grid/2013/09/09/20130909_S0053_E0053_MHS_noaa19_MSGgrid.nc
There was a key error (probably due to hail class and nans) in file:  /data/sat/products/PMW_sats/MWCCH_hail_probability/netcdf_MSG_grid/2013/09/09/20130909_S0053_E0053_MHS_noaa19_MSGgrid.nc
There was a key error (probably due to hail class and nans) in file:  /data/sat/products/PMW_sats/MWCCH_hail_probability/netcdf_MSG_grid/2013/09/17/20130917_S1323_E1323_MHS_noaa18_MSGgrid.nc
There was a key error (probably due to hail class and nans) in file:  /data/sat/products/PMW_sats/MWCCH_hail_probability/netcdf_MSG_grid/2013/09/17/20130917_S1323_E1323_MHS_noaa18_MSGgrid.nc
There was a key error (probably due to hail class and nans) in file:  /data/sat/products/PMW_sats/MWCCH_hail_probability/netcdf_MSG_grid/2013/09/17/20130917_S1323_E1323_MHS_noaa18_MSGgrid.nc
There was a key error (probably due to hail class and nans) in file:  /data/sat/products/PMW_sats/MWCCH_hail_probability/netcdf_MSG_grid/2013/09/17/20130917_S1323_E1323_MHS_noaa18_MSGgrid.nc
There was a key error (probably due to hail class and nans) in file:  /data/sat/products/PMW_sats/MWCCH_hail_probability/netcdf_MSG_grid/2013/09/17/20130917_S1323_E1323_MHS_noaa18_MSGgrid.nc
There was a key error (probably due to hail class and nans) in file:  /data/sat/products/PMW_sats/MWCCH_hail_probability/netcdf_MSG_grid/2013/09/17/20130917_S1323_E1323_MHS_noaa18_MSGgrid.nc
There was a key error (probably due to hail class and nans) in file:  /data/sat/products/PMW_sats/MWCCH_hail_probability/netcdf_MSG_grid/2013/09/17/20130917_S1323_E1323_MHS_noaa18_MSGgrid.nc
There was a key error (probably due to hail class and nans) in file:  /data/sat/products/PMW_sats/MWCCH_hail_probability/netcdf_MSG_grid/2013/09/17/20130917_S1323_E1323_MHS_noaa18_MSGgrid.nc
There was a key error (probably due to hail class and nans) in file:  /data/sat/products/PMW_sats/MWCCH_hail_probability/netcdf_MSG_grid/2013/09/17/20130917_S1323_E1323_MHS_noaa18_MSGgrid.nc
There was a key error (probably due to hail class and nans) in file:  /data/sat/products/PMW_sats/MWCCH_hail_probability/netcdf_MSG_grid/2013/09/17/20130917_S1323_E1323_MHS_noaa18_MSGgrid.nc
There was a key error (probably due to hail class and nans) in file:  /data/sat/products/PMW_sats/MWCCH_hail_probability/netcdf_MSG_grid/2013/09/17/20130917_S1323_E1323_MHS_noaa18_MSGgrid.nc
There was a key error (probably due to hail class and nans) in file:  /data/sat/products/PMW_sats/MWCCH_hail_probability/netcdf_MSG_grid/2013/09/17/20130917_S1323_E1323_MHS_noaa18_MSGgrid.nc
There was a key error (probably due to hail class and nans) in file:  /data/sat/products/PMW_sats/MWCCH_hail_probability/netcdf_MSG_grid/2013/09/17/20130917_S1323_E1323_MHS_noaa18_MSGgrid.nc
There was a key error (probably due to hail class and nans) in file:  /data/sat/products/PMW_sats/MWCCH_hail_probability/netcdf_MSG_grid/2013/09/17/20130917_S1323_E1323_MHS_noaa18_MSGgrid.nc
There was a key error (probably due to hail class and nans) in file:  /data/sat/products/PMW_sats/MWCCH_hail_probability/netcdf_MSG_grid/2013/09/17/20130917_S1323_E1323_MHS_noaa18_MSGgrid.nc
There was a key error (probably due to hail class and nans) in file:  /data/sat/products/PMW_sats/MWCCH_hail_probability/netcdf_MSG_grid/2013/09/17/20130917_S1323_E1323_MHS_noaa18_MSGgrid.nc
There was a key error (probably due to hail class and nans) in file:  /data/sat/products/PMW_sats/MWCCH_hail_probability/netcdf_MSG_grid/2013/09/17/20130917_S1323_E1323_MHS_noaa18_MSGgrid.nc
There was a key error (probably due to hail class and nans) in file:  /data/sat/products/PMW_sats/MWCCH_hail_probability/netcdf_MSG_grid/2013/09/17/20130917_S1323_E1323_MHS_noaa18_MSGgrid.nc
There was a key error (probably due to hail class and nans) in file:  /data/sat/products/PMW_sats/MWCCH_hail_probability/netcdf_MSG_grid/2014/04/03/20140403_S0733_E0733_GMI_gpm_MSGgrid.nc
There was a key error (probably due to hail class and nans) in file:  /data/sat/products/PMW_sats/MWCCH_hail_probability/netcdf_MSG_grid/2014/04/03/20140403_S0733_E0733_GMI_gpm_MSGgrid.nc
There was a key error (probably due to hail class and nans) in file:  /data/sat/products/PMW_sats/MWCCH_hail_probability/netcdf_MSG_grid/2014/04/03/20140403_S0733_E0733_GMI_gpm_MSGgrid.nc
There was a key error (probably due to hail class and nans) in file:  /data/sat/products/PMW_sats/MWCCH_hail_probability/netcdf_MSG_grid/2014/04/03/20140403_S0733_E0733_GMI_gpm_MSGgrid.nc
There was a key error (probably due to hail class and nans) in file:  /data/sat/products/PMW_sats/MWCCH_hail_probability/netcdf_MSG_grid/2014/04/03/20140403_S0733_E0733_GMI_gpm_MSGgrid.nc
There was a key error (probably due to hail class and nans) in file:  /data/sat/products/PMW_sats/MWCCH_hail_probability/netcdf_MSG_grid/2014/04/03/20140403_S0733_E0733_GMI_gpm_MSGgrid.nc
There was a key error (probably due to hail class and nans) in file:  /data/sat/products/PMW_sats/MWCCH_hail_probability/netcdf_MSG_grid/2014/04/03/20140403_S0733_E0733_GMI_gpm_MSGgrid.nc
There was a key error (probably due to hail class and nans) in file:  /data/sat/products/PMW_sats/MWCCH_hail_probability/netcdf_MSG_grid/2014/04/03/20140403_S0733_E0733_GMI_gpm_MSGgrid.nc
There was a key error (probably due to hail class and nans) in file:  /data/sat/products/PMW_sats/MWCCH_hail_probability/netcdf_MSG_grid/2014/04/03/20140403_S0733_E0733_GMI_gpm_MSGgrid.nc
There was a key error (probably due to hail class and nans) in file:  /data/sat/products/PMW_sats/MWCCH_hail_probability/netcdf_MSG_grid/2014/04/03/20140403_S0733_E0733_GMI_gpm_MSGgrid.nc
There was a key error (probably due to hail class and nans) in file:  /data/sat/products/PMW_sats/MWCCH_hail_probability/netcdf_MSG_grid/2014/04/03/20140403_S0733_E0733_GMI_gpm_MSGgrid.nc
There was a key error (probably due to hail class and nans) in file:  /data/sat/products/PMW_sats/MWCCH_hail_probability/netcdf_MSG_grid/2014/04/03/20140403_S0733_E0733_GMI_gpm_MSGgrid.nc
There was a key error (probably due to hail class and nans) in file:  /data/sat/products/PMW_sats/MWCCH_hail_probability/netcdf_MSG_grid/2014/04/03/20140403_S0733_E0733_GMI_gpm_MSGgrid.nc
There was a key error (probably due to hail class and nans) in file:  /data/sat/products/PMW_sats/MWCCH_hail_probability/netcdf_MSG_grid/2014/04/03/20140403_S0733_E0733_GMI_gpm_MSGgrid.nc
There was a key error (probably due to hail class and nans) in file:  /data/sat/products/PMW_sats/MWCCH_hail_probability/netcdf_MSG_grid/2014/04/04/20140404_S1006_E1006_MHS_meto01_MSGgrid.nc
There was a key error (probably due to hail class and nans) in file:  /data/sat/products/PMW_sats/MWCCH_hail_probability/netcdf_MSG_grid/2014/04/04/20140404_S1006_E1006_MHS_meto01_MSGgrid.nc
There was a key error (probably due to hail class and nans) in file:  /data/sat/products/PMW_sats/MWCCH_hail_probability/netcdf_MSG_grid/2014/04/04/20140404_S1006_E1006_MHS_meto01_MSGgrid.nc
There was a key error (probably due to hail class and nans) in file:  /data/sat/products/PMW_sats/MWCCH_hail_probability/netcdf_MSG_grid/2014/04/04/20140404_S1006_E1006_MHS_meto01_MSGgrid.nc
There was a key error (probably due to hail class and nans) in file:  /data/sat/products/PMW_sats/MWCCH_hail_probability/netcdf_MSG_grid/2014/04/04/20140404_S1006_E1006_MHS_meto01_MSGgrid.nc
There was a key error (probably due to hail class and nans) in file:  /data/sat/products/PMW_sats/MWCCH_hail_probability/netcdf_MSG_grid/2014/04/04/20140404_S1006_E1006_MHS_meto01_MSGgrid.nc
There was a key error (probably due to hail class and nans) in file:  /data/sat/products/PMW_sats/MWCCH_hail_probability/netcdf_MSG_grid/2014/04/04/20140404_S1006_E1006_MHS_meto01_MSGgrid.nc
There was a key error (probably due to hail class and nans) in file:  /data/sat/products/PMW_sats/MWCCH_hail_probability/netcdf_MSG_grid/2014/04/04/20140404_S1006_E1006_MHS_meto01_MSGgrid.nc
There was a key error (probably due to hail class and nans) in file:  /data/sat/products/PMW_sats/MWCCH_hail_probability/netcdf_MSG_grid/2014/04/04/20140404_S1006_E1006_MHS_meto01_MSGgrid.nc
There was a key error (probably due to hail class and nans) in file:  /data/sat/products/PMW_sats/MWCCH_hail_probability/netcdf_MSG_grid/2014/04/04/20140404_S1006_E1006_MHS_meto01_MSGgrid.nc
There was a key error (probably due to hail class and nans) in file:  /data/sat/products/PMW_sats/MWCCH_hail_probability/netcdf_MSG_grid/2014/04/04/20140404_S1006_E1006_MHS_meto01_MSGgrid.nc
There was a key error (probably due to hail class and nans) in file:  /data/sat/products/PMW_sats/MWCCH_hail_probability/netcdf_MSG_grid/2014/04/04/20140404_S1006_E1006_MHS_meto01_MSGgrid.nc
There was a key error (probably due to hail class and nans) in file:  /data/sat/products/PMW_sats/MWCCH_hail_probability/netcdf_MSG_grid/2014/04/04/20140404_S1006_E1006_MHS_meto01_MSGgrid.nc
There was a key error (probably due to hail class and nans) in file:  /data/sat/products/PMW_sats/MWCCH_hail_probability/netcdf_MSG_grid/2014/04/04/20140404_S1006_E1006_MHS_meto01_MSGgrid.nc
There was a key error (probably due to hail class and nans) in file:  /data/sat/products/PMW_sats/MWCCH_hail_probability/netcdf_MSG_grid/2014/04/04/20140404_S1006_E1006_MHS_meto01_MSGgrid.nc
There was a key error (probably due to hail class and nans) in file:  /data/sat/products/PMW_sats/MWCCH_hail_probability/netcdf_MSG_grid/2014/04/04/20140404_S1006_E1006_MHS_meto01_MSGgrid.nc
There was a key error (probably due to hail class and nans) in file:  /data/sat/products/PMW_sats/MWCCH_hail_probability/netcdf_MSG_grid/2014/04/04/20140404_S1006_E1006_MHS_meto01_MSGgrid.nc
There was a key error (probably due to hail class and nans) in file:  /data/sat/products/PMW_sats/MWCCH_hail_probability/netcdf_MSG_grid/2014/04/06/20140406_S1434_E1434_GMI_gpm_MSGgrid.nc
There was a key error (probably due to hail class and nans) in file:  /data/sat/products/PMW_sats/MWCCH_hail_probability/netcdf_MSG_grid/2014/04/06/20140406_S1434_E1434_GMI_gpm_MSGgrid.nc
There was a key error (probably due to hail class and nans) in file:  /data/sat/products/PMW_sats/MWCCH_hail_probability/netcdf_MSG_grid/2014/04/06/20140406_S1434_E1434_GMI_gpm_MSGgrid.nc
There was a key error (probably due to hail class and nans) in file:  /data/sat/products/PMW_sats/MWCCH_hail_probability/netcdf_MSG_grid/2014/04/06/20140406_S1434_E1434_GMI_gpm_MSGgrid.nc
There was a key error (probably due to hail class and nans) in file:  /data/sat/products/PMW_sats/MWCCH_hail_probability/netcdf_MSG_grid/2014/04/06/20140406_S1434_E1434_GMI_gpm_MSGgrid.nc
There was a key error (probably due to hail class and nans) in file:  /data/sat/products/PMW_sats/MWCCH_hail_probability/netcdf_MSG_grid/2014/04/06/20140406_S1434_E1434_GMI_gpm_MSGgrid.nc
There was a key error (probably due to hail class and nans) in file:  /data/sat/products/PMW_sats/MWCCH_hail_probability/netcdf_MSG_grid/2014/04/06/20140406_S1434_E1434_GMI_gpm_MSGgrid.nc
There was a key error (probably due to hail class and nans) in file:  /data/sat/products/PMW_sats/MWCCH_hail_probability/netcdf_MSG_grid/2014/04/06/20140406_S1434_E1434_GMI_gpm_MSGgrid.nc
There was a key error (probably due to hail class and nans) in file:  /data/sat/products/PMW_sats/MWCCH_hail_probability/netcdf_MSG_grid/2014/04/06/20140406_S1434_E1434_GMI_gpm_MSGgrid.nc
There was a key error (probably due to hail class and nans) in file:  /data/sat/products/PMW_sats/MWCCH_hail_probability/netcdf_MSG_grid/2014/04/06/20140406_S1434_E1434_GMI_gpm_MSGgrid.nc
There was a key error (probably due to hail class and nans) in file:  /data/sat/products/PMW_sats/MWCCH_hail_probability/netcdf_MSG_grid/2014/04/06/20140406_S1434_E1434_GMI_gpm_MSGgrid.nc
There was a key error (probably due to hail class and nans) in file:  /data/sat/products/PMW_sats/MWCCH_hail_probability/netcdf_MSG_grid/2014/04/06/20140406_S1434_E1434_GMI_gpm_MSGgrid.nc
There was a key error (probably due to hail class and nans) in file:  /data/sat/products/PMW_sats/MWCCH_hail_probability/netcdf_MSG_grid/2014/04/06/20140406_S1434_E1434_GMI_gpm_MSGgrid.nc
There was a key error (probably due to hail class and nans) in file:  /data/sat/products/PMW_sats/MWCCH_hail_probability/netcdf_MSG_grid/2014/04/06/20140406_S1434_E1434_GMI_gpm_MSGgrid.nc
There was a key error (probably due to hail class and nans) in file:  /data/sat/products/PMW_sats/MWCCH_hail_probability/netcdf_MSG_grid/2014/04/06/20140406_S1434_E1434_GMI_gpm_MSGgrid.nc
There was a key error (probably due to hail class and nans) in file:  /data/sat/products/PMW_sats/MWCCH_hail_probability/netcdf_MSG_grid/2014/04/20/20140420_S2058_E2059_MHS_meto01_MSGgrid.nc
There was a key error (probably due to hail class and nans) in file:  /data/sat/products/PMW_sats/MWCCH_hail_probability/netcdf_MSG_grid/2014/04/20/20140420_S2058_E2059_MHS_meto01_MSGgrid.nc
There was a key error (probably due to hail class and nans) in file:  /data/sat/products/PMW_sats/MWCCH_hail_probability/netcdf_MSG_grid/2014/04/20/20140420_S2058_E2059_MHS_meto01_MSGgrid.nc
There was a key error (probably due to hail class and nans) in file:  /data/sat/products/PMW_sats/MWCCH_hail_probability/netcdf_MSG_grid/2014/04/20/20140420_S2058_E2059_MHS_meto01_MSGgrid.nc
There was a key error (probably due to hail class and nans) in file:  /data/sat/products/PMW_sats/MWCCH_hail_probability/netcdf_MSG_grid/2014/04/20/20140420_S2058_E2059_MHS_meto01_MSGgrid.nc
There was a key error (probably due to hail class and nans) in file:  /data/sat/products/PMW_sats/MWCCH_hail_probability/netcdf_MSG_grid/2014/04/20/20140420_S2058_E2059_MHS_meto01_MSGgrid.nc
There was a key error (probably due to hail class and nans) in file:  /data/sat/products/PMW_sats/MWCCH_hail_probability/netcdf_MSG_grid/2014/04/20/20140420_S2058_E2059_MHS_meto01_MSGgrid.nc
There was a key error (probably due to hail class and nans) in file:  /data/sat/products/PMW_sats/MWCCH_hail_probability/netcdf_MSG_grid/2014/04/20/20140420_S2058_E2059_MHS_meto01_MSGgrid.nc
There was a key error (probably due to hail class and nans) in file:  /data/sat/products/PMW_sats/MWCCH_hail_probability/netcdf_MSG_grid/2014/04/20/20140420_S2058_E2059_MHS_meto01_MSGgrid.nc
There was a key error (probably due to hail class and nans) in file:  /data/sat/products/PMW_sats/MWCCH_hail_probability/netcdf_MSG_grid/2014/04/20/20140420_S2058_E2059_MHS_meto01_MSGgrid.nc
There was a key error (probably due to hail class and nans) in file:  /data/sat/products/PMW_sats/MWCCH_hail_probability/netcdf_MSG_grid/2014/04/20/20140420_S2058_E2059_MHS_meto01_MSGgrid.nc
There was a key error (probably due to hail class and nans) in file:  /data/sat/products/PMW_sats/MWCCH_hail_probability/netcdf_MSG_grid/2014/04/20/20140420_S2058_E2059_MHS_meto01_MSGgrid.nc
There was a key error (probably due to hail class and nans) in file:  /data/sat/products/PMW_sats/MWCCH_hail_probability/netcdf_MSG_grid/2014/04/20/20140420_S2058_E2059_MHS_meto01_MSGgrid.nc
There was a key error (probably due to hail class and nans) in file:  /data/sat/products/PMW_sats/MWCCH_hail_probability/netcdf_MSG_grid/2014/04/20/20140420_S2058_E2059_MHS_meto01_MSGgrid.nc
There was a key error (probably due to hail class and nans) in file:  /data/sat/products/PMW_sats/MWCCH_hail_probability/netcdf_MSG_grid/2014/04/20/20140420_S2058_E2059_MHS_meto01_MSGgrid.nc
There was a key error (probably due to hail class and nans) in file:  /data/sat/products/PMW_sats/MWCCH_hail_probability/netcdf_MSG_grid/2014/04/20/20140420_S2058_E2059_MHS_meto01_MSGgrid.nc
There was a key error (probably due to hail class and nans) in file:  /data/sat/products/PMW_sats/MWCCH_hail_probability/netcdf_MSG_grid/2014/04/20/20140420_S2058_E2059_MHS_meto01_MSGgrid.nc
18000
There was a key error (probably due to hail class and nans) in file:  /data/sat/products/PMW_sats/MWCCH_hail_probability/netcdf_MSG_grid/2014/04/25/20140425_S0905_E0905_GMI_gpm_MSGgrid.nc
There was a key error (probably due to hail class and nans) in file:  /data/sat/products/PMW_sats/MWCCH_hail_probability/netcdf_MSG_grid/2014/04/25/20140425_S0905_E0905_GMI_gpm_MSGgrid.nc
There was a key error (probably due to hail class and nans) in file:  /data/sat/products/PMW_sats/MWCCH_hail_probability/netcdf_MSG_grid/2014/04/25/20140425_S0905_E0905_GMI_gpm_MSGgrid.nc
There was a key error (probably due to hail class and nans) in file:  /data/sat/products/PMW_sats/MWCCH_hail_probability/netcdf_MSG_grid/2014/04/25/20140425_S0905_E0905_GMI_gpm_MSGgrid.nc
There was a key error (probably due to hail class and nans) in file:  /data/sat/products/PMW_sats/MWCCH_hail_probability/netcdf_MSG_grid/2014/04/25/20140425_S0905_E0905_GMI_gpm_MSGgrid.nc
There was a key error (probably due to hail class and nans) in file:  /data/sat/products/PMW_sats/MWCCH_hail_probability/netcdf_MSG_grid/2014/04/25/20140425_S0905_E0905_GMI_gpm_MSGgrid.nc
There was a key error (probably due to hail class and nans) in file:  /data/sat/products/PMW_sats/MWCCH_hail_probability/netcdf_MSG_grid/2014/04/25/20140425_S0905_E0905_GMI_gpm_MSGgrid.nc
There was a key error (probably due to hail class and nans) in file:  /data/sat/products/PMW_sats/MWCCH_hail_probability/netcdf_MSG_grid/2014/04/25/20140425_S0905_E0905_GMI_gpm_MSGgrid.nc
There was a key error (probably due to hail class and nans) in file:  /data/sat/products/PMW_sats/MWCCH_hail_probability/netcdf_MSG_grid/2014/04/25/20140425_S0905_E0905_GMI_gpm_MSGgrid.nc
There was a key error (probably due to hail class and nans) in file:  /data/sat/products/PMW_sats/MWCCH_hail_probability/netcdf_MSG_grid/2014/04/25/20140425_S0905_E0905_GMI_gpm_MSGgrid.nc
There was a key error (probably due to hail class and nans) in file:  /data/sat/products/PMW_sats/MWCCH_hail_probability/netcdf_MSG_grid/2014/04/25/20140425_S0905_E0905_GMI_gpm_MSGgrid.nc
There was a key error (probably due to hail class and nans) in file:  /data/sat/products/PMW_sats/MWCCH_hail_probability/netcdf_MSG_grid/2014/04/25/20140425_S0905_E0905_GMI_gpm_MSGgrid.nc
There was a key error (probably due to hail class and nans) in file:  /data/sat/products/PMW_sats/MWCCH_hail_probability/netcdf_MSG_grid/2014/05/06/20140506_S0358_E0358_MHS_noaa18_MSGgrid.nc
There was a key error (probably due to hail class and nans) in file:  /data/sat/products/PMW_sats/MWCCH_hail_probability/netcdf_MSG_grid/2014/05/06/20140506_S0358_E0358_MHS_noaa18_MSGgrid.nc
There was a key error (probably due to hail class and nans) in file:  /data/sat/products/PMW_sats/MWCCH_hail_probability/netcdf_MSG_grid/2014/05/06/20140506_S0358_E0358_MHS_noaa18_MSGgrid.nc
There was a key error (probably due to hail class and nans) in file:  /data/sat/products/PMW_sats/MWCCH_hail_probability/netcdf_MSG_grid/2014/05/06/20140506_S0358_E0358_MHS_noaa18_MSGgrid.nc
There was a key error (probably due to hail class and nans) in file:  /data/sat/products/PMW_sats/MWCCH_hail_probability/netcdf_MSG_grid/2014/05/06/20140506_S0358_E0358_MHS_noaa18_MSGgrid.nc
There was a key error (probably due to hail class and nans) in file:  /data/sat/products/PMW_sats/MWCCH_hail_probability/netcdf_MSG_grid/2014/05/06/20140506_S0358_E0358_MHS_noaa18_MSGgrid.nc
There was a key error (probably due to hail class and nans) in file:  /data/sat/products/PMW_sats/MWCCH_hail_probability/netcdf_MSG_grid/2014/05/06/20140506_S0358_E0358_MHS_noaa18_MSGgrid.nc
There was a key error (probably due to hail class and nans) in file:  /data/sat/products/PMW_sats/MWCCH_hail_probability/netcdf_MSG_grid/2014/05/06/20140506_S0358_E0358_MHS_noaa18_MSGgrid.nc
There was a key error (probably due to hail class and nans) in file:  /data/sat/products/PMW_sats/MWCCH_hail_probability/netcdf_MSG_grid/2014/05/06/20140506_S0358_E0358_MHS_noaa18_MSGgrid.nc
There was a key error (probably due to hail class and nans) in file:  /data/sat/products/PMW_sats/MWCCH_hail_probability/netcdf_MSG_grid/2014/05/06/20140506_S0358_E0358_MHS_noaa18_MSGgrid.nc
There was a key error (probably due to hail class and nans) in file:  /data/sat/products/PMW_sats/MWCCH_hail_probability/netcdf_MSG_grid/2014/05/06/20140506_S0358_E0358_MHS_noaa18_MSGgrid.nc
There was a key error (probably due to hail class and nans) in file:  /data/sat/products/PMW_sats/MWCCH_hail_probability/netcdf_MSG_grid/2014/05/06/20140506_S0358_E0358_MHS_noaa18_MSGgrid.nc
There was a key error (probably due to hail class and nans) in file:  /data/sat/products/PMW_sats/MWCCH_hail_probability/netcdf_MSG_grid/2014/05/06/20140506_S0358_E0358_MHS_noaa18_MSGgrid.nc
There was a key error (probably due to hail class and nans) in file:  /data/sat/products/PMW_sats/MWCCH_hail_probability/netcdf_MSG_grid/2014/05/06/20140506_S0358_E0358_MHS_noaa18_MSGgrid.nc
There was a key error (probably due to hail class and nans) in file:  /data/sat/products/PMW_sats/MWCCH_hail_probability/netcdf_MSG_grid/2014/05/06/20140506_S0358_E0358_MHS_noaa18_MSGgrid.nc
There was a key error (probably due to hail class and nans) in file:  /data/sat/products/PMW_sats/MWCCH_hail_probability/netcdf_MSG_grid/2014/05/06/20140506_S0358_E0358_MHS_noaa18_MSGgrid.nc
There was a key error (probably due to hail class and nans) in file:  /data/sat/products/PMW_sats/MWCCH_hail_probability/netcdf_MSG_grid/2014/05/06/20140506_S0358_E0358_MHS_noaa18_MSGgrid.nc
There was a key error (probably due to hail class and nans) in file:  /data/sat/products/PMW_sats/MWCCH_hail_probability/netcdf_MSG_grid/2014/05/06/20140506_S0358_E0358_MHS_noaa18_MSGgrid.nc
There was a key error (probably due to hail class and nans) in file:  /data/sat/products/PMW_sats/MWCCH_hail_probability/netcdf_MSG_grid/2014/05/21/20140521_S0347_E0348_GMI_gpm_MSGgrid.nc
There was a key error (probably due to hail class and nans) in file:  /data/sat/products/PMW_sats/MWCCH_hail_probability/netcdf_MSG_grid/2014/05/21/20140521_S0347_E0348_GMI_gpm_MSGgrid.nc
There was a key error (probably due to hail class and nans) in file:  /data/sat/products/PMW_sats/MWCCH_hail_probability/netcdf_MSG_grid/2014/05/21/20140521_S0347_E0348_GMI_gpm_MSGgrid.nc
There was a key error (probably due to hail class and nans) in file:  /data/sat/products/PMW_sats/MWCCH_hail_probability/netcdf_MSG_grid/2014/05/21/20140521_S0347_E0348_GMI_gpm_MSGgrid.nc
There was a key error (probably due to hail class and nans) in file:  /data/sat/products/PMW_sats/MWCCH_hail_probability/netcdf_MSG_grid/2014/05/21/20140521_S0347_E0348_GMI_gpm_MSGgrid.nc
There was a key error (probably due to hail class and nans) in file:  /data/sat/products/PMW_sats/MWCCH_hail_probability/netcdf_MSG_grid/2014/05/21/20140521_S0347_E0348_GMI_gpm_MSGgrid.nc
There was a key error (probably due to hail class and nans) in file:  /data/sat/products/PMW_sats/MWCCH_hail_probability/netcdf_MSG_grid/2014/05/21/20140521_S0347_E0348_GMI_gpm_MSGgrid.nc
There was a key error (probably due to hail class and nans) in file:  /data/sat/products/PMW_sats/MWCCH_hail_probability/netcdf_MSG_grid/2014/05/21/20140521_S0347_E0348_GMI_gpm_MSGgrid.nc
There was a key error (probably due to hail class and nans) in file:  /data/sat/products/PMW_sats/MWCCH_hail_probability/netcdf_MSG_grid/2014/05/21/20140521_S0347_E0348_GMI_gpm_MSGgrid.nc
There was a key error (probably due to hail class and nans) in file:  /data/sat/products/PMW_sats/MWCCH_hail_probability/netcdf_MSG_grid/2014/05/21/20140521_S0347_E0348_GMI_gpm_MSGgrid.nc
There was a key error (probably due to hail class and nans) in file:  /data/sat/products/PMW_sats/MWCCH_hail_probability/netcdf_MSG_grid/2014/05/21/20140521_S0347_E0348_GMI_gpm_MSGgrid.nc
There was a key error (probably due to hail class and nans) in file:  /data/sat/products/PMW_sats/MWCCH_hail_probability/netcdf_MSG_grid/2014/05/21/20140521_S0347_E0348_GMI_gpm_MSGgrid.nc
There was a key error (probably due to hail class and nans) in file:  /data/sat/products/PMW_sats/MWCCH_hail_probability/netcdf_MSG_grid/2014/05/21/20140521_S0347_E0348_GMI_gpm_MSGgrid.nc
There was a key error (probably due to hail class and nans) in file:  /data/sat/products/PMW_sats/MWCCH_hail_probability/netcdf_MSG_grid/2014/05/21/20140521_S0347_E0348_GMI_gpm_MSGgrid.nc
There was a key error (probably due to hail class and nans) in file:  /data/sat/products/PMW_sats/MWCCH_hail_probability/netcdf_MSG_grid/2014/05/21/20140521_S0347_E0348_GMI_gpm_MSGgrid.nc
There was a key error (probably due to hail class and nans) in file:  /data/sat/products/PMW_sats/MWCCH_hail_probability/netcdf_MSG_grid/2014/05/21/20140521_S0347_E0348_GMI_gpm_MSGgrid.nc
There was a key error (probably due to hail class and nans) in file:  /data/sat/products/PMW_sats/MWCCH_hail_probability/netcdf_MSG_grid/2014/05/21/20140521_S0347_E0348_GMI_gpm_MSGgrid.nc
There was a key error (probably due to hail class and nans) in file:  /data/sat/products/PMW_sats/MWCCH_hail_probability/netcdf_MSG_grid/2014/06/09/20140609_S1948_E1948_GMI_gpm_MSGgrid.nc
There was a key error (probably due to hail class and nans) in file:  /data/sat/products/PMW_sats/MWCCH_hail_probability/netcdf_MSG_grid/2014/06/09/20140609_S1948_E1948_GMI_gpm_MSGgrid.nc
There was a key error (probably due to hail class and nans) in file:  /data/sat/products/PMW_sats/MWCCH_hail_probability/netcdf_MSG_grid/2014/06/09/20140609_S1948_E1948_GMI_gpm_MSGgrid.nc
There was a key error (probably due to hail class and nans) in file:  /data/sat/products/PMW_sats/MWCCH_hail_probability/netcdf_MSG_grid/2014/06/09/20140609_S1948_E1948_GMI_gpm_MSGgrid.nc
There was a key error (probably due to hail class and nans) in file:  /data/sat/products/PMW_sats/MWCCH_hail_probability/netcdf_MSG_grid/2014/06/09/20140609_S1948_E1948_GMI_gpm_MSGgrid.nc
There was a key error (probably due to hail class and nans) in file:  /data/sat/products/PMW_sats/MWCCH_hail_probability/netcdf_MSG_grid/2014/06/09/20140609_S1948_E1948_GMI_gpm_MSGgrid.nc
There was a key error (probably due to hail class and nans) in file:  /data/sat/products/PMW_sats/MWCCH_hail_probability/netcdf_MSG_grid/2014/06/09/20140609_S1948_E1948_GMI_gpm_MSGgrid.nc
There was a key error (probably due to hail class and nans) in file:  /data/sat/products/PMW_sats/MWCCH_hail_probability/netcdf_MSG_grid/2014/06/09/20140609_S1948_E1948_GMI_gpm_MSGgrid.nc
There was a key error (probably due to hail class and nans) in file:  /data/sat/products/PMW_sats/MWCCH_hail_probability/netcdf_MSG_grid/2014/06/09/20140609_S1948_E1948_GMI_gpm_MSGgrid.nc
There was a key error (probably due to hail class and nans) in file:  /data/sat/products/PMW_sats/MWCCH_hail_probability/netcdf_MSG_grid/2014/06/09/20140609_S1948_E1948_GMI_gpm_MSGgrid.nc
There was a key error (probably due to hail class and nans) in file:  /data/sat/products/PMW_sats/MWCCH_hail_probability/netcdf_MSG_grid/2014/06/09/20140609_S1948_E1948_GMI_gpm_MSGgrid.nc
There was a key error (probably due to hail class and nans) in file:  /data/sat/products/PMW_sats/MWCCH_hail_probability/netcdf_MSG_grid/2014/06/09/20140609_S1948_E1948_GMI_gpm_MSGgrid.nc
There was a key error (probably due to hail class and nans) in file:  /data/sat/products/PMW_sats/MWCCH_hail_probability/netcdf_MSG_grid/2014/06/09/20140609_S1948_E1948_GMI_gpm_MSGgrid.nc
There was a key error (probably due to hail class and nans) in file:  /data/sat/products/PMW_sats/MWCCH_hail_probability/netcdf_MSG_grid/2014/06/09/20140609_S1948_E1948_GMI_gpm_MSGgrid.nc
There was a key error (probably due to hail class and nans) in file:  /data/sat/products/PMW_sats/MWCCH_hail_probability/netcdf_MSG_grid/2014/06/09/20140609_S1948_E1948_GMI_gpm_MSGgrid.nc
There was a key error (probably due to hail class and nans) in file:  /data/sat/products/PMW_sats/MWCCH_hail_probability/netcdf_MSG_grid/2014/06/09/20140609_S1948_E1948_GMI_gpm_MSGgrid.nc
There was a key error (probably due to hail class and nans) in file:  /data/sat/products/PMW_sats/MWCCH_hail_probability/netcdf_MSG_grid/2014/06/09/20140609_S1948_E1948_GMI_gpm_MSGgrid.nc
There was a key error (probably due to hail class and nans) in file:  /data/sat/products/PMW_sats/MWCCH_hail_probability/netcdf_MSG_grid/2014/06/09/20140609_S1948_E1948_GMI_gpm_MSGgrid.nc
There was a key error (probably due to hail class and nans) in file:  /data/sat/products/PMW_sats/MWCCH_hail_probability/netcdf_MSG_grid/2014/06/10/20140610_S1535_E1535_MHS_noaa18_MSGgrid.nc
There was a key error (probably due to hail class and nans) in file:  /data/sat/products/PMW_sats/MWCCH_hail_probability/netcdf_MSG_grid/2014/06/10/20140610_S1535_E1535_MHS_noaa18_MSGgrid.nc
There was a key error (probably due to hail class and nans) in file:  /data/sat/products/PMW_sats/MWCCH_hail_probability/netcdf_MSG_grid/2014/06/10/20140610_S1535_E1535_MHS_noaa18_MSGgrid.nc
There was a key error (probably due to hail class and nans) in file:  /data/sat/products/PMW_sats/MWCCH_hail_probability/netcdf_MSG_grid/2014/06/10/20140610_S1535_E1535_MHS_noaa18_MSGgrid.nc
There was a key error (probably due to hail class and nans) in file:  /data/sat/products/PMW_sats/MWCCH_hail_probability/netcdf_MSG_grid/2014/06/10/20140610_S1535_E1535_MHS_noaa18_MSGgrid.nc
There was a key error (probably due to hail class and nans) in file:  /data/sat/products/PMW_sats/MWCCH_hail_probability/netcdf_MSG_grid/2014/06/10/20140610_S1535_E1535_MHS_noaa18_MSGgrid.nc
There was a key error (probably due to hail class and nans) in file:  /data/sat/products/PMW_sats/MWCCH_hail_probability/netcdf_MSG_grid/2014/06/10/20140610_S1535_E1535_MHS_noaa18_MSGgrid.nc
There was a key error (probably due to hail class and nans) in file:  /data/sat/products/PMW_sats/MWCCH_hail_probability/netcdf_MSG_grid/2014/06/10/20140610_S1535_E1535_MHS_noaa18_MSGgrid.nc
There was a key error (probably due to hail class and nans) in file:  /data/sat/products/PMW_sats/MWCCH_hail_probability/netcdf_MSG_grid/2014/06/10/20140610_S1535_E1535_MHS_noaa18_MSGgrid.nc
There was a key error (probably due to hail class and nans) in file:  /data/sat/products/PMW_sats/MWCCH_hail_probability/netcdf_MSG_grid/2014/06/10/20140610_S1535_E1535_MHS_noaa18_MSGgrid.nc
There was a key error (probably due to hail class and nans) in file:  /data/sat/products/PMW_sats/MWCCH_hail_probability/netcdf_MSG_grid/2014/06/10/20140610_S1535_E1535_MHS_noaa18_MSGgrid.nc
There was a key error (probably due to hail class and nans) in file:  /data/sat/products/PMW_sats/MWCCH_hail_probability/netcdf_MSG_grid/2014/06/10/20140610_S1535_E1535_MHS_noaa18_MSGgrid.nc
There was a key error (probably due to hail class and nans) in file:  /data/sat/products/PMW_sats/MWCCH_hail_probability/netcdf_MSG_grid/2014/06/10/20140610_S1535_E1535_MHS_noaa18_MSGgrid.nc
There was a key error (probably due to hail class and nans) in file:  /data/sat/products/PMW_sats/MWCCH_hail_probability/netcdf_MSG_grid/2014/06/10/20140610_S1535_E1535_MHS_noaa18_MSGgrid.nc
There was a key error (probably due to hail class and nans) in file:  /data/sat/products/PMW_sats/MWCCH_hail_probability/netcdf_MSG_grid/2014/06/10/20140610_S1535_E1535_MHS_noaa18_MSGgrid.nc
There was a key error (probably due to hail class and nans) in file:  /data/sat/products/PMW_sats/MWCCH_hail_probability/netcdf_MSG_grid/2014/06/10/20140610_S1535_E1535_MHS_noaa18_MSGgrid.nc
There was a key error (probably due to hail class and nans) in file:  /data/sat/products/PMW_sats/MWCCH_hail_probability/netcdf_MSG_grid/2014/06/10/20140610_S1535_E1535_MHS_noaa18_MSGgrid.nc
There was a key error (probably due to hail class and nans) in file:  /data/sat/products/PMW_sats/MWCCH_hail_probability/netcdf_MSG_grid/2014/07/02/20140702_S0729_E0729_GMI_gpm_MSGgrid.nc
There was a key error (probably due to hail class and nans) in file:  /data/sat/products/PMW_sats/MWCCH_hail_probability/netcdf_MSG_grid/2014/07/02/20140702_S0729_E0729_GMI_gpm_MSGgrid.nc
There was a key error (probably due to hail class and nans) in file:  /data/sat/products/PMW_sats/MWCCH_hail_probability/netcdf_MSG_grid/2014/07/02/20140702_S0729_E0729_GMI_gpm_MSGgrid.nc
There was a key error (probably due to hail class and nans) in file:  /data/sat/products/PMW_sats/MWCCH_hail_probability/netcdf_MSG_grid/2014/07/02/20140702_S0729_E0729_GMI_gpm_MSGgrid.nc
There was a key error (probably due to hail class and nans) in file:  /data/sat/products/PMW_sats/MWCCH_hail_probability/netcdf_MSG_grid/2014/07/02/20140702_S0729_E0729_GMI_gpm_MSGgrid.nc
There was a key error (probably due to hail class and nans) in file:  /data/sat/products/PMW_sats/MWCCH_hail_probability/netcdf_MSG_grid/2014/07/02/20140702_S0729_E0729_GMI_gpm_MSGgrid.nc
There was a key error (probably due to hail class and nans) in file:  /data/sat/products/PMW_sats/MWCCH_hail_probability/netcdf_MSG_grid/2014/07/02/20140702_S0729_E0729_GMI_gpm_MSGgrid.nc
There was a key error (probably due to hail class and nans) in file:  /data/sat/products/PMW_sats/MWCCH_hail_probability/netcdf_MSG_grid/2014/07/02/20140702_S0729_E0729_GMI_gpm_MSGgrid.nc
There was a key error (probably due to hail class and nans) in file:  /data/sat/products/PMW_sats/MWCCH_hail_probability/netcdf_MSG_grid/2014/07/02/20140702_S0729_E0729_GMI_gpm_MSGgrid.nc
There was a key error (probably due to hail class and nans) in file:  /data/sat/products/PMW_sats/MWCCH_hail_probability/netcdf_MSG_grid/2014/07/02/20140702_S0729_E0729_GMI_gpm_MSGgrid.nc
There was a key error (probably due to hail class and nans) in file:  /data/sat/products/PMW_sats/MWCCH_hail_probability/netcdf_MSG_grid/2014/07/02/20140702_S0729_E0729_GMI_gpm_MSGgrid.nc
There was a key error (probably due to hail class and nans) in file:  /data/sat/products/PMW_sats/MWCCH_hail_probability/netcdf_MSG_grid/2014/07/02/20140702_S0729_E0729_GMI_gpm_MSGgrid.nc
There was a key error (probably due to hail class and nans) in file:  /data/sat/products/PMW_sats/MWCCH_hail_probability/netcdf_MSG_grid/2014/07/02/20140702_S0729_E0729_GMI_gpm_MSGgrid.nc
There was a key error (probably due to hail class and nans) in file:  /data/sat/products/PMW_sats/MWCCH_hail_probability/netcdf_MSG_grid/2014/07/02/20140702_S0729_E0729_GMI_gpm_MSGgrid.nc
There was a key error (probably due to hail class and nans) in file:  /data/sat/products/PMW_sats/MWCCH_hail_probability/netcdf_MSG_grid/2014/07/02/20140702_S0729_E0729_GMI_gpm_MSGgrid.nc
There was a key error (probably due to hail class and nans) in file:  /data/sat/products/PMW_sats/MWCCH_hail_probability/netcdf_MSG_grid/2014/07/02/20140702_S0729_E0729_GMI_gpm_MSGgrid.nc
There was a key error (probably due to hail class and nans) in file:  /data/sat/products/PMW_sats/MWCCH_hail_probability/netcdf_MSG_grid/2014/07/02/20140702_S0729_E0729_GMI_gpm_MSGgrid.nc
There was a key error (probably due to hail class and nans) in file:  /data/sat/products/PMW_sats/MWCCH_hail_probability/netcdf_MSG_grid/2014/07/06/20140706_S1200_E1200_GMI_gpm_MSGgrid.nc
There was a key error (probably due to hail class and nans) in file:  /data/sat/products/PMW_sats/MWCCH_hail_probability/netcdf_MSG_grid/2014/07/06/20140706_S1200_E1200_GMI_gpm_MSGgrid.nc
There was a key error (probably due to hail class and nans) in file:  /data/sat/products/PMW_sats/MWCCH_hail_probability/netcdf_MSG_grid/2014/07/06/20140706_S1200_E1200_GMI_gpm_MSGgrid.nc
There was a key error (probably due to hail class and nans) in file:  /data/sat/products/PMW_sats/MWCCH_hail_probability/netcdf_MSG_grid/2014/07/06/20140706_S1200_E1200_GMI_gpm_MSGgrid.nc
There was a key error (probably due to hail class and nans) in file:  /data/sat/products/PMW_sats/MWCCH_hail_probability/netcdf_MSG_grid/2014/07/06/20140706_S1200_E1200_GMI_gpm_MSGgrid.nc
There was a key error (probably due to hail class and nans) in file:  /data/sat/products/PMW_sats/MWCCH_hail_probability/netcdf_MSG_grid/2014/07/06/20140706_S1200_E1200_GMI_gpm_MSGgrid.nc
There was a key error (probably due to hail class and nans) in file:  /data/sat/products/PMW_sats/MWCCH_hail_probability/netcdf_MSG_grid/2014/07/06/20140706_S1200_E1200_GMI_gpm_MSGgrid.nc
There was a key error (probably due to hail class and nans) in file:  /data/sat/products/PMW_sats/MWCCH_hail_probability/netcdf_MSG_grid/2014/07/06/20140706_S1200_E1200_GMI_gpm_MSGgrid.nc
There was a key error (probably due to hail class and nans) in file:  /data/sat/products/PMW_sats/MWCCH_hail_probability/netcdf_MSG_grid/2014/07/06/20140706_S1200_E1200_GMI_gpm_MSGgrid.nc
There was a key error (probably due to hail class and nans) in file:  /data/sat/products/PMW_sats/MWCCH_hail_probability/netcdf_MSG_grid/2014/07/06/20140706_S1200_E1200_GMI_gpm_MSGgrid.nc
There was a key error (probably due to hail class and nans) in file:  /data/sat/products/PMW_sats/MWCCH_hail_probability/netcdf_MSG_grid/2014/07/06/20140706_S1200_E1200_GMI_gpm_MSGgrid.nc
There was a key error (probably due to hail class and nans) in file:  /data/sat/products/PMW_sats/MWCCH_hail_probability/netcdf_MSG_grid/2014/07/06/20140706_S1200_E1200_GMI_gpm_MSGgrid.nc
There was a key error (probably due to hail class and nans) in file:  /data/sat/products/PMW_sats/MWCCH_hail_probability/netcdf_MSG_grid/2014/07/06/20140706_S1200_E1200_GMI_gpm_MSGgrid.nc
There was a key error (probably due to hail class and nans) in file:  /data/sat/products/PMW_sats/MWCCH_hail_probability/netcdf_MSG_grid/2014/07/11/20140711_S0714_E0714_SSMIS_f17_MSGgrid.nc
There was a key error (probably due to hail class and nans) in file:  /data/sat/products/PMW_sats/MWCCH_hail_probability/netcdf_MSG_grid/2014/07/11/20140711_S0714_E0714_SSMIS_f17_MSGgrid.nc
There was a key error (probably due to hail class and nans) in file:  /data/sat/products/PMW_sats/MWCCH_hail_probability/netcdf_MSG_grid/2014/07/11/20140711_S0714_E0714_SSMIS_f17_MSGgrid.nc
There was a key error (probably due to hail class and nans) in file:  /data/sat/products/PMW_sats/MWCCH_hail_probability/netcdf_MSG_grid/2014/07/11/20140711_S0714_E0714_SSMIS_f17_MSGgrid.nc
There was a key error (probably due to hail class and nans) in file:  /data/sat/products/PMW_sats/MWCCH_hail_probability/netcdf_MSG_grid/2014/07/11/20140711_S0714_E0714_SSMIS_f17_MSGgrid.nc
There was a key error (probably due to hail class and nans) in file:  /data/sat/products/PMW_sats/MWCCH_hail_probability/netcdf_MSG_grid/2014/07/11/20140711_S0714_E0714_SSMIS_f17_MSGgrid.nc
There was a key error (probably due to hail class and nans) in file:  /data/sat/products/PMW_sats/MWCCH_hail_probability/netcdf_MSG_grid/2014/07/11/20140711_S0714_E0714_SSMIS_f17_MSGgrid.nc
There was a key error (probably due to hail class and nans) in file:  /data/sat/products/PMW_sats/MWCCH_hail_probability/netcdf_MSG_grid/2014/07/11/20140711_S0714_E0714_SSMIS_f17_MSGgrid.nc
There was a key error (probably due to hail class and nans) in file:  /data/sat/products/PMW_sats/MWCCH_hail_probability/netcdf_MSG_grid/2014/07/11/20140711_S0714_E0714_SSMIS_f17_MSGgrid.nc
There was a key error (probably due to hail class and nans) in file:  /data/sat/products/PMW_sats/MWCCH_hail_probability/netcdf_MSG_grid/2014/07/11/20140711_S0714_E0714_SSMIS_f17_MSGgrid.nc
There was a key error (probably due to hail class and nans) in file:  /data/sat/products/PMW_sats/MWCCH_hail_probability/netcdf_MSG_grid/2014/07/11/20140711_S0714_E0714_SSMIS_f17_MSGgrid.nc
There was a key error (probably due to hail class and nans) in file:  /data/sat/products/PMW_sats/MWCCH_hail_probability/netcdf_MSG_grid/2014/07/11/20140711_S0714_E0714_SSMIS_f17_MSGgrid.nc
There was a key error (probably due to hail class and nans) in file:  /data/sat/products/PMW_sats/MWCCH_hail_probability/netcdf_MSG_grid/2014/07/11/20140711_S0714_E0714_SSMIS_f17_MSGgrid.nc
There was a key error (probably due to hail class and nans) in file:  /data/sat/products/PMW_sats/MWCCH_hail_probability/netcdf_MSG_grid/2014/07/11/20140711_S0714_E0714_SSMIS_f17_MSGgrid.nc
19000
There was a key error (probably due to hail class and nans) in file:  /data/sat/products/PMW_sats/MWCCH_hail_probability/netcdf_MSG_grid/2014/08/21/20140821_S0849_E0849_MHS_meto01_MSGgrid.nc
There was a key error (probably due to hail class and nans) in file:  /data/sat/products/PMW_sats/MWCCH_hail_probability/netcdf_MSG_grid/2014/08/21/20140821_S0849_E0849_MHS_meto01_MSGgrid.nc
There was a key error (probably due to hail class and nans) in file:  /data/sat/products/PMW_sats/MWCCH_hail_probability/netcdf_MSG_grid/2014/08/21/20140821_S0849_E0849_MHS_meto01_MSGgrid.nc
There was a key error (probably due to hail class and nans) in file:  /data/sat/products/PMW_sats/MWCCH_hail_probability/netcdf_MSG_grid/2014/08/21/20140821_S0849_E0849_MHS_meto01_MSGgrid.nc
There was a key error (probably due to hail class and nans) in file:  /data/sat/products/PMW_sats/MWCCH_hail_probability/netcdf_MSG_grid/2014/08/21/20140821_S0849_E0849_MHS_meto01_MSGgrid.nc
There was a key error (probably due to hail class and nans) in file:  /data/sat/products/PMW_sats/MWCCH_hail_probability/netcdf_MSG_grid/2014/08/28/20140828_S2024_E2024_GMI_gpm_MSGgrid.nc
There was a key error (probably due to hail class and nans) in file:  /data/sat/products/PMW_sats/MWCCH_hail_probability/netcdf_MSG_grid/2014/08/28/20140828_S2024_E2024_GMI_gpm_MSGgrid.nc
There was a key error (probably due to hail class and nans) in file:  /data/sat/products/PMW_sats/MWCCH_hail_probability/netcdf_MSG_grid/2014/08/28/20140828_S2024_E2024_GMI_gpm_MSGgrid.nc
There was a key error (probably due to hail class and nans) in file:  /data/sat/products/PMW_sats/MWCCH_hail_probability/netcdf_MSG_grid/2014/08/28/20140828_S2024_E2024_GMI_gpm_MSGgrid.nc
There was a key error (probably due to hail class and nans) in file:  /data/sat/products/PMW_sats/MWCCH_hail_probability/netcdf_MSG_grid/2014/08/28/20140828_S2024_E2024_GMI_gpm_MSGgrid.nc
There was a key error (probably due to hail class and nans) in file:  /data/sat/products/PMW_sats/MWCCH_hail_probability/netcdf_MSG_grid/2014/08/28/20140828_S2024_E2024_GMI_gpm_MSGgrid.nc
There was a key error (probably due to hail class and nans) in file:  /data/sat/products/PMW_sats/MWCCH_hail_probability/netcdf_MSG_grid/2014/08/28/20140828_S2024_E2024_GMI_gpm_MSGgrid.nc
There was a key error (probably due to hail class and nans) in file:  /data/sat/products/PMW_sats/MWCCH_hail_probability/netcdf_MSG_grid/2014/08/28/20140828_S2024_E2024_GMI_gpm_MSGgrid.nc
There was a key error (probably due to hail class and nans) in file:  /data/sat/products/PMW_sats/MWCCH_hail_probability/netcdf_MSG_grid/2014/08/28/20140828_S2024_E2024_GMI_gpm_MSGgrid.nc
There was a key error (probably due to hail class and nans) in file:  /data/sat/products/PMW_sats/MWCCH_hail_probability/netcdf_MSG_grid/2014/08/28/20140828_S2024_E2024_GMI_gpm_MSGgrid.nc
There was a key error (probably due to hail class and nans) in file:  /data/sat/products/PMW_sats/MWCCH_hail_probability/netcdf_MSG_grid/2014/08/28/20140828_S2024_E2024_GMI_gpm_MSGgrid.nc
There was a key error (probably due to hail class and nans) in file:  /data/sat/products/PMW_sats/MWCCH_hail_probability/netcdf_MSG_grid/2014/09/07/20140907_S1752_E1752_SSMIS_f17_MSGgrid.nc
20000
There was a key error (probably due to hail class and nans) in file:  /data/sat/products/PMW_sats/MWCCH_hail_probability/netcdf_MSG_grid/2015/04/03/20150403_S0449_E0450_GMI_gpm_MSGgrid.nc
There was a key error (probably due to hail class and nans) in file:  /data/sat/products/PMW_sats/MWCCH_hail_probability/netcdf_MSG_grid/2015/04/03/20150403_S0449_E0450_GMI_gpm_MSGgrid.nc
There was a key error (probably due to hail class and nans) in file:  /data/sat/products/PMW_sats/MWCCH_hail_probability/netcdf_MSG_grid/2015/04/03/20150403_S0449_E0450_GMI_gpm_MSGgrid.nc
There was a key error (probably due to hail class and nans) in file:  /data/sat/products/PMW_sats/MWCCH_hail_probability/netcdf_MSG_grid/2015/04/03/20150403_S0449_E0450_GMI_gpm_MSGgrid.nc
There was a key error (probably due to hail class and nans) in file:  /data/sat/products/PMW_sats/MWCCH_hail_probability/netcdf_MSG_grid/2015/04/03/20150403_S0449_E0450_GMI_gpm_MSGgrid.nc
There was a key error (probably due to hail class and nans) in file:  /data/sat/products/PMW_sats/MWCCH_hail_probability/netcdf_MSG_grid/2015/04/03/20150403_S0449_E0450_GMI_gpm_MSGgrid.nc
There was a key error (probably due to hail class and nans) in file:  /data/sat/products/PMW_sats/MWCCH_hail_probability/netcdf_MSG_grid/2015/04/03/20150403_S0449_E0450_GMI_gpm_MSGgrid.nc
There was a key error (probably due to hail class and nans) in file:  /data/sat/products/PMW_sats/MWCCH_hail_probability/netcdf_MSG_grid/2015/04/06/20150406_S0721_E0721_SSMIS_f17_MSGgrid.nc
There was a key error (probably due to hail class and nans) in file:  /data/sat/products/PMW_sats/MWCCH_hail_probability/netcdf_MSG_grid/2015/04/06/20150406_S0721_E0721_SSMIS_f17_MSGgrid.nc
There was a key error (probably due to hail class and nans) in file:  /data/sat/products/PMW_sats/MWCCH_hail_probability/netcdf_MSG_grid/2015/04/06/20150406_S0721_E0721_SSMIS_f17_MSGgrid.nc
There was a key error (probably due to hail class and nans) in file:  /data/sat/products/PMW_sats/MWCCH_hail_probability/netcdf_MSG_grid/2015/04/06/20150406_S0721_E0721_SSMIS_f17_MSGgrid.nc
There was a key error (probably due to hail class and nans) in file:  /data/sat/products/PMW_sats/MWCCH_hail_probability/netcdf_MSG_grid/2015/04/06/20150406_S0721_E0721_SSMIS_f17_MSGgrid.nc
There was a key error (probably due to hail class and nans) in file:  /data/sat/products/PMW_sats/MWCCH_hail_probability/netcdf_MSG_grid/2015/04/06/20150406_S0721_E0721_SSMIS_f17_MSGgrid.nc
There was a key error (probably due to hail class and nans) in file:  /data/sat/products/PMW_sats/MWCCH_hail_probability/netcdf_MSG_grid/2015/04/06/20150406_S0721_E0721_SSMIS_f17_MSGgrid.nc
There was a key error (probably due to hail class and nans) in file:  /data/sat/products/PMW_sats/MWCCH_hail_probability/netcdf_MSG_grid/2015/04/06/20150406_S0721_E0721_SSMIS_f17_MSGgrid.nc
There was a key error (probably due to hail class and nans) in file:  /data/sat/products/PMW_sats/MWCCH_hail_probability/netcdf_MSG_grid/2015/04/06/20150406_S0721_E0721_SSMIS_f17_MSGgrid.nc
There was a key error (probably due to hail class and nans) in file:  /data/sat/products/PMW_sats/MWCCH_hail_probability/netcdf_MSG_grid/2015/04/06/20150406_S0721_E0721_SSMIS_f17_MSGgrid.nc
There was a key error (probably due to hail class and nans) in file:  /data/sat/products/PMW_sats/MWCCH_hail_probability/netcdf_MSG_grid/2015/04/06/20150406_S0721_E0721_SSMIS_f17_MSGgrid.nc
There was a key error (probably due to hail class and nans) in file:  /data/sat/products/PMW_sats/MWCCH_hail_probability/netcdf_MSG_grid/2015/04/10/20150410_S0500_E0500_GMI_gpm_MSGgrid.nc
There was a key error (probably due to hail class and nans) in file:  /data/sat/products/PMW_sats/MWCCH_hail_probability/netcdf_MSG_grid/2015/04/10/20150410_S0500_E0500_GMI_gpm_MSGgrid.nc
There was a key error (probably due to hail class and nans) in file:  /data/sat/products/PMW_sats/MWCCH_hail_probability/netcdf_MSG_grid/2015/04/10/20150410_S0500_E0500_GMI_gpm_MSGgrid.nc
There was a key error (probably due to hail class and nans) in file:  /data/sat/products/PMW_sats/MWCCH_hail_probability/netcdf_MSG_grid/2015/04/10/20150410_S0500_E0500_GMI_gpm_MSGgrid.nc
There was a key error (probably due to hail class and nans) in file:  /data/sat/products/PMW_sats/MWCCH_hail_probability/netcdf_MSG_grid/2015/04/10/20150410_S0500_E0500_GMI_gpm_MSGgrid.nc
There was a key error (probably due to hail class and nans) in file:  /data/sat/products/PMW_sats/MWCCH_hail_probability/netcdf_MSG_grid/2015/04/10/20150410_S0500_E0500_GMI_gpm_MSGgrid.nc
There was a key error (probably due to hail class and nans) in file:  /data/sat/products/PMW_sats/MWCCH_hail_probability/netcdf_MSG_grid/2015/04/10/20150410_S0500_E0500_GMI_gpm_MSGgrid.nc
There was a key error (probably due to hail class and nans) in file:  /data/sat/products/PMW_sats/MWCCH_hail_probability/netcdf_MSG_grid/2015/04/10/20150410_S0500_E0500_GMI_gpm_MSGgrid.nc
There was a key error (probably due to hail class and nans) in file:  /data/sat/products/PMW_sats/MWCCH_hail_probability/netcdf_MSG_grid/2015/04/10/20150410_S0500_E0500_GMI_gpm_MSGgrid.nc
There was a key error (probably due to hail class and nans) in file:  /data/sat/products/PMW_sats/MWCCH_hail_probability/netcdf_MSG_grid/2015/04/10/20150410_S0500_E0500_GMI_gpm_MSGgrid.nc
There was a key error (probably due to hail class and nans) in file:  /data/sat/products/PMW_sats/MWCCH_hail_probability/netcdf_MSG_grid/2015/04/10/20150410_S0500_E0500_GMI_gpm_MSGgrid.nc
There was a key error (probably due to hail class and nans) in file:  /data/sat/products/PMW_sats/MWCCH_hail_probability/netcdf_MSG_grid/2015/05/02/20150502_S2059_E2059_MHS_meto01_MSGgrid.nc
There was a key error (probably due to hail class and nans) in file:  /data/sat/products/PMW_sats/MWCCH_hail_probability/netcdf_MSG_grid/2015/05/02/20150502_S2059_E2059_MHS_meto01_MSGgrid.nc
There was a key error (probably due to hail class and nans) in file:  /data/sat/products/PMW_sats/MWCCH_hail_probability/netcdf_MSG_grid/2015/05/02/20150502_S2059_E2059_MHS_meto01_MSGgrid.nc
There was a key error (probably due to hail class and nans) in file:  /data/sat/products/PMW_sats/MWCCH_hail_probability/netcdf_MSG_grid/2015/05/02/20150502_S2059_E2059_MHS_meto01_MSGgrid.nc
There was a key error (probably due to hail class and nans) in file:  /data/sat/products/PMW_sats/MWCCH_hail_probability/netcdf_MSG_grid/2015/05/02/20150502_S2059_E2059_MHS_meto01_MSGgrid.nc
There was a key error (probably due to hail class and nans) in file:  /data/sat/products/PMW_sats/MWCCH_hail_probability/netcdf_MSG_grid/2015/05/02/20150502_S2059_E2059_MHS_meto01_MSGgrid.nc
There was a key error (probably due to hail class and nans) in file:  /data/sat/products/PMW_sats/MWCCH_hail_probability/netcdf_MSG_grid/2015/05/02/20150502_S2059_E2059_MHS_meto01_MSGgrid.nc
There was a key error (probably due to hail class and nans) in file:  /data/sat/products/PMW_sats/MWCCH_hail_probability/netcdf_MSG_grid/2015/05/02/20150502_S2059_E2059_MHS_meto01_MSGgrid.nc
There was a key error (probably due to hail class and nans) in file:  /data/sat/products/PMW_sats/MWCCH_hail_probability/netcdf_MSG_grid/2015/05/02/20150502_S2059_E2059_MHS_meto01_MSGgrid.nc
There was a key error (probably due to hail class and nans) in file:  /data/sat/products/PMW_sats/MWCCH_hail_probability/netcdf_MSG_grid/2015/05/02/20150502_S2059_E2059_MHS_meto01_MSGgrid.nc
There was a key error (probably due to hail class and nans) in file:  /data/sat/products/PMW_sats/MWCCH_hail_probability/netcdf_MSG_grid/2015/05/02/20150502_S2059_E2059_MHS_meto01_MSGgrid.nc
There was a key error (probably due to hail class and nans) in file:  /data/sat/products/PMW_sats/MWCCH_hail_probability/netcdf_MSG_grid/2015/05/02/20150502_S2059_E2059_MHS_meto01_MSGgrid.nc
There was a key error (probably due to hail class and nans) in file:  /data/sat/products/PMW_sats/MWCCH_hail_probability/netcdf_MSG_grid/2015/05/02/20150502_S2059_E2059_MHS_meto01_MSGgrid.nc
There was a key error (probably due to hail class and nans) in file:  /data/sat/products/PMW_sats/MWCCH_hail_probability/netcdf_MSG_grid/2015/05/02/20150502_S2059_E2059_MHS_meto01_MSGgrid.nc
There was a key error (probably due to hail class and nans) in file:  /data/sat/products/PMW_sats/MWCCH_hail_probability/netcdf_MSG_grid/2015/05/02/20150502_S2059_E2059_MHS_meto01_MSGgrid.nc
There was a key error (probably due to hail class and nans) in file:  /data/sat/products/PMW_sats/MWCCH_hail_probability/netcdf_MSG_grid/2015/05/02/20150502_S2059_E2059_MHS_meto01_MSGgrid.nc
There was a key error (probably due to hail class and nans) in file:  /data/sat/products/PMW_sats/MWCCH_hail_probability/netcdf_MSG_grid/2015/05/02/20150502_S2059_E2059_MHS_meto01_MSGgrid.nc
There was a key error (probably due to hail class and nans) in file:  /data/sat/products/PMW_sats/MWCCH_hail_probability/netcdf_MSG_grid/2015/05/03/20150503_S2204_E2204_GMI_gpm_MSGgrid.nc
There was a key error (probably due to hail class and nans) in file:  /data/sat/products/PMW_sats/MWCCH_hail_probability/netcdf_MSG_grid/2015/05/03/20150503_S2204_E2204_GMI_gpm_MSGgrid.nc
There was a key error (probably due to hail class and nans) in file:  /data/sat/products/PMW_sats/MWCCH_hail_probability/netcdf_MSG_grid/2015/05/03/20150503_S2204_E2204_GMI_gpm_MSGgrid.nc
There was a key error (probably due to hail class and nans) in file:  /data/sat/products/PMW_sats/MWCCH_hail_probability/netcdf_MSG_grid/2015/05/03/20150503_S2204_E2204_GMI_gpm_MSGgrid.nc
There was a key error (probably due to hail class and nans) in file:  /data/sat/products/PMW_sats/MWCCH_hail_probability/netcdf_MSG_grid/2015/05/03/20150503_S2204_E2204_GMI_gpm_MSGgrid.nc
There was a key error (probably due to hail class and nans) in file:  /data/sat/products/PMW_sats/MWCCH_hail_probability/netcdf_MSG_grid/2015/05/03/20150503_S2204_E2204_GMI_gpm_MSGgrid.nc
There was a key error (probably due to hail class and nans) in file:  /data/sat/products/PMW_sats/MWCCH_hail_probability/netcdf_MSG_grid/2015/05/03/20150503_S2204_E2204_GMI_gpm_MSGgrid.nc
There was a key error (probably due to hail class and nans) in file:  /data/sat/products/PMW_sats/MWCCH_hail_probability/netcdf_MSG_grid/2015/05/03/20150503_S2204_E2204_GMI_gpm_MSGgrid.nc
There was a key error (probably due to hail class and nans) in file:  /data/sat/products/PMW_sats/MWCCH_hail_probability/netcdf_MSG_grid/2015/05/03/20150503_S2204_E2204_GMI_gpm_MSGgrid.nc
There was a key error (probably due to hail class and nans) in file:  /data/sat/products/PMW_sats/MWCCH_hail_probability/netcdf_MSG_grid/2015/05/03/20150503_S2204_E2204_GMI_gpm_MSGgrid.nc
There was a key error (probably due to hail class and nans) in file:  /data/sat/products/PMW_sats/MWCCH_hail_probability/netcdf_MSG_grid/2015/05/03/20150503_S2204_E2204_GMI_gpm_MSGgrid.nc
There was a key error (probably due to hail class and nans) in file:  /data/sat/products/PMW_sats/MWCCH_hail_probability/netcdf_MSG_grid/2015/05/03/20150503_S2204_E2204_GMI_gpm_MSGgrid.nc
There was a key error (probably due to hail class and nans) in file:  /data/sat/products/PMW_sats/MWCCH_hail_probability/netcdf_MSG_grid/2015/05/03/20150503_S2204_E2204_GMI_gpm_MSGgrid.nc
There was a key error (probably due to hail class and nans) in file:  /data/sat/products/PMW_sats/MWCCH_hail_probability/netcdf_MSG_grid/2015/05/03/20150503_S2204_E2204_GMI_gpm_MSGgrid.nc
There was a key error (probably due to hail class and nans) in file:  /data/sat/products/PMW_sats/MWCCH_hail_probability/netcdf_MSG_grid/2015/05/03/20150503_S2204_E2204_GMI_gpm_MSGgrid.nc
There was a key error (probably due to hail class and nans) in file:  /data/sat/products/PMW_sats/MWCCH_hail_probability/netcdf_MSG_grid/2015/05/03/20150503_S2204_E2204_GMI_gpm_MSGgrid.nc
There was a key error (probably due to hail class and nans) in file:  /data/sat/products/PMW_sats/MWCCH_hail_probability/netcdf_MSG_grid/2015/05/03/20150503_S2204_E2204_GMI_gpm_MSGgrid.nc
There was a key error (probably due to hail class and nans) in file:  /data/sat/products/PMW_sats/MWCCH_hail_probability/netcdf_MSG_grid/2015/05/14/20150514_S1533_E1533_SSMIS_f17_MSGgrid.nc
There was a key error (probably due to hail class and nans) in file:  /data/sat/products/PMW_sats/MWCCH_hail_probability/netcdf_MSG_grid/2015/05/14/20150514_S1533_E1533_SSMIS_f17_MSGgrid.nc
There was a key error (probably due to hail class and nans) in file:  /data/sat/products/PMW_sats/MWCCH_hail_probability/netcdf_MSG_grid/2015/05/23/20150523_S0946_E0947_MHS_meto02_MSGgrid.nc
There was a key error (probably due to hail class and nans) in file:  /data/sat/products/PMW_sats/MWCCH_hail_probability/netcdf_MSG_grid/2015/05/23/20150523_S0946_E0947_MHS_meto02_MSGgrid.nc
There was a key error (probably due to hail class and nans) in file:  /data/sat/products/PMW_sats/MWCCH_hail_probability/netcdf_MSG_grid/2015/05/23/20150523_S0946_E0947_MHS_meto02_MSGgrid.nc
There was a key error (probably due to hail class and nans) in file:  /data/sat/products/PMW_sats/MWCCH_hail_probability/netcdf_MSG_grid/2015/05/23/20150523_S0946_E0947_MHS_meto02_MSGgrid.nc
There was a key error (probably due to hail class and nans) in file:  /data/sat/products/PMW_sats/MWCCH_hail_probability/netcdf_MSG_grid/2015/05/23/20150523_S0946_E0947_MHS_meto02_MSGgrid.nc
There was a key error (probably due to hail class and nans) in file:  /data/sat/products/PMW_sats/MWCCH_hail_probability/netcdf_MSG_grid/2015/05/23/20150523_S0946_E0947_MHS_meto02_MSGgrid.nc
There was a key error (probably due to hail class and nans) in file:  /data/sat/products/PMW_sats/MWCCH_hail_probability/netcdf_MSG_grid/2015/05/23/20150523_S0946_E0947_MHS_meto02_MSGgrid.nc
There was a key error (probably due to hail class and nans) in file:  /data/sat/products/PMW_sats/MWCCH_hail_probability/netcdf_MSG_grid/2015/05/23/20150523_S0946_E0947_MHS_meto02_MSGgrid.nc
There was a key error (probably due to hail class and nans) in file:  /data/sat/products/PMW_sats/MWCCH_hail_probability/netcdf_MSG_grid/2015/05/23/20150523_S0946_E0947_MHS_meto02_MSGgrid.nc
There was a key error (probably due to hail class and nans) in file:  /data/sat/products/PMW_sats/MWCCH_hail_probability/netcdf_MSG_grid/2015/05/23/20150523_S0946_E0947_MHS_meto02_MSGgrid.nc
There was a key error (probably due to hail class and nans) in file:  /data/sat/products/PMW_sats/MWCCH_hail_probability/netcdf_MSG_grid/2015/05/23/20150523_S0946_E0947_MHS_meto02_MSGgrid.nc
There was a key error (probably due to hail class and nans) in file:  /data/sat/products/PMW_sats/MWCCH_hail_probability/netcdf_MSG_grid/2015/05/25/20150525_S0210_E0211_MHS_noaa19_MSGgrid.nc
There was a key error (probably due to hail class and nans) in file:  /data/sat/products/PMW_sats/MWCCH_hail_probability/netcdf_MSG_grid/2015/05/25/20150525_S0210_E0211_MHS_noaa19_MSGgrid.nc
There was a key error (probably due to hail class and nans) in file:  /data/sat/products/PMW_sats/MWCCH_hail_probability/netcdf_MSG_grid/2015/05/25/20150525_S0210_E0211_MHS_noaa19_MSGgrid.nc
There was a key error (probably due to hail class and nans) in file:  /data/sat/products/PMW_sats/MWCCH_hail_probability/netcdf_MSG_grid/2015/05/25/20150525_S0210_E0211_MHS_noaa19_MSGgrid.nc
There was a key error (probably due to hail class and nans) in file:  /data/sat/products/PMW_sats/MWCCH_hail_probability/netcdf_MSG_grid/2015/05/25/20150525_S0210_E0211_MHS_noaa19_MSGgrid.nc
There was a key error (probably due to hail class and nans) in file:  /data/sat/products/PMW_sats/MWCCH_hail_probability/netcdf_MSG_grid/2015/05/25/20150525_S0210_E0211_MHS_noaa19_MSGgrid.nc
There was a key error (probably due to hail class and nans) in file:  /data/sat/products/PMW_sats/MWCCH_hail_probability/netcdf_MSG_grid/2015/05/25/20150525_S0210_E0211_MHS_noaa19_MSGgrid.nc
There was a key error (probably due to hail class and nans) in file:  /data/sat/products/PMW_sats/MWCCH_hail_probability/netcdf_MSG_grid/2015/05/25/20150525_S0210_E0211_MHS_noaa19_MSGgrid.nc
There was a key error (probably due to hail class and nans) in file:  /data/sat/products/PMW_sats/MWCCH_hail_probability/netcdf_MSG_grid/2015/05/25/20150525_S0210_E0211_MHS_noaa19_MSGgrid.nc
There was a key error (probably due to hail class and nans) in file:  /data/sat/products/PMW_sats/MWCCH_hail_probability/netcdf_MSG_grid/2015/05/25/20150525_S0210_E0211_MHS_noaa19_MSGgrid.nc
There was a key error (probably due to hail class and nans) in file:  /data/sat/products/PMW_sats/MWCCH_hail_probability/netcdf_MSG_grid/2015/05/25/20150525_S0210_E0211_MHS_noaa19_MSGgrid.nc
There was a key error (probably due to hail class and nans) in file:  /data/sat/products/PMW_sats/MWCCH_hail_probability/netcdf_MSG_grid/2015/05/25/20150525_S0210_E0211_MHS_noaa19_MSGgrid.nc
There was a key error (probably due to hail class and nans) in file:  /data/sat/products/PMW_sats/MWCCH_hail_probability/netcdf_MSG_grid/2015/05/25/20150525_S0210_E0211_MHS_noaa19_MSGgrid.nc
There was a key error (probably due to hail class and nans) in file:  /data/sat/products/PMW_sats/MWCCH_hail_probability/netcdf_MSG_grid/2015/05/25/20150525_S0210_E0211_MHS_noaa19_MSGgrid.nc
There was a key error (probably due to hail class and nans) in file:  /data/sat/products/PMW_sats/MWCCH_hail_probability/netcdf_MSG_grid/2015/05/25/20150525_S0210_E0211_MHS_noaa19_MSGgrid.nc
There was a key error (probably due to hail class and nans) in file:  /data/sat/products/PMW_sats/MWCCH_hail_probability/netcdf_MSG_grid/2015/05/25/20150525_S0210_E0211_MHS_noaa19_MSGgrid.nc
There was a key error (probably due to hail class and nans) in file:  /data/sat/products/PMW_sats/MWCCH_hail_probability/netcdf_MSG_grid/2015/05/25/20150525_S0210_E0211_MHS_noaa19_MSGgrid.nc
There was a key error (probably due to hail class and nans) in file:  /data/sat/products/PMW_sats/MWCCH_hail_probability/netcdf_MSG_grid/2015/05/25/20150525_S0210_E0211_MHS_noaa19_MSGgrid.nc
There was a key error (probably due to hail class and nans) in file:  /data/sat/products/PMW_sats/MWCCH_hail_probability/netcdf_MSG_grid/2015/05/25/20150525_S0210_E0211_MHS_noaa19_MSGgrid.nc
There was a key error (probably due to hail class and nans) in file:  /data/sat/products/PMW_sats/MWCCH_hail_probability/netcdf_MSG_grid/2015/06/10/20150610_S1800_E1800_SSMIS_f17_MSGgrid.nc
There was a key error (probably due to hail class and nans) in file:  /data/sat/products/PMW_sats/MWCCH_hail_probability/netcdf_MSG_grid/2015/06/10/20150610_S1800_E1800_SSMIS_f17_MSGgrid.nc
There was a key error (probably due to hail class and nans) in file:  /data/sat/products/PMW_sats/MWCCH_hail_probability/netcdf_MSG_grid/2015/06/10/20150610_S1800_E1800_SSMIS_f17_MSGgrid.nc
There was a key error (probably due to hail class and nans) in file:  /data/sat/products/PMW_sats/MWCCH_hail_probability/netcdf_MSG_grid/2015/06/10/20150610_S1800_E1800_SSMIS_f17_MSGgrid.nc
There was a key error (probably due to hail class and nans) in file:  /data/sat/products/PMW_sats/MWCCH_hail_probability/netcdf_MSG_grid/2015/06/10/20150610_S1800_E1800_SSMIS_f17_MSGgrid.nc
There was a key error (probably due to hail class and nans) in file:  /data/sat/products/PMW_sats/MWCCH_hail_probability/netcdf_MSG_grid/2015/06/10/20150610_S1800_E1800_SSMIS_f17_MSGgrid.nc
There was a key error (probably due to hail class and nans) in file:  /data/sat/products/PMW_sats/MWCCH_hail_probability/netcdf_MSG_grid/2015/06/10/20150610_S1800_E1800_SSMIS_f17_MSGgrid.nc
There was a key error (probably due to hail class and nans) in file:  /data/sat/products/PMW_sats/MWCCH_hail_probability/netcdf_MSG_grid/2015/06/10/20150610_S1800_E1800_SSMIS_f17_MSGgrid.nc
There was a key error (probably due to hail class and nans) in file:  /data/sat/products/PMW_sats/MWCCH_hail_probability/netcdf_MSG_grid/2015/06/10/20150610_S1800_E1800_SSMIS_f17_MSGgrid.nc
There was a key error (probably due to hail class and nans) in file:  /data/sat/products/PMW_sats/MWCCH_hail_probability/netcdf_MSG_grid/2015/06/10/20150610_S1800_E1800_SSMIS_f17_MSGgrid.nc
There was a key error (probably due to hail class and nans) in file:  /data/sat/products/PMW_sats/MWCCH_hail_probability/netcdf_MSG_grid/2015/06/10/20150610_S1800_E1800_SSMIS_f17_MSGgrid.nc
There was a key error (probably due to hail class and nans) in file:  /data/sat/products/PMW_sats/MWCCH_hail_probability/netcdf_MSG_grid/2015/06/10/20150610_S1800_E1800_SSMIS_f17_MSGgrid.nc
There was a key error (probably due to hail class and nans) in file:  /data/sat/products/PMW_sats/MWCCH_hail_probability/netcdf_MSG_grid/2015/06/10/20150610_S1800_E1800_SSMIS_f17_MSGgrid.nc
There was a key error (probably due to hail class and nans) in file:  /data/sat/products/PMW_sats/MWCCH_hail_probability/netcdf_MSG_grid/2015/06/10/20150610_S1800_E1800_SSMIS_f17_MSGgrid.nc
There was a key error (probably due to hail class and nans) in file:  /data/sat/products/PMW_sats/MWCCH_hail_probability/netcdf_MSG_grid/2015/06/10/20150610_S1800_E1800_SSMIS_f17_MSGgrid.nc
There was a key error (probably due to hail class and nans) in file:  /data/sat/products/PMW_sats/MWCCH_hail_probability/netcdf_MSG_grid/2015/06/10/20150610_S1800_E1800_SSMIS_f17_MSGgrid.nc
There was a key error (probably due to hail class and nans) in file:  /data/sat/products/PMW_sats/MWCCH_hail_probability/netcdf_MSG_grid/2015/06/10/20150610_S1800_E1800_SSMIS_f17_MSGgrid.nc
There was a key error (probably due to hail class and nans) in file:  /data/sat/products/PMW_sats/MWCCH_hail_probability/netcdf_MSG_grid/2015/06/10/20150610_S1800_E1800_SSMIS_f17_MSGgrid.nc
There was a key error (probably due to hail class and nans) in file:  /data/sat/products/PMW_sats/MWCCH_hail_probability/netcdf_MSG_grid/2015/06/11/20150611_S0835_E0835_GMI_gpm_MSGgrid.nc
There was a key error (probably due to hail class and nans) in file:  /data/sat/products/PMW_sats/MWCCH_hail_probability/netcdf_MSG_grid/2015/06/11/20150611_S0835_E0835_GMI_gpm_MSGgrid.nc
There was a key error (probably due to hail class and nans) in file:  /data/sat/products/PMW_sats/MWCCH_hail_probability/netcdf_MSG_grid/2015/06/11/20150611_S0835_E0835_GMI_gpm_MSGgrid.nc
There was a key error (probably due to hail class and nans) in file:  /data/sat/products/PMW_sats/MWCCH_hail_probability/netcdf_MSG_grid/2015/06/11/20150611_S0835_E0835_GMI_gpm_MSGgrid.nc
There was a key error (probably due to hail class and nans) in file:  /data/sat/products/PMW_sats/MWCCH_hail_probability/netcdf_MSG_grid/2015/06/11/20150611_S0835_E0835_GMI_gpm_MSGgrid.nc
There was a key error (probably due to hail class and nans) in file:  /data/sat/products/PMW_sats/MWCCH_hail_probability/netcdf_MSG_grid/2015/06/11/20150611_S0835_E0835_GMI_gpm_MSGgrid.nc
There was a key error (probably due to hail class and nans) in file:  /data/sat/products/PMW_sats/MWCCH_hail_probability/netcdf_MSG_grid/2015/06/11/20150611_S0835_E0835_GMI_gpm_MSGgrid.nc
There was a key error (probably due to hail class and nans) in file:  /data/sat/products/PMW_sats/MWCCH_hail_probability/netcdf_MSG_grid/2015/06/11/20150611_S0835_E0835_GMI_gpm_MSGgrid.nc
There was a key error (probably due to hail class and nans) in file:  /data/sat/products/PMW_sats/MWCCH_hail_probability/netcdf_MSG_grid/2015/06/11/20150611_S0835_E0835_GMI_gpm_MSGgrid.nc
There was a key error (probably due to hail class and nans) in file:  /data/sat/products/PMW_sats/MWCCH_hail_probability/netcdf_MSG_grid/2015/06/11/20150611_S0835_E0835_GMI_gpm_MSGgrid.nc
There was a key error (probably due to hail class and nans) in file:  /data/sat/products/PMW_sats/MWCCH_hail_probability/netcdf_MSG_grid/2015/06/11/20150611_S0835_E0835_GMI_gpm_MSGgrid.nc
There was a key error (probably due to hail class and nans) in file:  /data/sat/products/PMW_sats/MWCCH_hail_probability/netcdf_MSG_grid/2015/06/11/20150611_S0835_E0835_GMI_gpm_MSGgrid.nc
There was a key error (probably due to hail class and nans) in file:  /data/sat/products/PMW_sats/MWCCH_hail_probability/netcdf_MSG_grid/2015/06/11/20150611_S0835_E0835_GMI_gpm_MSGgrid.nc
There was a key error (probably due to hail class and nans) in file:  /data/sat/products/PMW_sats/MWCCH_hail_probability/netcdf_MSG_grid/2015/06/11/20150611_S0835_E0835_GMI_gpm_MSGgrid.nc
There was a key error (probably due to hail class and nans) in file:  /data/sat/products/PMW_sats/MWCCH_hail_probability/netcdf_MSG_grid/2015/06/12/20150612_S2056_E2057_MHS_meto02_MSGgrid.nc
There was a key error (probably due to hail class and nans) in file:  /data/sat/products/PMW_sats/MWCCH_hail_probability/netcdf_MSG_grid/2015/06/12/20150612_S2056_E2057_MHS_meto02_MSGgrid.nc
There was a key error (probably due to hail class and nans) in file:  /data/sat/products/PMW_sats/MWCCH_hail_probability/netcdf_MSG_grid/2015/06/12/20150612_S2056_E2057_MHS_meto02_MSGgrid.nc
There was a key error (probably due to hail class and nans) in file:  /data/sat/products/PMW_sats/MWCCH_hail_probability/netcdf_MSG_grid/2015/06/12/20150612_S2056_E2057_MHS_meto02_MSGgrid.nc
There was a key error (probably due to hail class and nans) in file:  /data/sat/products/PMW_sats/MWCCH_hail_probability/netcdf_MSG_grid/2015/06/12/20150612_S2056_E2057_MHS_meto02_MSGgrid.nc
There was a key error (probably due to hail class and nans) in file:  /data/sat/products/PMW_sats/MWCCH_hail_probability/netcdf_MSG_grid/2015/06/12/20150612_S2056_E2057_MHS_meto02_MSGgrid.nc
There was a key error (probably due to hail class and nans) in file:  /data/sat/products/PMW_sats/MWCCH_hail_probability/netcdf_MSG_grid/2015/06/12/20150612_S2056_E2057_MHS_meto02_MSGgrid.nc
There was a key error (probably due to hail class and nans) in file:  /data/sat/products/PMW_sats/MWCCH_hail_probability/netcdf_MSG_grid/2015/06/12/20150612_S2056_E2057_MHS_meto02_MSGgrid.nc
There was a key error (probably due to hail class and nans) in file:  /data/sat/products/PMW_sats/MWCCH_hail_probability/netcdf_MSG_grid/2015/06/12/20150612_S2056_E2057_MHS_meto02_MSGgrid.nc
There was a key error (probably due to hail class and nans) in file:  /data/sat/products/PMW_sats/MWCCH_hail_probability/netcdf_MSG_grid/2015/06/12/20150612_S2056_E2057_MHS_meto02_MSGgrid.nc
There was a key error (probably due to hail class and nans) in file:  /data/sat/products/PMW_sats/MWCCH_hail_probability/netcdf_MSG_grid/2015/06/12/20150612_S2056_E2057_MHS_meto02_MSGgrid.nc
There was a key error (probably due to hail class and nans) in file:  /data/sat/products/PMW_sats/MWCCH_hail_probability/netcdf_MSG_grid/2015/06/12/20150612_S2056_E2057_MHS_meto02_MSGgrid.nc
There was a key error (probably due to hail class and nans) in file:  /data/sat/products/PMW_sats/MWCCH_hail_probability/netcdf_MSG_grid/2015/06/12/20150612_S2056_E2057_MHS_meto02_MSGgrid.nc
There was a key error (probably due to hail class and nans) in file:  /data/sat/products/PMW_sats/MWCCH_hail_probability/netcdf_MSG_grid/2015/06/12/20150612_S2056_E2057_MHS_meto02_MSGgrid.nc
There was a key error (probably due to hail class and nans) in file:  /data/sat/products/PMW_sats/MWCCH_hail_probability/netcdf_MSG_grid/2015/06/12/20150612_S2056_E2057_MHS_meto02_MSGgrid.nc
There was a key error (probably due to hail class and nans) in file:  /data/sat/products/PMW_sats/MWCCH_hail_probability/netcdf_MSG_grid/2015/06/12/20150612_S2056_E2057_MHS_meto02_MSGgrid.nc
There was a key error (probably due to hail class and nans) in file:  /data/sat/products/PMW_sats/MWCCH_hail_probability/netcdf_MSG_grid/2015/06/12/20150612_S2056_E2057_MHS_meto02_MSGgrid.nc
21000
There was a key error (probably due to hail class and nans) in file:  /data/sat/products/PMW_sats/MWCCH_hail_probability/netcdf_MSG_grid/2015/06/25/20150625_S0456_E0456_SSMIS_f17_MSGgrid.nc
There was a key error (probably due to hail class and nans) in file:  /data/sat/products/PMW_sats/MWCCH_hail_probability/netcdf_MSG_grid/2015/06/25/20150625_S0456_E0456_SSMIS_f17_MSGgrid.nc
There was a key error (probably due to hail class and nans) in file:  /data/sat/products/PMW_sats/MWCCH_hail_probability/netcdf_MSG_grid/2015/06/25/20150625_S0456_E0456_SSMIS_f17_MSGgrid.nc
There was a key error (probably due to hail class and nans) in file:  /data/sat/products/PMW_sats/MWCCH_hail_probability/netcdf_MSG_grid/2015/06/25/20150625_S0456_E0456_SSMIS_f17_MSGgrid.nc
There was a key error (probably due to hail class and nans) in file:  /data/sat/products/PMW_sats/MWCCH_hail_probability/netcdf_MSG_grid/2015/06/25/20150625_S0456_E0456_SSMIS_f17_MSGgrid.nc
There was a key error (probably due to hail class and nans) in file:  /data/sat/products/PMW_sats/MWCCH_hail_probability/netcdf_MSG_grid/2015/06/25/20150625_S0456_E0456_SSMIS_f17_MSGgrid.nc
There was a key error (probably due to hail class and nans) in file:  /data/sat/products/PMW_sats/MWCCH_hail_probability/netcdf_MSG_grid/2015/06/25/20150625_S0456_E0456_SSMIS_f17_MSGgrid.nc
There was a key error (probably due to hail class and nans) in file:  /data/sat/products/PMW_sats/MWCCH_hail_probability/netcdf_MSG_grid/2015/06/25/20150625_S0456_E0456_SSMIS_f17_MSGgrid.nc
There was a key error (probably due to hail class and nans) in file:  /data/sat/products/PMW_sats/MWCCH_hail_probability/netcdf_MSG_grid/2015/06/25/20150625_S0456_E0456_SSMIS_f17_MSGgrid.nc
There was a key error (probably due to hail class and nans) in file:  /data/sat/products/PMW_sats/MWCCH_hail_probability/netcdf_MSG_grid/2015/06/25/20150625_S0456_E0456_SSMIS_f17_MSGgrid.nc
There was a key error (probably due to hail class and nans) in file:  /data/sat/products/PMW_sats/MWCCH_hail_probability/netcdf_MSG_grid/2015/06/25/20150625_S0456_E0456_SSMIS_f17_MSGgrid.nc
There was a key error (probably due to hail class and nans) in file:  /data/sat/products/PMW_sats/MWCCH_hail_probability/netcdf_MSG_grid/2015/06/25/20150625_S0456_E0456_SSMIS_f17_MSGgrid.nc
There was a key error (probably due to hail class and nans) in file:  /data/sat/products/PMW_sats/MWCCH_hail_probability/netcdf_MSG_grid/2015/06/25/20150625_S0456_E0456_SSMIS_f17_MSGgrid.nc
There was a key error (probably due to hail class and nans) in file:  /data/sat/products/PMW_sats/MWCCH_hail_probability/netcdf_MSG_grid/2015/06/25/20150625_S0456_E0456_SSMIS_f17_MSGgrid.nc
There was a key error (probably due to hail class and nans) in file:  /data/sat/products/PMW_sats/MWCCH_hail_probability/netcdf_MSG_grid/2015/06/25/20150625_S0456_E0456_SSMIS_f17_MSGgrid.nc
There was a key error (probably due to hail class and nans) in file:  /data/sat/products/PMW_sats/MWCCH_hail_probability/netcdf_MSG_grid/2015/06/25/20150625_S0456_E0456_SSMIS_f17_MSGgrid.nc
There was a key error (probably due to hail class and nans) in file:  /data/sat/products/PMW_sats/MWCCH_hail_probability/netcdf_MSG_grid/2015/06/25/20150625_S0456_E0456_SSMIS_f17_MSGgrid.nc
There was a key error (probably due to hail class and nans) in file:  /data/sat/products/PMW_sats/MWCCH_hail_probability/netcdf_MSG_grid/2015/07/03/20150703_S2016_E2016_GMI_gpm_MSGgrid.nc
There was a key error (probably due to hail class and nans) in file:  /data/sat/products/PMW_sats/MWCCH_hail_probability/netcdf_MSG_grid/2015/07/03/20150703_S2016_E2016_GMI_gpm_MSGgrid.nc
There was a key error (probably due to hail class and nans) in file:  /data/sat/products/PMW_sats/MWCCH_hail_probability/netcdf_MSG_grid/2015/07/03/20150703_S2016_E2016_GMI_gpm_MSGgrid.nc
There was a key error (probably due to hail class and nans) in file:  /data/sat/products/PMW_sats/MWCCH_hail_probability/netcdf_MSG_grid/2015/07/03/20150703_S2016_E2016_GMI_gpm_MSGgrid.nc
There was a key error (probably due to hail class and nans) in file:  /data/sat/products/PMW_sats/MWCCH_hail_probability/netcdf_MSG_grid/2015/07/03/20150703_S2016_E2016_GMI_gpm_MSGgrid.nc
There was a key error (probably due to hail class and nans) in file:  /data/sat/products/PMW_sats/MWCCH_hail_probability/netcdf_MSG_grid/2015/07/03/20150703_S2016_E2016_GMI_gpm_MSGgrid.nc
There was a key error (probably due to hail class and nans) in file:  /data/sat/products/PMW_sats/MWCCH_hail_probability/netcdf_MSG_grid/2015/07/03/20150703_S2016_E2016_GMI_gpm_MSGgrid.nc
There was a key error (probably due to hail class and nans) in file:  /data/sat/products/PMW_sats/MWCCH_hail_probability/netcdf_MSG_grid/2015/07/03/20150703_S2016_E2016_GMI_gpm_MSGgrid.nc
There was a key error (probably due to hail class and nans) in file:  /data/sat/products/PMW_sats/MWCCH_hail_probability/netcdf_MSG_grid/2015/07/03/20150703_S2016_E2016_GMI_gpm_MSGgrid.nc
There was a key error (probably due to hail class and nans) in file:  /data/sat/products/PMW_sats/MWCCH_hail_probability/netcdf_MSG_grid/2015/07/03/20150703_S2016_E2016_GMI_gpm_MSGgrid.nc
There was a key error (probably due to hail class and nans) in file:  /data/sat/products/PMW_sats/MWCCH_hail_probability/netcdf_MSG_grid/2015/07/03/20150703_S2016_E2016_GMI_gpm_MSGgrid.nc
There was a key error (probably due to hail class and nans) in file:  /data/sat/products/PMW_sats/MWCCH_hail_probability/netcdf_MSG_grid/2015/07/07/20150707_S2039_E2040_MHS_meto02_MSGgrid.nc
There was a key error (probably due to hail class and nans) in file:  /data/sat/products/PMW_sats/MWCCH_hail_probability/netcdf_MSG_grid/2015/07/07/20150707_S2039_E2040_MHS_meto02_MSGgrid.nc
There was a key error (probably due to hail class and nans) in file:  /data/sat/products/PMW_sats/MWCCH_hail_probability/netcdf_MSG_grid/2015/07/07/20150707_S2039_E2040_MHS_meto02_MSGgrid.nc
There was a key error (probably due to hail class and nans) in file:  /data/sat/products/PMW_sats/MWCCH_hail_probability/netcdf_MSG_grid/2015/07/07/20150707_S2039_E2040_MHS_meto02_MSGgrid.nc
There was a key error (probably due to hail class and nans) in file:  /data/sat/products/PMW_sats/MWCCH_hail_probability/netcdf_MSG_grid/2015/07/07/20150707_S2039_E2040_MHS_meto02_MSGgrid.nc
There was a key error (probably due to hail class and nans) in file:  /data/sat/products/PMW_sats/MWCCH_hail_probability/netcdf_MSG_grid/2015/07/07/20150707_S2039_E2040_MHS_meto02_MSGgrid.nc
There was a key error (probably due to hail class and nans) in file:  /data/sat/products/PMW_sats/MWCCH_hail_probability/netcdf_MSG_grid/2015/07/07/20150707_S2039_E2040_MHS_meto02_MSGgrid.nc
There was a key error (probably due to hail class and nans) in file:  /data/sat/products/PMW_sats/MWCCH_hail_probability/netcdf_MSG_grid/2015/07/07/20150707_S2039_E2040_MHS_meto02_MSGgrid.nc
There was a key error (probably due to hail class and nans) in file:  /data/sat/products/PMW_sats/MWCCH_hail_probability/netcdf_MSG_grid/2015/07/07/20150707_S2039_E2040_MHS_meto02_MSGgrid.nc
There was a key error (probably due to hail class and nans) in file:  /data/sat/products/PMW_sats/MWCCH_hail_probability/netcdf_MSG_grid/2015/07/07/20150707_S2039_E2040_MHS_meto02_MSGgrid.nc
There was a key error (probably due to hail class and nans) in file:  /data/sat/products/PMW_sats/MWCCH_hail_probability/netcdf_MSG_grid/2015/07/07/20150707_S2039_E2040_MHS_meto02_MSGgrid.nc
There was a key error (probably due to hail class and nans) in file:  /data/sat/products/PMW_sats/MWCCH_hail_probability/netcdf_MSG_grid/2015/07/15/20150715_S2229_E2229_GMI_gpm_MSGgrid.nc
22000
There was a key error (probably due to hail class and nans) in file:  /data/sat/products/PMW_sats/MWCCH_hail_probability/netcdf_MSG_grid/2015/09/22/20150922_S1342_E1342_SSMIS_f16_MSGgrid.nc
There was a key error (probably due to hail class and nans) in file:  /data/sat/products/PMW_sats/MWCCH_hail_probability/netcdf_MSG_grid/2015/09/22/20150922_S1342_E1342_SSMIS_f16_MSGgrid.nc
There was a key error (probably due to hail class and nans) in file:  /data/sat/products/PMW_sats/MWCCH_hail_probability/netcdf_MSG_grid/2015/09/22/20150922_S1342_E1342_SSMIS_f16_MSGgrid.nc
There was a key error (probably due to hail class and nans) in file:  /data/sat/products/PMW_sats/MWCCH_hail_probability/netcdf_MSG_grid/2015/09/22/20150922_S1342_E1342_SSMIS_f16_MSGgrid.nc
There was a key error (probably due to hail class and nans) in file:  /data/sat/products/PMW_sats/MWCCH_hail_probability/netcdf_MSG_grid/2015/09/22/20150922_S1342_E1342_SSMIS_f16_MSGgrid.nc
There was a key error (probably due to hail class and nans) in file:  /data/sat/products/PMW_sats/MWCCH_hail_probability/netcdf_MSG_grid/2015/09/22/20150922_S1342_E1342_SSMIS_f16_MSGgrid.nc
There was a key error (probably due to hail class and nans) in file:  /data/sat/products/PMW_sats/MWCCH_hail_probability/netcdf_MSG_grid/2015/09/22/20150922_S1342_E1342_SSMIS_f16_MSGgrid.nc
There was a key error (probably due to hail class and nans) in file:  /data/sat/products/PMW_sats/MWCCH_hail_probability/netcdf_MSG_grid/2015/09/22/20150922_S1342_E1342_SSMIS_f16_MSGgrid.nc
There was a key error (probably due to hail class and nans) in file:  /data/sat/products/PMW_sats/MWCCH_hail_probability/netcdf_MSG_grid/2015/09/22/20150922_S1342_E1342_SSMIS_f16_MSGgrid.nc
There was a key error (probably due to hail class and nans) in file:  /data/sat/products/PMW_sats/MWCCH_hail_probability/netcdf_MSG_grid/2015/09/22/20150922_S1342_E1342_SSMIS_f16_MSGgrid.nc
There was a key error (probably due to hail class and nans) in file:  /data/sat/products/PMW_sats/MWCCH_hail_probability/netcdf_MSG_grid/2016/04/06/20160406_S0216_E0216_ATMS_npp_MSGgrid.nc
There was a key error (probably due to hail class and nans) in file:  /data/sat/products/PMW_sats/MWCCH_hail_probability/netcdf_MSG_grid/2016/04/06/20160406_S0216_E0216_ATMS_npp_MSGgrid.nc
There was a key error (probably due to hail class and nans) in file:  /data/sat/products/PMW_sats/MWCCH_hail_probability/netcdf_MSG_grid/2016/04/06/20160406_S0216_E0216_ATMS_npp_MSGgrid.nc
There was a key error (probably due to hail class and nans) in file:  /data/sat/products/PMW_sats/MWCCH_hail_probability/netcdf_MSG_grid/2016/04/06/20160406_S0216_E0216_ATMS_npp_MSGgrid.nc
There was a key error (probably due to hail class and nans) in file:  /data/sat/products/PMW_sats/MWCCH_hail_probability/netcdf_MSG_grid/2016/04/06/20160406_S0216_E0216_ATMS_npp_MSGgrid.nc
There was a key error (probably due to hail class and nans) in file:  /data/sat/products/PMW_sats/MWCCH_hail_probability/netcdf_MSG_grid/2016/04/06/20160406_S0216_E0216_ATMS_npp_MSGgrid.nc
There was a key error (probably due to hail class and nans) in file:  /data/sat/products/PMW_sats/MWCCH_hail_probability/netcdf_MSG_grid/2016/04/06/20160406_S0216_E0216_ATMS_npp_MSGgrid.nc
There was a key error (probably due to hail class and nans) in file:  /data/sat/products/PMW_sats/MWCCH_hail_probability/netcdf_MSG_grid/2016/04/06/20160406_S0216_E0216_ATMS_npp_MSGgrid.nc
There was a key error (probably due to hail class and nans) in file:  /data/sat/products/PMW_sats/MWCCH_hail_probability/netcdf_MSG_grid/2016/04/06/20160406_S0216_E0216_ATMS_npp_MSGgrid.nc
There was a key error (probably due to hail class and nans) in file:  /data/sat/products/PMW_sats/MWCCH_hail_probability/netcdf_MSG_grid/2016/04/06/20160406_S0216_E0216_ATMS_npp_MSGgrid.nc
There was a key error (probably due to hail class and nans) in file:  /data/sat/products/PMW_sats/MWCCH_hail_probability/netcdf_MSG_grid/2016/04/06/20160406_S0216_E0216_ATMS_npp_MSGgrid.nc
There was a key error (probably due to hail class and nans) in file:  /data/sat/products/PMW_sats/MWCCH_hail_probability/netcdf_MSG_grid/2016/04/06/20160406_S0216_E0216_ATMS_npp_MSGgrid.nc
There was a key error (probably due to hail class and nans) in file:  /data/sat/products/PMW_sats/MWCCH_hail_probability/netcdf_MSG_grid/2016/04/06/20160406_S0216_E0216_ATMS_npp_MSGgrid.nc
There was a key error (probably due to hail class and nans) in file:  /data/sat/products/PMW_sats/MWCCH_hail_probability/netcdf_MSG_grid/2016/04/06/20160406_S0216_E0216_ATMS_npp_MSGgrid.nc
There was a key error (probably due to hail class and nans) in file:  /data/sat/products/PMW_sats/MWCCH_hail_probability/netcdf_MSG_grid/2016/04/06/20160406_S0216_E0216_ATMS_npp_MSGgrid.nc
There was a key error (probably due to hail class and nans) in file:  /data/sat/products/PMW_sats/MWCCH_hail_probability/netcdf_MSG_grid/2016/04/06/20160406_S0216_E0216_ATMS_npp_MSGgrid.nc
There was a key error (probably due to hail class and nans) in file:  /data/sat/products/PMW_sats/MWCCH_hail_probability/netcdf_MSG_grid/2016/04/06/20160406_S0852_E0852_GMI_gpm_MSGgrid.nc
There was a key error (probably due to hail class and nans) in file:  /data/sat/products/PMW_sats/MWCCH_hail_probability/netcdf_MSG_grid/2016/04/06/20160406_S0852_E0852_GMI_gpm_MSGgrid.nc
There was a key error (probably due to hail class and nans) in file:  /data/sat/products/PMW_sats/MWCCH_hail_probability/netcdf_MSG_grid/2016/04/06/20160406_S0852_E0852_GMI_gpm_MSGgrid.nc
There was a key error (probably due to hail class and nans) in file:  /data/sat/products/PMW_sats/MWCCH_hail_probability/netcdf_MSG_grid/2016/04/06/20160406_S0852_E0852_GMI_gpm_MSGgrid.nc
There was a key error (probably due to hail class and nans) in file:  /data/sat/products/PMW_sats/MWCCH_hail_probability/netcdf_MSG_grid/2016/04/06/20160406_S0852_E0852_GMI_gpm_MSGgrid.nc
There was a key error (probably due to hail class and nans) in file:  /data/sat/products/PMW_sats/MWCCH_hail_probability/netcdf_MSG_grid/2016/04/06/20160406_S0852_E0852_GMI_gpm_MSGgrid.nc
There was a key error (probably due to hail class and nans) in file:  /data/sat/products/PMW_sats/MWCCH_hail_probability/netcdf_MSG_grid/2016/04/06/20160406_S0852_E0852_GMI_gpm_MSGgrid.nc
There was a key error (probably due to hail class and nans) in file:  /data/sat/products/PMW_sats/MWCCH_hail_probability/netcdf_MSG_grid/2016/04/09/20160409_S1553_E1553_GMI_gpm_MSGgrid.nc
There was a key error (probably due to hail class and nans) in file:  /data/sat/products/PMW_sats/MWCCH_hail_probability/netcdf_MSG_grid/2016/04/09/20160409_S1553_E1553_GMI_gpm_MSGgrid.nc
There was a key error (probably due to hail class and nans) in file:  /data/sat/products/PMW_sats/MWCCH_hail_probability/netcdf_MSG_grid/2016/04/09/20160409_S1553_E1553_GMI_gpm_MSGgrid.nc
There was a key error (probably due to hail class and nans) in file:  /data/sat/products/PMW_sats/MWCCH_hail_probability/netcdf_MSG_grid/2016/04/27/20160427_S1253_E1253_GMI_gpm_MSGgrid.nc
There was a key error (probably due to hail class and nans) in file:  /data/sat/products/PMW_sats/MWCCH_hail_probability/netcdf_MSG_grid/2016/04/27/20160427_S1253_E1253_GMI_gpm_MSGgrid.nc
There was a key error (probably due to hail class and nans) in file:  /data/sat/products/PMW_sats/MWCCH_hail_probability/netcdf_MSG_grid/2016/04/27/20160427_S1253_E1253_GMI_gpm_MSGgrid.nc
There was a key error (probably due to hail class and nans) in file:  /data/sat/products/PMW_sats/MWCCH_hail_probability/netcdf_MSG_grid/2016/04/27/20160427_S1253_E1253_GMI_gpm_MSGgrid.nc
There was a key error (probably due to hail class and nans) in file:  /data/sat/products/PMW_sats/MWCCH_hail_probability/netcdf_MSG_grid/2016/04/27/20160427_S1253_E1253_GMI_gpm_MSGgrid.nc
23000
There was a key error (probably due to hail class and nans) in file:  /data/sat/products/PMW_sats/MWCCH_hail_probability/netcdf_MSG_grid/2016/05/20/20160520_S2204_E2204_GMI_gpm_MSGgrid.nc
There was a key error (probably due to hail class and nans) in file:  /data/sat/products/PMW_sats/MWCCH_hail_probability/netcdf_MSG_grid/2016/05/20/20160520_S2204_E2204_GMI_gpm_MSGgrid.nc
There was a key error (probably due to hail class and nans) in file:  /data/sat/products/PMW_sats/MWCCH_hail_probability/netcdf_MSG_grid/2016/05/20/20160520_S2204_E2204_GMI_gpm_MSGgrid.nc
There was a key error (probably due to hail class and nans) in file:  /data/sat/products/PMW_sats/MWCCH_hail_probability/netcdf_MSG_grid/2016/05/20/20160520_S2204_E2204_GMI_gpm_MSGgrid.nc
There was a key error (probably due to hail class and nans) in file:  /data/sat/products/PMW_sats/MWCCH_hail_probability/netcdf_MSG_grid/2016/05/29/20160529_S0732_E0732_SSMIS_f17_MSGgrid.nc
There was a key error (probably due to hail class and nans) in file:  /data/sat/products/PMW_sats/MWCCH_hail_probability/netcdf_MSG_grid/2016/05/29/20160529_S0732_E0732_SSMIS_f17_MSGgrid.nc
There was a key error (probably due to hail class and nans) in file:  /data/sat/products/PMW_sats/MWCCH_hail_probability/netcdf_MSG_grid/2016/06/11/20160611_S1330_E1330_SSMIS_f16_MSGgrid.nc
There was a key error (probably due to hail class and nans) in file:  /data/sat/products/PMW_sats/MWCCH_hail_probability/netcdf_MSG_grid/2016/06/11/20160611_S1330_E1330_SSMIS_f16_MSGgrid.nc
There was a key error (probably due to hail class and nans) in file:  /data/sat/products/PMW_sats/MWCCH_hail_probability/netcdf_MSG_grid/2016/06/11/20160611_S1330_E1330_SSMIS_f16_MSGgrid.nc
There was a key error (probably due to hail class and nans) in file:  /data/sat/products/PMW_sats/MWCCH_hail_probability/netcdf_MSG_grid/2016/06/11/20160611_S1330_E1330_SSMIS_f16_MSGgrid.nc
There was a key error (probably due to hail class and nans) in file:  /data/sat/products/PMW_sats/MWCCH_hail_probability/netcdf_MSG_grid/2016/06/11/20160611_S1330_E1330_SSMIS_f16_MSGgrid.nc
There was a key error (probably due to hail class and nans) in file:  /data/sat/products/PMW_sats/MWCCH_hail_probability/netcdf_MSG_grid/2016/06/11/20160611_S1330_E1330_SSMIS_f16_MSGgrid.nc
There was a key error (probably due to hail class and nans) in file:  /data/sat/products/PMW_sats/MWCCH_hail_probability/netcdf_MSG_grid/2016/06/11/20160611_S1330_E1330_SSMIS_f16_MSGgrid.nc
There was a key error (probably due to hail class and nans) in file:  /data/sat/products/PMW_sats/MWCCH_hail_probability/netcdf_MSG_grid/2016/06/11/20160611_S1330_E1330_SSMIS_f16_MSGgrid.nc
There was a key error (probably due to hail class and nans) in file:  /data/sat/products/PMW_sats/MWCCH_hail_probability/netcdf_MSG_grid/2016/06/11/20160611_S1330_E1330_SSMIS_f16_MSGgrid.nc
There was a key error (probably due to hail class and nans) in file:  /data/sat/products/PMW_sats/MWCCH_hail_probability/netcdf_MSG_grid/2016/06/11/20160611_S1330_E1330_SSMIS_f16_MSGgrid.nc
There was a key error (probably due to hail class and nans) in file:  /data/sat/products/PMW_sats/MWCCH_hail_probability/netcdf_MSG_grid/2016/06/13/20160613_S1543_E1544_SSMIS_f17_MSGgrid.nc
There was a key error (probably due to hail class and nans) in file:  /data/sat/products/PMW_sats/MWCCH_hail_probability/netcdf_MSG_grid/2016/06/13/20160613_S1543_E1544_SSMIS_f17_MSGgrid.nc
There was a key error (probably due to hail class and nans) in file:  /data/sat/products/PMW_sats/MWCCH_hail_probability/netcdf_MSG_grid/2016/06/13/20160613_S1543_E1544_SSMIS_f17_MSGgrid.nc
There was a key error (probably due to hail class and nans) in file:  /data/sat/products/PMW_sats/MWCCH_hail_probability/netcdf_MSG_grid/2016/06/13/20160613_S1543_E1544_SSMIS_f17_MSGgrid.nc
There was a key error (probably due to hail class and nans) in file:  /data/sat/products/PMW_sats/MWCCH_hail_probability/netcdf_MSG_grid/2016/06/13/20160613_S1543_E1544_SSMIS_f17_MSGgrid.nc
There was a key error (probably due to hail class and nans) in file:  /data/sat/products/PMW_sats/MWCCH_hail_probability/netcdf_MSG_grid/2016/06/13/20160613_S1543_E1544_SSMIS_f17_MSGgrid.nc
There was a key error (probably due to hail class and nans) in file:  /data/sat/products/PMW_sats/MWCCH_hail_probability/netcdf_MSG_grid/2016/06/13/20160613_S1543_E1544_SSMIS_f17_MSGgrid.nc
There was a key error (probably due to hail class and nans) in file:  /data/sat/products/PMW_sats/MWCCH_hail_probability/netcdf_MSG_grid/2016/06/13/20160613_S1543_E1544_SSMIS_f17_MSGgrid.nc
There was a key error (probably due to hail class and nans) in file:  /data/sat/products/PMW_sats/MWCCH_hail_probability/netcdf_MSG_grid/2016/06/13/20160613_S1543_E1544_SSMIS_f17_MSGgrid.nc
There was a key error (probably due to hail class and nans) in file:  /data/sat/products/PMW_sats/MWCCH_hail_probability/netcdf_MSG_grid/2016/06/13/20160613_S1543_E1544_SSMIS_f17_MSGgrid.nc
There was a key error (probably due to hail class and nans) in file:  /data/sat/products/PMW_sats/MWCCH_hail_probability/netcdf_MSG_grid/2016/06/16/20160616_S0837_E0837_MHS_meto02_MSGgrid.nc
There was a key error (probably due to hail class and nans) in file:  /data/sat/products/PMW_sats/MWCCH_hail_probability/netcdf_MSG_grid/2016/06/16/20160616_S0837_E0837_MHS_meto02_MSGgrid.nc
There was a key error (probably due to hail class and nans) in file:  /data/sat/products/PMW_sats/MWCCH_hail_probability/netcdf_MSG_grid/2016/06/16/20160616_S0837_E0837_MHS_meto02_MSGgrid.nc
There was a key error (probably due to hail class and nans) in file:  /data/sat/products/PMW_sats/MWCCH_hail_probability/netcdf_MSG_grid/2016/06/16/20160616_S0837_E0837_MHS_meto02_MSGgrid.nc
There was a key error (probably due to hail class and nans) in file:  /data/sat/products/PMW_sats/MWCCH_hail_probability/netcdf_MSG_grid/2016/06/16/20160616_S0837_E0837_MHS_meto02_MSGgrid.nc
There was a key error (probably due to hail class and nans) in file:  /data/sat/products/PMW_sats/MWCCH_hail_probability/netcdf_MSG_grid/2016/06/16/20160616_S0837_E0837_MHS_meto02_MSGgrid.nc
There was a key error (probably due to hail class and nans) in file:  /data/sat/products/PMW_sats/MWCCH_hail_probability/netcdf_MSG_grid/2016/06/16/20160616_S0837_E0837_MHS_meto02_MSGgrid.nc
There was a key error (probably due to hail class and nans) in file:  /data/sat/products/PMW_sats/MWCCH_hail_probability/netcdf_MSG_grid/2016/06/16/20160616_S0837_E0837_MHS_meto02_MSGgrid.nc
There was a key error (probably due to hail class and nans) in file:  /data/sat/products/PMW_sats/MWCCH_hail_probability/netcdf_MSG_grid/2016/06/16/20160616_S0837_E0837_MHS_meto02_MSGgrid.nc
There was a key error (probably due to hail class and nans) in file:  /data/sat/products/PMW_sats/MWCCH_hail_probability/netcdf_MSG_grid/2016/06/16/20160616_S0837_E0837_MHS_meto02_MSGgrid.nc
There was a key error (probably due to hail class and nans) in file:  /data/sat/products/PMW_sats/MWCCH_hail_probability/netcdf_MSG_grid/2016/06/16/20160616_S0837_E0837_MHS_meto02_MSGgrid.nc
There was a key error (probably due to hail class and nans) in file:  /data/sat/products/PMW_sats/MWCCH_hail_probability/netcdf_MSG_grid/2016/06/16/20160616_S0837_E0837_MHS_meto02_MSGgrid.nc
There was a key error (probably due to hail class and nans) in file:  /data/sat/products/PMW_sats/MWCCH_hail_probability/netcdf_MSG_grid/2016/06/16/20160616_S0837_E0837_MHS_meto02_MSGgrid.nc
There was a key error (probably due to hail class and nans) in file:  /data/sat/products/PMW_sats/MWCCH_hail_probability/netcdf_MSG_grid/2016/06/16/20160616_S0837_E0837_MHS_meto02_MSGgrid.nc
There was a key error (probably due to hail class and nans) in file:  /data/sat/products/PMW_sats/MWCCH_hail_probability/netcdf_MSG_grid/2016/06/16/20160616_S0837_E0837_MHS_meto02_MSGgrid.nc
There was a key error (probably due to hail class and nans) in file:  /data/sat/products/PMW_sats/MWCCH_hail_probability/netcdf_MSG_grid/2016/06/16/20160616_S0837_E0837_MHS_meto02_MSGgrid.nc
There was a key error (probably due to hail class and nans) in file:  /data/sat/products/PMW_sats/MWCCH_hail_probability/netcdf_MSG_grid/2016/06/16/20160616_S0837_E0837_MHS_meto02_MSGgrid.nc
There was a key error (probably due to hail class and nans) in file:  /data/sat/products/PMW_sats/MWCCH_hail_probability/netcdf_MSG_grid/2016/06/16/20160616_S0837_E0837_MHS_meto02_MSGgrid.nc
There was a key error (probably due to hail class and nans) in file:  /data/sat/products/PMW_sats/MWCCH_hail_probability/netcdf_MSG_grid/2016/07/05/20160705_S1409_E1409_MHS_noaa19_MSGgrid.nc
There was a key error (probably due to hail class and nans) in file:  /data/sat/products/PMW_sats/MWCCH_hail_probability/netcdf_MSG_grid/2016/07/05/20160705_S1409_E1409_MHS_noaa19_MSGgrid.nc
There was a key error (probably due to hail class and nans) in file:  /data/sat/products/PMW_sats/MWCCH_hail_probability/netcdf_MSG_grid/2016/07/05/20160705_S1409_E1409_MHS_noaa19_MSGgrid.nc
There was a key error (probably due to hail class and nans) in file:  /data/sat/products/PMW_sats/MWCCH_hail_probability/netcdf_MSG_grid/2016/07/05/20160705_S1409_E1409_MHS_noaa19_MSGgrid.nc
There was a key error (probably due to hail class and nans) in file:  /data/sat/products/PMW_sats/MWCCH_hail_probability/netcdf_MSG_grid/2016/07/05/20160705_S1409_E1409_MHS_noaa19_MSGgrid.nc
There was a key error (probably due to hail class and nans) in file:  /data/sat/products/PMW_sats/MWCCH_hail_probability/netcdf_MSG_grid/2016/07/05/20160705_S1409_E1409_MHS_noaa19_MSGgrid.nc
There was a key error (probably due to hail class and nans) in file:  /data/sat/products/PMW_sats/MWCCH_hail_probability/netcdf_MSG_grid/2016/07/05/20160705_S1409_E1409_MHS_noaa19_MSGgrid.nc
There was a key error (probably due to hail class and nans) in file:  /data/sat/products/PMW_sats/MWCCH_hail_probability/netcdf_MSG_grid/2016/07/05/20160705_S1409_E1409_MHS_noaa19_MSGgrid.nc
There was a key error (probably due to hail class and nans) in file:  /data/sat/products/PMW_sats/MWCCH_hail_probability/netcdf_MSG_grid/2016/07/05/20160705_S1409_E1409_MHS_noaa19_MSGgrid.nc
There was a key error (probably due to hail class and nans) in file:  /data/sat/products/PMW_sats/MWCCH_hail_probability/netcdf_MSG_grid/2016/07/05/20160705_S1409_E1409_MHS_noaa19_MSGgrid.nc
There was a key error (probably due to hail class and nans) in file:  /data/sat/products/PMW_sats/MWCCH_hail_probability/netcdf_MSG_grid/2016/07/05/20160705_S1409_E1409_MHS_noaa19_MSGgrid.nc
There was a key error (probably due to hail class and nans) in file:  /data/sat/products/PMW_sats/MWCCH_hail_probability/netcdf_MSG_grid/2016/07/05/20160705_S1409_E1409_MHS_noaa19_MSGgrid.nc
There was a key error (probably due to hail class and nans) in file:  /data/sat/products/PMW_sats/MWCCH_hail_probability/netcdf_MSG_grid/2016/07/05/20160705_S1409_E1409_MHS_noaa19_MSGgrid.nc
There was a key error (probably due to hail class and nans) in file:  /data/sat/products/PMW_sats/MWCCH_hail_probability/netcdf_MSG_grid/2016/07/05/20160705_S1409_E1409_MHS_noaa19_MSGgrid.nc
There was a key error (probably due to hail class and nans) in file:  /data/sat/products/PMW_sats/MWCCH_hail_probability/netcdf_MSG_grid/2016/07/05/20160705_S1409_E1409_MHS_noaa19_MSGgrid.nc
There was a key error (probably due to hail class and nans) in file:  /data/sat/products/PMW_sats/MWCCH_hail_probability/netcdf_MSG_grid/2016/07/05/20160705_S1409_E1409_MHS_noaa19_MSGgrid.nc
There was a key error (probably due to hail class and nans) in file:  /data/sat/products/PMW_sats/MWCCH_hail_probability/netcdf_MSG_grid/2016/07/05/20160705_S1409_E1409_MHS_noaa19_MSGgrid.nc
24000
There was a key error (probably due to hail class and nans) in file:  /data/sat/products/PMW_sats/MWCCH_hail_probability/netcdf_MSG_grid/2016/08/14/20160814_S2057_E2057_GMI_gpm_MSGgrid.nc
There was a key error (probably due to hail class and nans) in file:  /data/sat/products/PMW_sats/MWCCH_hail_probability/netcdf_MSG_grid/2016/08/14/20160814_S2057_E2057_GMI_gpm_MSGgrid.nc
There was a key error (probably due to hail class and nans) in file:  /data/sat/products/PMW_sats/MWCCH_hail_probability/netcdf_MSG_grid/2016/08/14/20160814_S2057_E2057_GMI_gpm_MSGgrid.nc
There was a key error (probably due to hail class and nans) in file:  /data/sat/products/PMW_sats/MWCCH_hail_probability/netcdf_MSG_grid/2016/08/14/20160814_S2057_E2057_GMI_gpm_MSGgrid.nc
There was a key error (probably due to hail class and nans) in file:  /data/sat/products/PMW_sats/MWCCH_hail_probability/netcdf_MSG_grid/2016/08/14/20160814_S2057_E2057_GMI_gpm_MSGgrid.nc
There was a key error (probably due to hail class and nans) in file:  /data/sat/products/PMW_sats/MWCCH_hail_probability/netcdf_MSG_grid/2016/08/14/20160814_S2057_E2057_GMI_gpm_MSGgrid.nc
There was a key error (probably due to hail class and nans) in file:  /data/sat/products/PMW_sats/MWCCH_hail_probability/netcdf_MSG_grid/2016/08/14/20160814_S2057_E2057_GMI_gpm_MSGgrid.nc
There was a key error (probably due to hail class and nans) in file:  /data/sat/products/PMW_sats/MWCCH_hail_probability/netcdf_MSG_grid/2016/08/14/20160814_S2057_E2057_GMI_gpm_MSGgrid.nc
There was a key error (probably due to hail class and nans) in file:  /data/sat/products/PMW_sats/MWCCH_hail_probability/netcdf_MSG_grid/2016/08/14/20160814_S2057_E2057_GMI_gpm_MSGgrid.nc
There was a key error (probably due to hail class and nans) in file:  /data/sat/products/PMW_sats/MWCCH_hail_probability/netcdf_MSG_grid/2016/08/14/20160814_S2057_E2057_GMI_gpm_MSGgrid.nc
There was a key error (probably due to hail class and nans) in file:  /data/sat/products/PMW_sats/MWCCH_hail_probability/netcdf_MSG_grid/2016/08/14/20160814_S2057_E2057_GMI_gpm_MSGgrid.nc
There was a key error (probably due to hail class and nans) in file:  /data/sat/products/PMW_sats/MWCCH_hail_probability/netcdf_MSG_grid/2016/08/14/20160814_S2057_E2057_GMI_gpm_MSGgrid.nc
There was a key error (probably due to hail class and nans) in file:  /data/sat/products/PMW_sats/MWCCH_hail_probability/netcdf_MSG_grid/2016/08/14/20160814_S2057_E2057_GMI_gpm_MSGgrid.nc
There was a key error (probably due to hail class and nans) in file:  /data/sat/products/PMW_sats/MWCCH_hail_probability/netcdf_MSG_grid/2016/08/14/20160814_S2057_E2057_GMI_gpm_MSGgrid.nc
There was a key error (probably due to hail class and nans) in file:  /data/sat/products/PMW_sats/MWCCH_hail_probability/netcdf_MSG_grid/2016/08/14/20160814_S2057_E2057_GMI_gpm_MSGgrid.nc
There was a key error (probably due to hail class and nans) in file:  /data/sat/products/PMW_sats/MWCCH_hail_probability/netcdf_MSG_grid/2016/08/14/20160814_S2057_E2057_GMI_gpm_MSGgrid.nc
There was a key error (probably due to hail class and nans) in file:  /data/sat/products/PMW_sats/MWCCH_hail_probability/netcdf_MSG_grid/2016/08/14/20160814_S2057_E2057_GMI_gpm_MSGgrid.nc
There was a key error (probably due to hail class and nans) in file:  /data/sat/products/PMW_sats/MWCCH_hail_probability/netcdf_MSG_grid/2016/08/28/20160828_S1545_E1545_SSMIS_f17_MSGgrid.nc
There was a key error (probably due to hail class and nans) in file:  /data/sat/products/PMW_sats/MWCCH_hail_probability/netcdf_MSG_grid/2016/08/28/20160828_S1545_E1545_SSMIS_f17_MSGgrid.nc
There was a key error (probably due to hail class and nans) in file:  /data/sat/products/PMW_sats/MWCCH_hail_probability/netcdf_MSG_grid/2016/08/28/20160828_S1545_E1545_SSMIS_f17_MSGgrid.nc
There was a key error (probably due to hail class and nans) in file:  /data/sat/products/PMW_sats/MWCCH_hail_probability/netcdf_MSG_grid/2016/08/28/20160828_S1545_E1545_SSMIS_f17_MSGgrid.nc
There was a key error (probably due to hail class and nans) in file:  /data/sat/products/PMW_sats/MWCCH_hail_probability/netcdf_MSG_grid/2016/09/01/20160901_S1812_E1812_SSMIS_f17_MSGgrid.nc
There was a key error (probably due to hail class and nans) in file:  /data/sat/products/PMW_sats/MWCCH_hail_probability/netcdf_MSG_grid/2016/09/01/20160901_S1812_E1812_SSMIS_f17_MSGgrid.nc
There was a key error (probably due to hail class and nans) in file:  /data/sat/products/PMW_sats/MWCCH_hail_probability/netcdf_MSG_grid/2016/09/01/20160901_S1812_E1812_SSMIS_f17_MSGgrid.nc
There was a key error (probably due to hail class and nans) in file:  /data/sat/products/PMW_sats/MWCCH_hail_probability/netcdf_MSG_grid/2016/09/01/20160901_S1812_E1812_SSMIS_f17_MSGgrid.nc
There was a key error (probably due to hail class and nans) in file:  /data/sat/products/PMW_sats/MWCCH_hail_probability/netcdf_MSG_grid/2016/09/01/20160901_S1812_E1812_SSMIS_f17_MSGgrid.nc
There was a key error (probably due to hail class and nans) in file:  /data/sat/products/PMW_sats/MWCCH_hail_probability/netcdf_MSG_grid/2016/09/01/20160901_S1812_E1812_SSMIS_f17_MSGgrid.nc
There was a key error (probably due to hail class and nans) in file:  /data/sat/products/PMW_sats/MWCCH_hail_probability/netcdf_MSG_grid/2016/09/01/20160901_S1812_E1812_SSMIS_f17_MSGgrid.nc
There was a key error (probably due to hail class and nans) in file:  /data/sat/products/PMW_sats/MWCCH_hail_probability/netcdf_MSG_grid/2016/09/01/20160901_S1812_E1812_SSMIS_f17_MSGgrid.nc
There was a key error (probably due to hail class and nans) in file:  /data/sat/products/PMW_sats/MWCCH_hail_probability/netcdf_MSG_grid/2016/09/01/20160901_S1812_E1812_SSMIS_f17_MSGgrid.nc
There was a key error (probably due to hail class and nans) in file:  /data/sat/products/PMW_sats/MWCCH_hail_probability/netcdf_MSG_grid/2016/09/01/20160901_S1812_E1812_SSMIS_f17_MSGgrid.nc
There was a key error (probably due to hail class and nans) in file:  /data/sat/products/PMW_sats/MWCCH_hail_probability/netcdf_MSG_grid/2016/09/01/20160901_S1812_E1812_SSMIS_f17_MSGgrid.nc
There was a key error (probably due to hail class and nans) in file:  /data/sat/products/PMW_sats/MWCCH_hail_probability/netcdf_MSG_grid/2016/09/01/20160901_S1812_E1812_SSMIS_f17_MSGgrid.nc
There was a key error (probably due to hail class and nans) in file:  /data/sat/products/PMW_sats/MWCCH_hail_probability/netcdf_MSG_grid/2016/09/01/20160901_S1812_E1812_SSMIS_f17_MSGgrid.nc
There was a key error (probably due to hail class and nans) in file:  /data/sat/products/PMW_sats/MWCCH_hail_probability/netcdf_MSG_grid/2016/09/01/20160901_S1812_E1812_SSMIS_f17_MSGgrid.nc
There was a key error (probably due to hail class and nans) in file:  /data/sat/products/PMW_sats/MWCCH_hail_probability/netcdf_MSG_grid/2016/09/13/20160913_S0215_E0215_ATMS_npp_MSGgrid.nc
There was a key error (probably due to hail class and nans) in file:  /data/sat/products/PMW_sats/MWCCH_hail_probability/netcdf_MSG_grid/2016/09/13/20160913_S0215_E0215_ATMS_npp_MSGgrid.nc
There was a key error (probably due to hail class and nans) in file:  /data/sat/products/PMW_sats/MWCCH_hail_probability/netcdf_MSG_grid/2016/09/13/20160913_S0215_E0215_ATMS_npp_MSGgrid.nc
There was a key error (probably due to hail class and nans) in file:  /data/sat/products/PMW_sats/MWCCH_hail_probability/netcdf_MSG_grid/2016/09/13/20160913_S0215_E0215_ATMS_npp_MSGgrid.nc
There was a key error (probably due to hail class and nans) in file:  /data/sat/products/PMW_sats/MWCCH_hail_probability/netcdf_MSG_grid/2016/09/13/20160913_S0215_E0215_ATMS_npp_MSGgrid.nc
There was a key error (probably due to hail class and nans) in file:  /data/sat/products/PMW_sats/MWCCH_hail_probability/netcdf_MSG_grid/2016/09/13/20160913_S0215_E0215_ATMS_npp_MSGgrid.nc
There was a key error (probably due to hail class and nans) in file:  /data/sat/products/PMW_sats/MWCCH_hail_probability/netcdf_MSG_grid/2016/09/13/20160913_S0215_E0215_ATMS_npp_MSGgrid.nc
There was a key error (probably due to hail class and nans) in file:  /data/sat/products/PMW_sats/MWCCH_hail_probability/netcdf_MSG_grid/2016/09/13/20160913_S0215_E0215_ATMS_npp_MSGgrid.nc
There was a key error (probably due to hail class and nans) in file:  /data/sat/products/PMW_sats/MWCCH_hail_probability/netcdf_MSG_grid/2016/09/13/20160913_S0215_E0215_ATMS_npp_MSGgrid.nc
There was a key error (probably due to hail class and nans) in file:  /data/sat/products/PMW_sats/MWCCH_hail_probability/netcdf_MSG_grid/2016/09/13/20160913_S0215_E0215_ATMS_npp_MSGgrid.nc
There was a key error (probably due to hail class and nans) in file:  /data/sat/products/PMW_sats/MWCCH_hail_probability/netcdf_MSG_grid/2016/09/13/20160913_S0215_E0215_ATMS_npp_MSGgrid.nc
There was a key error (probably due to hail class and nans) in file:  /data/sat/products/PMW_sats/MWCCH_hail_probability/netcdf_MSG_grid/2016/09/13/20160913_S0215_E0215_ATMS_npp_MSGgrid.nc
There was a key error (probably due to hail class and nans) in file:  /data/sat/products/PMW_sats/MWCCH_hail_probability/netcdf_MSG_grid/2016/09/13/20160913_S0215_E0215_ATMS_npp_MSGgrid.nc
There was a key error (probably due to hail class and nans) in file:  /data/sat/products/PMW_sats/MWCCH_hail_probability/netcdf_MSG_grid/2016/09/13/20160913_S0215_E0215_ATMS_npp_MSGgrid.nc
There was a key error (probably due to hail class and nans) in file:  /data/sat/products/PMW_sats/MWCCH_hail_probability/netcdf_MSG_grid/2016/09/13/20160913_S0215_E0215_ATMS_npp_MSGgrid.nc
There was a key error (probably due to hail class and nans) in file:  /data/sat/products/PMW_sats/MWCCH_hail_probability/netcdf_MSG_grid/2016/09/13/20160913_S0215_E0215_ATMS_npp_MSGgrid.nc
There was a key error (probably due to hail class and nans) in file:  /data/sat/products/PMW_sats/MWCCH_hail_probability/netcdf_MSG_grid/2016/09/13/20160913_S0215_E0215_ATMS_npp_MSGgrid.nc
There was a key error (probably due to hail class and nans) in file:  /data/sat/products/PMW_sats/MWCCH_hail_probability/netcdf_MSG_grid/2016/09/13/20160913_S0215_E0215_ATMS_npp_MSGgrid.nc
There was a key error (probably due to hail class and nans) in file:  /data/sat/products/PMW_sats/MWCCH_hail_probability/netcdf_MSG_grid/2017/04/09/20170409_S1817_E1817_SSMIS_f17_MSGgrid.nc
There was a key error (probably due to hail class and nans) in file:  /data/sat/products/PMW_sats/MWCCH_hail_probability/netcdf_MSG_grid/2017/04/09/20170409_S1817_E1817_SSMIS_f17_MSGgrid.nc
There was a key error (probably due to hail class and nans) in file:  /data/sat/products/PMW_sats/MWCCH_hail_probability/netcdf_MSG_grid/2017/04/09/20170409_S1817_E1817_SSMIS_f17_MSGgrid.nc
There was a key error (probably due to hail class and nans) in file:  /data/sat/products/PMW_sats/MWCCH_hail_probability/netcdf_MSG_grid/2017/04/09/20170409_S1817_E1817_SSMIS_f17_MSGgrid.nc
There was a key error (probably due to hail class and nans) in file:  /data/sat/products/PMW_sats/MWCCH_hail_probability/netcdf_MSG_grid/2017/04/09/20170409_S1817_E1817_SSMIS_f17_MSGgrid.nc
There was a key error (probably due to hail class and nans) in file:  /data/sat/products/PMW_sats/MWCCH_hail_probability/netcdf_MSG_grid/2017/04/09/20170409_S1817_E1817_SSMIS_f17_MSGgrid.nc
There was a key error (probably due to hail class and nans) in file:  /data/sat/products/PMW_sats/MWCCH_hail_probability/netcdf_MSG_grid/2017/04/09/20170409_S1817_E1817_SSMIS_f17_MSGgrid.nc
There was a key error (probably due to hail class and nans) in file:  /data/sat/products/PMW_sats/MWCCH_hail_probability/netcdf_MSG_grid/2017/04/09/20170409_S1817_E1817_SSMIS_f17_MSGgrid.nc
There was a key error (probably due to hail class and nans) in file:  /data/sat/products/PMW_sats/MWCCH_hail_probability/netcdf_MSG_grid/2017/04/09/20170409_S1817_E1817_SSMIS_f17_MSGgrid.nc
There was a key error (probably due to hail class and nans) in file:  /data/sat/products/PMW_sats/MWCCH_hail_probability/netcdf_MSG_grid/2017/04/09/20170409_S1817_E1817_SSMIS_f17_MSGgrid.nc
There was a key error (probably due to hail class and nans) in file:  /data/sat/products/PMW_sats/MWCCH_hail_probability/netcdf_MSG_grid/2017/04/09/20170409_S1817_E1817_SSMIS_f17_MSGgrid.nc
There was a key error (probably due to hail class and nans) in file:  /data/sat/products/PMW_sats/MWCCH_hail_probability/netcdf_MSG_grid/2017/04/09/20170409_S1817_E1817_SSMIS_f17_MSGgrid.nc
There was a key error (probably due to hail class and nans) in file:  /data/sat/products/PMW_sats/MWCCH_hail_probability/netcdf_MSG_grid/2017/04/09/20170409_S1817_E1817_SSMIS_f17_MSGgrid.nc
There was a key error (probably due to hail class and nans) in file:  /data/sat/products/PMW_sats/MWCCH_hail_probability/netcdf_MSG_grid/2017/04/09/20170409_S1817_E1817_SSMIS_f17_MSGgrid.nc
There was a key error (probably due to hail class and nans) in file:  /data/sat/products/PMW_sats/MWCCH_hail_probability/netcdf_MSG_grid/2017/04/09/20170409_S1817_E1817_SSMIS_f17_MSGgrid.nc
There was a key error (probably due to hail class and nans) in file:  /data/sat/products/PMW_sats/MWCCH_hail_probability/netcdf_MSG_grid/2017/04/09/20170409_S1817_E1817_SSMIS_f17_MSGgrid.nc
There was a key error (probably due to hail class and nans) in file:  /data/sat/products/PMW_sats/MWCCH_hail_probability/netcdf_MSG_grid/2017/04/11/20170411_S0654_E0655_GMI_gpm_MSGgrid.nc
There was a key error (probably due to hail class and nans) in file:  /data/sat/products/PMW_sats/MWCCH_hail_probability/netcdf_MSG_grid/2017/04/11/20170411_S0654_E0655_GMI_gpm_MSGgrid.nc
There was a key error (probably due to hail class and nans) in file:  /data/sat/products/PMW_sats/MWCCH_hail_probability/netcdf_MSG_grid/2017/04/11/20170411_S0654_E0655_GMI_gpm_MSGgrid.nc
There was a key error (probably due to hail class and nans) in file:  /data/sat/products/PMW_sats/MWCCH_hail_probability/netcdf_MSG_grid/2017/04/11/20170411_S0654_E0655_GMI_gpm_MSGgrid.nc
There was a key error (probably due to hail class and nans) in file:  /data/sat/products/PMW_sats/MWCCH_hail_probability/netcdf_MSG_grid/2017/04/11/20170411_S0654_E0655_GMI_gpm_MSGgrid.nc
There was a key error (probably due to hail class and nans) in file:  /data/sat/products/PMW_sats/MWCCH_hail_probability/netcdf_MSG_grid/2017/04/11/20170411_S0654_E0655_GMI_gpm_MSGgrid.nc
There was a key error (probably due to hail class and nans) in file:  /data/sat/products/PMW_sats/MWCCH_hail_probability/netcdf_MSG_grid/2017/04/11/20170411_S0654_E0655_GMI_gpm_MSGgrid.nc
There was a key error (probably due to hail class and nans) in file:  /data/sat/products/PMW_sats/MWCCH_hail_probability/netcdf_MSG_grid/2017/04/11/20170411_S0654_E0655_GMI_gpm_MSGgrid.nc
There was a key error (probably due to hail class and nans) in file:  /data/sat/products/PMW_sats/MWCCH_hail_probability/netcdf_MSG_grid/2017/04/11/20170411_S0654_E0655_GMI_gpm_MSGgrid.nc
There was a key error (probably due to hail class and nans) in file:  /data/sat/products/PMW_sats/MWCCH_hail_probability/netcdf_MSG_grid/2017/04/11/20170411_S0654_E0655_GMI_gpm_MSGgrid.nc
There was a key error (probably due to hail class and nans) in file:  /data/sat/products/PMW_sats/MWCCH_hail_probability/netcdf_MSG_grid/2017/04/11/20170411_S0654_E0655_GMI_gpm_MSGgrid.nc
25000
There was a key error (probably due to hail class and nans) in file:  /data/sat/products/PMW_sats/MWCCH_hail_probability/netcdf_MSG_grid/2017/04/26/20170426_S1824_E1824_GMI_gpm_MSGgrid.nc
There was a key error (probably due to hail class and nans) in file:  /data/sat/products/PMW_sats/MWCCH_hail_probability/netcdf_MSG_grid/2017/04/26/20170426_S1824_E1824_GMI_gpm_MSGgrid.nc
There was a key error (probably due to hail class and nans) in file:  /data/sat/products/PMW_sats/MWCCH_hail_probability/netcdf_MSG_grid/2017/04/26/20170426_S1824_E1824_GMI_gpm_MSGgrid.nc
There was a key error (probably due to hail class and nans) in file:  /data/sat/products/PMW_sats/MWCCH_hail_probability/netcdf_MSG_grid/2017/05/08/20170508_S1243_E1243_GMI_gpm_MSGgrid.nc
There was a key error (probably due to hail class and nans) in file:  /data/sat/products/PMW_sats/MWCCH_hail_probability/netcdf_MSG_grid/2017/05/08/20170508_S1243_E1243_GMI_gpm_MSGgrid.nc
There was a key error (probably due to hail class and nans) in file:  /data/sat/products/PMW_sats/MWCCH_hail_probability/netcdf_MSG_grid/2017/05/08/20170508_S1243_E1243_GMI_gpm_MSGgrid.nc
There was a key error (probably due to hail class and nans) in file:  /data/sat/products/PMW_sats/MWCCH_hail_probability/netcdf_MSG_grid/2017/05/08/20170508_S1243_E1243_GMI_gpm_MSGgrid.nc
There was a key error (probably due to hail class and nans) in file:  /data/sat/products/PMW_sats/MWCCH_hail_probability/netcdf_MSG_grid/2017/05/08/20170508_S1243_E1243_GMI_gpm_MSGgrid.nc
There was a key error (probably due to hail class and nans) in file:  /data/sat/products/PMW_sats/MWCCH_hail_probability/netcdf_MSG_grid/2017/05/08/20170508_S1243_E1243_GMI_gpm_MSGgrid.nc
There was a key error (probably due to hail class and nans) in file:  /data/sat/products/PMW_sats/MWCCH_hail_probability/netcdf_MSG_grid/2017/05/08/20170508_S1243_E1243_GMI_gpm_MSGgrid.nc
There was a key error (probably due to hail class and nans) in file:  /data/sat/products/PMW_sats/MWCCH_hail_probability/netcdf_MSG_grid/2017/05/08/20170508_S1243_E1243_GMI_gpm_MSGgrid.nc
There was a key error (probably due to hail class and nans) in file:  /data/sat/products/PMW_sats/MWCCH_hail_probability/netcdf_MSG_grid/2017/05/08/20170508_S1243_E1243_GMI_gpm_MSGgrid.nc
There was a key error (probably due to hail class and nans) in file:  /data/sat/products/PMW_sats/MWCCH_hail_probability/netcdf_MSG_grid/2017/05/08/20170508_S1243_E1243_GMI_gpm_MSGgrid.nc
There was a key error (probably due to hail class and nans) in file:  /data/sat/products/PMW_sats/MWCCH_hail_probability/netcdf_MSG_grid/2017/05/08/20170508_S1243_E1243_GMI_gpm_MSGgrid.nc
There was a key error (probably due to hail class and nans) in file:  /data/sat/products/PMW_sats/MWCCH_hail_probability/netcdf_MSG_grid/2017/05/08/20170508_S1243_E1243_GMI_gpm_MSGgrid.nc
There was a key error (probably due to hail class and nans) in file:  /data/sat/products/PMW_sats/MWCCH_hail_probability/netcdf_MSG_grid/2017/05/08/20170508_S1243_E1243_GMI_gpm_MSGgrid.nc
There was a key error (probably due to hail class and nans) in file:  /data/sat/products/PMW_sats/MWCCH_hail_probability/netcdf_MSG_grid/2017/05/08/20170508_S1243_E1243_GMI_gpm_MSGgrid.nc
There was a key error (probably due to hail class and nans) in file:  /data/sat/products/PMW_sats/MWCCH_hail_probability/netcdf_MSG_grid/2017/05/08/20170508_S1243_E1243_GMI_gpm_MSGgrid.nc
There was a key error (probably due to hail class and nans) in file:  /data/sat/products/PMW_sats/MWCCH_hail_probability/netcdf_MSG_grid/2017/05/08/20170508_S1243_E1243_GMI_gpm_MSGgrid.nc
There was a key error (probably due to hail class and nans) in file:  /data/sat/products/PMW_sats/MWCCH_hail_probability/netcdf_MSG_grid/2017/05/11/20170511_S1944_E1944_GMI_gpm_MSGgrid.nc
There was a key error (probably due to hail class and nans) in file:  /data/sat/products/PMW_sats/MWCCH_hail_probability/netcdf_MSG_grid/2017/05/11/20170511_S1944_E1944_GMI_gpm_MSGgrid.nc
There was a key error (probably due to hail class and nans) in file:  /data/sat/products/PMW_sats/MWCCH_hail_probability/netcdf_MSG_grid/2017/05/11/20170511_S1944_E1944_GMI_gpm_MSGgrid.nc
There was a key error (probably due to hail class and nans) in file:  /data/sat/products/PMW_sats/MWCCH_hail_probability/netcdf_MSG_grid/2017/05/11/20170511_S1944_E1944_GMI_gpm_MSGgrid.nc
There was a key error (probably due to hail class and nans) in file:  /data/sat/products/PMW_sats/MWCCH_hail_probability/netcdf_MSG_grid/2017/05/11/20170511_S1944_E1944_GMI_gpm_MSGgrid.nc
There was a key error (probably due to hail class and nans) in file:  /data/sat/products/PMW_sats/MWCCH_hail_probability/netcdf_MSG_grid/2017/05/11/20170511_S1944_E1944_GMI_gpm_MSGgrid.nc
There was a key error (probably due to hail class and nans) in file:  /data/sat/products/PMW_sats/MWCCH_hail_probability/netcdf_MSG_grid/2017/05/11/20170511_S1944_E1944_GMI_gpm_MSGgrid.nc
There was a key error (probably due to hail class and nans) in file:  /data/sat/products/PMW_sats/MWCCH_hail_probability/netcdf_MSG_grid/2017/05/11/20170511_S1944_E1944_GMI_gpm_MSGgrid.nc
There was a key error (probably due to hail class and nans) in file:  /data/sat/products/PMW_sats/MWCCH_hail_probability/netcdf_MSG_grid/2017/05/11/20170511_S1944_E1944_GMI_gpm_MSGgrid.nc
There was a key error (probably due to hail class and nans) in file:  /data/sat/products/PMW_sats/MWCCH_hail_probability/netcdf_MSG_grid/2017/05/11/20170511_S1944_E1944_GMI_gpm_MSGgrid.nc
There was a key error (probably due to hail class and nans) in file:  /data/sat/products/PMW_sats/MWCCH_hail_probability/netcdf_MSG_grid/2017/05/11/20170511_S1944_E1944_GMI_gpm_MSGgrid.nc
26000
There was a key error (probably due to hail class and nans) in file:  /data/sat/products/PMW_sats/MWCCH_hail_probability/netcdf_MSG_grid/2017/06/23/20170623_S0230_E0230_MHS_noaa19_MSGgrid.nc
There was a key error (probably due to hail class and nans) in file:  /data/sat/products/PMW_sats/MWCCH_hail_probability/netcdf_MSG_grid/2017/06/23/20170623_S0230_E0230_MHS_noaa19_MSGgrid.nc
There was a key error (probably due to hail class and nans) in file:  /data/sat/products/PMW_sats/MWCCH_hail_probability/netcdf_MSG_grid/2017/06/23/20170623_S0230_E0230_MHS_noaa19_MSGgrid.nc
There was a key error (probably due to hail class and nans) in file:  /data/sat/products/PMW_sats/MWCCH_hail_probability/netcdf_MSG_grid/2017/06/23/20170623_S0230_E0230_MHS_noaa19_MSGgrid.nc
There was a key error (probably due to hail class and nans) in file:  /data/sat/products/PMW_sats/MWCCH_hail_probability/netcdf_MSG_grid/2017/06/23/20170623_S0230_E0230_MHS_noaa19_MSGgrid.nc
There was a key error (probably due to hail class and nans) in file:  /data/sat/products/PMW_sats/MWCCH_hail_probability/netcdf_MSG_grid/2017/06/23/20170623_S0230_E0230_MHS_noaa19_MSGgrid.nc
There was a key error (probably due to hail class and nans) in file:  /data/sat/products/PMW_sats/MWCCH_hail_probability/netcdf_MSG_grid/2017/06/23/20170623_S0230_E0230_MHS_noaa19_MSGgrid.nc
There was a key error (probably due to hail class and nans) in file:  /data/sat/products/PMW_sats/MWCCH_hail_probability/netcdf_MSG_grid/2017/06/23/20170623_S0230_E0230_MHS_noaa19_MSGgrid.nc
There was a key error (probably due to hail class and nans) in file:  /data/sat/products/PMW_sats/MWCCH_hail_probability/netcdf_MSG_grid/2017/06/23/20170623_S0230_E0230_MHS_noaa19_MSGgrid.nc
There was a key error (probably due to hail class and nans) in file:  /data/sat/products/PMW_sats/MWCCH_hail_probability/netcdf_MSG_grid/2017/06/23/20170623_S0230_E0230_MHS_noaa19_MSGgrid.nc
There was a key error (probably due to hail class and nans) in file:  /data/sat/products/PMW_sats/MWCCH_hail_probability/netcdf_MSG_grid/2017/06/23/20170623_S0230_E0230_MHS_noaa19_MSGgrid.nc
There was a key error (probably due to hail class and nans) in file:  /data/sat/products/PMW_sats/MWCCH_hail_probability/netcdf_MSG_grid/2017/06/23/20170623_S0230_E0230_MHS_noaa19_MSGgrid.nc
There was a key error (probably due to hail class and nans) in file:  /data/sat/products/PMW_sats/MWCCH_hail_probability/netcdf_MSG_grid/2017/06/23/20170623_S0230_E0230_MHS_noaa19_MSGgrid.nc
There was a key error (probably due to hail class and nans) in file:  /data/sat/products/PMW_sats/MWCCH_hail_probability/netcdf_MSG_grid/2017/06/23/20170623_S0230_E0230_MHS_noaa19_MSGgrid.nc
There was a key error (probably due to hail class and nans) in file:  /data/sat/products/PMW_sats/MWCCH_hail_probability/netcdf_MSG_grid/2017/06/23/20170623_S0230_E0230_MHS_noaa19_MSGgrid.nc
There was a key error (probably due to hail class and nans) in file:  /data/sat/products/PMW_sats/MWCCH_hail_probability/netcdf_MSG_grid/2017/06/23/20170623_S0230_E0230_MHS_noaa19_MSGgrid.nc
There was a key error (probably due to hail class and nans) in file:  /data/sat/products/PMW_sats/MWCCH_hail_probability/netcdf_MSG_grid/2017/07/03/20170703_S2015_E2015_GMI_gpm_MSGgrid.nc
There was a key error (probably due to hail class and nans) in file:  /data/sat/products/PMW_sats/MWCCH_hail_probability/netcdf_MSG_grid/2017/07/03/20170703_S2015_E2015_GMI_gpm_MSGgrid.nc
There was a key error (probably due to hail class and nans) in file:  /data/sat/products/PMW_sats/MWCCH_hail_probability/netcdf_MSG_grid/2017/07/03/20170703_S2015_E2015_GMI_gpm_MSGgrid.nc
There was a key error (probably due to hail class and nans) in file:  /data/sat/products/PMW_sats/MWCCH_hail_probability/netcdf_MSG_grid/2017/07/03/20170703_S2015_E2015_GMI_gpm_MSGgrid.nc
There was a key error (probably due to hail class and nans) in file:  /data/sat/products/PMW_sats/MWCCH_hail_probability/netcdf_MSG_grid/2017/07/03/20170703_S2015_E2015_GMI_gpm_MSGgrid.nc
There was a key error (probably due to hail class and nans) in file:  /data/sat/products/PMW_sats/MWCCH_hail_probability/netcdf_MSG_grid/2017/07/03/20170703_S2015_E2015_GMI_gpm_MSGgrid.nc
There was a key error (probably due to hail class and nans) in file:  /data/sat/products/PMW_sats/MWCCH_hail_probability/netcdf_MSG_grid/2017/07/03/20170703_S2015_E2015_GMI_gpm_MSGgrid.nc
There was a key error (probably due to hail class and nans) in file:  /data/sat/products/PMW_sats/MWCCH_hail_probability/netcdf_MSG_grid/2017/07/03/20170703_S2015_E2015_GMI_gpm_MSGgrid.nc
There was a key error (probably due to hail class and nans) in file:  /data/sat/products/PMW_sats/MWCCH_hail_probability/netcdf_MSG_grid/2017/07/03/20170703_S2015_E2015_GMI_gpm_MSGgrid.nc
There was a key error (probably due to hail class and nans) in file:  /data/sat/products/PMW_sats/MWCCH_hail_probability/netcdf_MSG_grid/2017/07/03/20170703_S2015_E2015_GMI_gpm_MSGgrid.nc
There was a key error (probably due to hail class and nans) in file:  /data/sat/products/PMW_sats/MWCCH_hail_probability/netcdf_MSG_grid/2017/07/03/20170703_S2015_E2015_GMI_gpm_MSGgrid.nc
There was a key error (probably due to hail class and nans) in file:  /data/sat/products/PMW_sats/MWCCH_hail_probability/netcdf_MSG_grid/2017/07/03/20170703_S2015_E2015_GMI_gpm_MSGgrid.nc
There was a key error (probably due to hail class and nans) in file:  /data/sat/products/PMW_sats/MWCCH_hail_probability/netcdf_MSG_grid/2017/07/03/20170703_S2015_E2015_GMI_gpm_MSGgrid.nc
There was a key error (probably due to hail class and nans) in file:  /data/sat/products/PMW_sats/MWCCH_hail_probability/netcdf_MSG_grid/2017/07/03/20170703_S2015_E2015_GMI_gpm_MSGgrid.nc
There was a key error (probably due to hail class and nans) in file:  /data/sat/products/PMW_sats/MWCCH_hail_probability/netcdf_MSG_grid/2017/07/03/20170703_S2015_E2015_GMI_gpm_MSGgrid.nc
There was a key error (probably due to hail class and nans) in file:  /data/sat/products/PMW_sats/MWCCH_hail_probability/netcdf_MSG_grid/2017/07/03/20170703_S2015_E2015_GMI_gpm_MSGgrid.nc
There was a key error (probably due to hail class and nans) in file:  /data/sat/products/PMW_sats/MWCCH_hail_probability/netcdf_MSG_grid/2017/07/03/20170703_S2015_E2015_GMI_gpm_MSGgrid.nc
There was a key error (probably due to hail class and nans) in file:  /data/sat/products/PMW_sats/MWCCH_hail_probability/netcdf_MSG_grid/2017/07/03/20170703_S2015_E2015_GMI_gpm_MSGgrid.nc
There was a key error (probably due to hail class and nans) in file:  /data/sat/products/PMW_sats/MWCCH_hail_probability/netcdf_MSG_grid/2017/07/07/20170707_S0316_E0316_GMI_gpm_MSGgrid.nc
There was a key error (probably due to hail class and nans) in file:  /data/sat/products/PMW_sats/MWCCH_hail_probability/netcdf_MSG_grid/2017/07/07/20170707_S0316_E0316_GMI_gpm_MSGgrid.nc
There was a key error (probably due to hail class and nans) in file:  /data/sat/products/PMW_sats/MWCCH_hail_probability/netcdf_MSG_grid/2017/07/07/20170707_S0316_E0316_GMI_gpm_MSGgrid.nc
There was a key error (probably due to hail class and nans) in file:  /data/sat/products/PMW_sats/MWCCH_hail_probability/netcdf_MSG_grid/2017/07/07/20170707_S0316_E0316_GMI_gpm_MSGgrid.nc
There was a key error (probably due to hail class and nans) in file:  /data/sat/products/PMW_sats/MWCCH_hail_probability/netcdf_MSG_grid/2017/07/07/20170707_S0316_E0316_GMI_gpm_MSGgrid.nc
There was a key error (probably due to hail class and nans) in file:  /data/sat/products/PMW_sats/MWCCH_hail_probability/netcdf_MSG_grid/2017/07/07/20170707_S0316_E0316_GMI_gpm_MSGgrid.nc
There was a key error (probably due to hail class and nans) in file:  /data/sat/products/PMW_sats/MWCCH_hail_probability/netcdf_MSG_grid/2017/07/07/20170707_S0316_E0316_GMI_gpm_MSGgrid.nc
There was a key error (probably due to hail class and nans) in file:  /data/sat/products/PMW_sats/MWCCH_hail_probability/netcdf_MSG_grid/2017/07/07/20170707_S0316_E0316_GMI_gpm_MSGgrid.nc
There was a key error (probably due to hail class and nans) in file:  /data/sat/products/PMW_sats/MWCCH_hail_probability/netcdf_MSG_grid/2017/07/07/20170707_S0316_E0316_GMI_gpm_MSGgrid.nc
There was a key error (probably due to hail class and nans) in file:  /data/sat/products/PMW_sats/MWCCH_hail_probability/netcdf_MSG_grid/2017/07/07/20170707_S0316_E0316_GMI_gpm_MSGgrid.nc
There was a key error (probably due to hail class and nans) in file:  /data/sat/products/PMW_sats/MWCCH_hail_probability/netcdf_MSG_grid/2017/07/07/20170707_S0316_E0316_GMI_gpm_MSGgrid.nc
There was a key error (probably due to hail class and nans) in file:  /data/sat/products/PMW_sats/MWCCH_hail_probability/netcdf_MSG_grid/2017/07/09/20170709_S1818_E1818_SSMIS_f17_MSGgrid.nc
There was a key error (probably due to hail class and nans) in file:  /data/sat/products/PMW_sats/MWCCH_hail_probability/netcdf_MSG_grid/2017/07/09/20170709_S1818_E1818_SSMIS_f17_MSGgrid.nc
There was a key error (probably due to hail class and nans) in file:  /data/sat/products/PMW_sats/MWCCH_hail_probability/netcdf_MSG_grid/2017/07/09/20170709_S1818_E1818_SSMIS_f17_MSGgrid.nc
There was a key error (probably due to hail class and nans) in file:  /data/sat/products/PMW_sats/MWCCH_hail_probability/netcdf_MSG_grid/2017/07/09/20170709_S1818_E1818_SSMIS_f17_MSGgrid.nc
There was a key error (probably due to hail class and nans) in file:  /data/sat/products/PMW_sats/MWCCH_hail_probability/netcdf_MSG_grid/2017/07/09/20170709_S1818_E1818_SSMIS_f17_MSGgrid.nc
There was a key error (probably due to hail class and nans) in file:  /data/sat/products/PMW_sats/MWCCH_hail_probability/netcdf_MSG_grid/2017/07/09/20170709_S1818_E1818_SSMIS_f17_MSGgrid.nc
There was a key error (probably due to hail class and nans) in file:  /data/sat/products/PMW_sats/MWCCH_hail_probability/netcdf_MSG_grid/2017/07/09/20170709_S1818_E1818_SSMIS_f17_MSGgrid.nc
There was a key error (probably due to hail class and nans) in file:  /data/sat/products/PMW_sats/MWCCH_hail_probability/netcdf_MSG_grid/2017/07/09/20170709_S1818_E1818_SSMIS_f17_MSGgrid.nc
There was a key error (probably due to hail class and nans) in file:  /data/sat/products/PMW_sats/MWCCH_hail_probability/netcdf_MSG_grid/2017/07/09/20170709_S1818_E1818_SSMIS_f17_MSGgrid.nc
There was a key error (probably due to hail class and nans) in file:  /data/sat/products/PMW_sats/MWCCH_hail_probability/netcdf_MSG_grid/2017/07/09/20170709_S1818_E1818_SSMIS_f17_MSGgrid.nc
There was a key error (probably due to hail class and nans) in file:  /data/sat/products/PMW_sats/MWCCH_hail_probability/netcdf_MSG_grid/2017/07/09/20170709_S1818_E1818_SSMIS_f17_MSGgrid.nc
There was a key error (probably due to hail class and nans) in file:  /data/sat/products/PMW_sats/MWCCH_hail_probability/netcdf_MSG_grid/2017/07/09/20170709_S1818_E1818_SSMIS_f17_MSGgrid.nc
There was a key error (probably due to hail class and nans) in file:  /data/sat/products/PMW_sats/MWCCH_hail_probability/netcdf_MSG_grid/2017/07/09/20170709_S1818_E1818_SSMIS_f17_MSGgrid.nc
There was a key error (probably due to hail class and nans) in file:  /data/sat/products/PMW_sats/MWCCH_hail_probability/netcdf_MSG_grid/2017/07/14/20170714_S0215_E0215_ATMS_npp_MSGgrid.nc
There was a key error (probably due to hail class and nans) in file:  /data/sat/products/PMW_sats/MWCCH_hail_probability/netcdf_MSG_grid/2017/07/14/20170714_S0215_E0215_ATMS_npp_MSGgrid.nc
There was a key error (probably due to hail class and nans) in file:  /data/sat/products/PMW_sats/MWCCH_hail_probability/netcdf_MSG_grid/2017/07/14/20170714_S0215_E0215_ATMS_npp_MSGgrid.nc
There was a key error (probably due to hail class and nans) in file:  /data/sat/products/PMW_sats/MWCCH_hail_probability/netcdf_MSG_grid/2017/07/14/20170714_S0215_E0215_ATMS_npp_MSGgrid.nc
There was a key error (probably due to hail class and nans) in file:  /data/sat/products/PMW_sats/MWCCH_hail_probability/netcdf_MSG_grid/2017/07/14/20170714_S0215_E0215_ATMS_npp_MSGgrid.nc
There was a key error (probably due to hail class and nans) in file:  /data/sat/products/PMW_sats/MWCCH_hail_probability/netcdf_MSG_grid/2017/07/14/20170714_S0215_E0215_ATMS_npp_MSGgrid.nc
There was a key error (probably due to hail class and nans) in file:  /data/sat/products/PMW_sats/MWCCH_hail_probability/netcdf_MSG_grid/2017/07/14/20170714_S0215_E0215_ATMS_npp_MSGgrid.nc
There was a key error (probably due to hail class and nans) in file:  /data/sat/products/PMW_sats/MWCCH_hail_probability/netcdf_MSG_grid/2017/07/14/20170714_S0215_E0215_ATMS_npp_MSGgrid.nc
There was a key error (probably due to hail class and nans) in file:  /data/sat/products/PMW_sats/MWCCH_hail_probability/netcdf_MSG_grid/2017/07/14/20170714_S0215_E0215_ATMS_npp_MSGgrid.nc
There was a key error (probably due to hail class and nans) in file:  /data/sat/products/PMW_sats/MWCCH_hail_probability/netcdf_MSG_grid/2017/07/14/20170714_S0215_E0215_ATMS_npp_MSGgrid.nc
There was a key error (probably due to hail class and nans) in file:  /data/sat/products/PMW_sats/MWCCH_hail_probability/netcdf_MSG_grid/2017/07/14/20170714_S0215_E0215_ATMS_npp_MSGgrid.nc
There was a key error (probably due to hail class and nans) in file:  /data/sat/products/PMW_sats/MWCCH_hail_probability/netcdf_MSG_grid/2017/07/14/20170714_S0215_E0215_ATMS_npp_MSGgrid.nc
There was a key error (probably due to hail class and nans) in file:  /data/sat/products/PMW_sats/MWCCH_hail_probability/netcdf_MSG_grid/2017/07/14/20170714_S0215_E0215_ATMS_npp_MSGgrid.nc
There was a key error (probably due to hail class and nans) in file:  /data/sat/products/PMW_sats/MWCCH_hail_probability/netcdf_MSG_grid/2017/07/14/20170714_S0215_E0215_ATMS_npp_MSGgrid.nc
There was a key error (probably due to hail class and nans) in file:  /data/sat/products/PMW_sats/MWCCH_hail_probability/netcdf_MSG_grid/2017/07/14/20170714_S0215_E0215_ATMS_npp_MSGgrid.nc
There was a key error (probably due to hail class and nans) in file:  /data/sat/products/PMW_sats/MWCCH_hail_probability/netcdf_MSG_grid/2017/07/14/20170714_S0215_E0215_ATMS_npp_MSGgrid.nc
There was a key error (probably due to hail class and nans) in file:  /data/sat/products/PMW_sats/MWCCH_hail_probability/netcdf_MSG_grid/2017/07/14/20170714_S0215_E0215_ATMS_npp_MSGgrid.nc
There was a key error (probably due to hail class and nans) in file:  /data/sat/products/PMW_sats/MWCCH_hail_probability/netcdf_MSG_grid/2017/07/14/20170714_S0215_E0215_ATMS_npp_MSGgrid.nc
There was a key error (probably due to hail class and nans) in file:  /data/sat/products/PMW_sats/MWCCH_hail_probability/netcdf_MSG_grid/2017/07/30/20170730_S0215_E0215_ATMS_npp_MSGgrid.nc
There was a key error (probably due to hail class and nans) in file:  /data/sat/products/PMW_sats/MWCCH_hail_probability/netcdf_MSG_grid/2017/07/30/20170730_S0215_E0215_ATMS_npp_MSGgrid.nc
There was a key error (probably due to hail class and nans) in file:  /data/sat/products/PMW_sats/MWCCH_hail_probability/netcdf_MSG_grid/2017/07/30/20170730_S0215_E0215_ATMS_npp_MSGgrid.nc
There was a key error (probably due to hail class and nans) in file:  /data/sat/products/PMW_sats/MWCCH_hail_probability/netcdf_MSG_grid/2017/07/30/20170730_S0215_E0215_ATMS_npp_MSGgrid.nc
There was a key error (probably due to hail class and nans) in file:  /data/sat/products/PMW_sats/MWCCH_hail_probability/netcdf_MSG_grid/2017/07/30/20170730_S0215_E0215_ATMS_npp_MSGgrid.nc
There was a key error (probably due to hail class and nans) in file:  /data/sat/products/PMW_sats/MWCCH_hail_probability/netcdf_MSG_grid/2017/07/30/20170730_S0215_E0215_ATMS_npp_MSGgrid.nc
There was a key error (probably due to hail class and nans) in file:  /data/sat/products/PMW_sats/MWCCH_hail_probability/netcdf_MSG_grid/2017/07/30/20170730_S0215_E0215_ATMS_npp_MSGgrid.nc
There was a key error (probably due to hail class and nans) in file:  /data/sat/products/PMW_sats/MWCCH_hail_probability/netcdf_MSG_grid/2017/07/30/20170730_S0215_E0215_ATMS_npp_MSGgrid.nc
There was a key error (probably due to hail class and nans) in file:  /data/sat/products/PMW_sats/MWCCH_hail_probability/netcdf_MSG_grid/2017/07/30/20170730_S0215_E0215_ATMS_npp_MSGgrid.nc
There was a key error (probably due to hail class and nans) in file:  /data/sat/products/PMW_sats/MWCCH_hail_probability/netcdf_MSG_grid/2017/07/30/20170730_S0215_E0215_ATMS_npp_MSGgrid.nc
There was a key error (probably due to hail class and nans) in file:  /data/sat/products/PMW_sats/MWCCH_hail_probability/netcdf_MSG_grid/2017/07/30/20170730_S0215_E0215_ATMS_npp_MSGgrid.nc
There was a key error (probably due to hail class and nans) in file:  /data/sat/products/PMW_sats/MWCCH_hail_probability/netcdf_MSG_grid/2017/07/30/20170730_S0215_E0215_ATMS_npp_MSGgrid.nc
There was a key error (probably due to hail class and nans) in file:  /data/sat/products/PMW_sats/MWCCH_hail_probability/netcdf_MSG_grid/2017/07/30/20170730_S0215_E0215_ATMS_npp_MSGgrid.nc
There was a key error (probably due to hail class and nans) in file:  /data/sat/products/PMW_sats/MWCCH_hail_probability/netcdf_MSG_grid/2017/07/30/20170730_S0215_E0215_ATMS_npp_MSGgrid.nc
There was a key error (probably due to hail class and nans) in file:  /data/sat/products/PMW_sats/MWCCH_hail_probability/netcdf_MSG_grid/2017/07/30/20170730_S0215_E0215_ATMS_npp_MSGgrid.nc
There was a key error (probably due to hail class and nans) in file:  /data/sat/products/PMW_sats/MWCCH_hail_probability/netcdf_MSG_grid/2017/07/30/20170730_S0215_E0215_ATMS_npp_MSGgrid.nc
There was a key error (probably due to hail class and nans) in file:  /data/sat/products/PMW_sats/MWCCH_hail_probability/netcdf_MSG_grid/2017/07/30/20170730_S0215_E0215_ATMS_npp_MSGgrid.nc
There was a key error (probably due to hail class and nans) in file:  /data/sat/products/PMW_sats/MWCCH_hail_probability/netcdf_MSG_grid/2017/07/30/20170730_S0215_E0215_ATMS_npp_MSGgrid.nc
There was a key error (probably due to hail class and nans) in file:  /data/sat/products/PMW_sats/MWCCH_hail_probability/netcdf_MSG_grid/2017/08/12/20170812_S0742_E0742_SSMIS_f17_MSGgrid.nc
There was a key error (probably due to hail class and nans) in file:  /data/sat/products/PMW_sats/MWCCH_hail_probability/netcdf_MSG_grid/2017/08/12/20170812_S0742_E0742_SSMIS_f17_MSGgrid.nc
There was a key error (probably due to hail class and nans) in file:  /data/sat/products/PMW_sats/MWCCH_hail_probability/netcdf_MSG_grid/2017/08/12/20170812_S0742_E0742_SSMIS_f17_MSGgrid.nc
There was a key error (probably due to hail class and nans) in file:  /data/sat/products/PMW_sats/MWCCH_hail_probability/netcdf_MSG_grid/2017/08/12/20170812_S0742_E0742_SSMIS_f17_MSGgrid.nc
There was a key error (probably due to hail class and nans) in file:  /data/sat/products/PMW_sats/MWCCH_hail_probability/netcdf_MSG_grid/2017/08/12/20170812_S0742_E0742_SSMIS_f17_MSGgrid.nc
There was a key error (probably due to hail class and nans) in file:  /data/sat/products/PMW_sats/MWCCH_hail_probability/netcdf_MSG_grid/2017/08/12/20170812_S0742_E0742_SSMIS_f17_MSGgrid.nc
There was a key error (probably due to hail class and nans) in file:  /data/sat/products/PMW_sats/MWCCH_hail_probability/netcdf_MSG_grid/2017/08/12/20170812_S0742_E0742_SSMIS_f17_MSGgrid.nc
There was a key error (probably due to hail class and nans) in file:  /data/sat/products/PMW_sats/MWCCH_hail_probability/netcdf_MSG_grid/2017/08/12/20170812_S0742_E0742_SSMIS_f17_MSGgrid.nc
There was a key error (probably due to hail class and nans) in file:  /data/sat/products/PMW_sats/MWCCH_hail_probability/netcdf_MSG_grid/2017/08/12/20170812_S0742_E0742_SSMIS_f17_MSGgrid.nc
There was a key error (probably due to hail class and nans) in file:  /data/sat/products/PMW_sats/MWCCH_hail_probability/netcdf_MSG_grid/2017/08/12/20170812_S0742_E0742_SSMIS_f17_MSGgrid.nc
There was a key error (probably due to hail class and nans) in file:  /data/sat/products/PMW_sats/MWCCH_hail_probability/netcdf_MSG_grid/2017/08/12/20170812_S0742_E0742_SSMIS_f17_MSGgrid.nc
There was a key error (probably due to hail class and nans) in file:  /data/sat/products/PMW_sats/MWCCH_hail_probability/netcdf_MSG_grid/2017/08/12/20170812_S0742_E0742_SSMIS_f17_MSGgrid.nc
There was a key error (probably due to hail class and nans) in file:  /data/sat/products/PMW_sats/MWCCH_hail_probability/netcdf_MSG_grid/2017/08/12/20170812_S0742_E0742_SSMIS_f17_MSGgrid.nc
There was a key error (probably due to hail class and nans) in file:  /data/sat/products/PMW_sats/MWCCH_hail_probability/netcdf_MSG_grid/2017/08/12/20170812_S0742_E0742_SSMIS_f17_MSGgrid.nc
There was a key error (probably due to hail class and nans) in file:  /data/sat/products/PMW_sats/MWCCH_hail_probability/netcdf_MSG_grid/2017/08/12/20170812_S0742_E0742_SSMIS_f17_MSGgrid.nc
There was a key error (probably due to hail class and nans) in file:  /data/sat/products/PMW_sats/MWCCH_hail_probability/netcdf_MSG_grid/2017/08/12/20170812_S0742_E0742_SSMIS_f17_MSGgrid.nc
There was a key error (probably due to hail class and nans) in file:  /data/sat/products/PMW_sats/MWCCH_hail_probability/netcdf_MSG_grid/2017/08/18/20170818_S0506_E0506_SSMIS_f16_MSGgrid.nc
27000
There was a key error (probably due to hail class and nans) in file:  /data/sat/products/PMW_sats/MWCCH_hail_probability/netcdf_MSG_grid/2017/08/28/20170828_S0617_E0618_GMI_gpm_MSGgrid.nc
There was a key error (probably due to hail class and nans) in file:  /data/sat/products/PMW_sats/MWCCH_hail_probability/netcdf_MSG_grid/2017/08/28/20170828_S0617_E0618_GMI_gpm_MSGgrid.nc
There was a key error (probably due to hail class and nans) in file:  /data/sat/products/PMW_sats/MWCCH_hail_probability/netcdf_MSG_grid/2017/08/28/20170828_S0617_E0618_GMI_gpm_MSGgrid.nc
There was a key error (probably due to hail class and nans) in file:  /data/sat/products/PMW_sats/MWCCH_hail_probability/netcdf_MSG_grid/2017/08/28/20170828_S0617_E0618_GMI_gpm_MSGgrid.nc
There was a key error (probably due to hail class and nans) in file:  /data/sat/products/PMW_sats/MWCCH_hail_probability/netcdf_MSG_grid/2017/08/28/20170828_S0617_E0618_GMI_gpm_MSGgrid.nc
There was a key error (probably due to hail class and nans) in file:  /data/sat/products/PMW_sats/MWCCH_hail_probability/netcdf_MSG_grid/2017/08/28/20170828_S0617_E0618_GMI_gpm_MSGgrid.nc
There was a key error (probably due to hail class and nans) in file:  /data/sat/products/PMW_sats/MWCCH_hail_probability/netcdf_MSG_grid/2017/08/28/20170828_S0617_E0618_GMI_gpm_MSGgrid.nc
There was a key error (probably due to hail class and nans) in file:  /data/sat/products/PMW_sats/MWCCH_hail_probability/netcdf_MSG_grid/2017/08/28/20170828_S0617_E0618_GMI_gpm_MSGgrid.nc
There was a key error (probably due to hail class and nans) in file:  /data/sat/products/PMW_sats/MWCCH_hail_probability/netcdf_MSG_grid/2017/08/28/20170828_S0617_E0618_GMI_gpm_MSGgrid.nc
There was a key error (probably due to hail class and nans) in file:  /data/sat/products/PMW_sats/MWCCH_hail_probability/netcdf_MSG_grid/2017/08/28/20170828_S0617_E0618_GMI_gpm_MSGgrid.nc
There was a key error (probably due to hail class and nans) in file:  /data/sat/products/PMW_sats/MWCCH_hail_probability/netcdf_MSG_grid/2017/08/28/20170828_S0617_E0618_GMI_gpm_MSGgrid.nc
There was a key error (probably due to hail class and nans) in file:  /data/sat/products/PMW_sats/MWCCH_hail_probability/netcdf_MSG_grid/2017/08/28/20170828_S0617_E0618_GMI_gpm_MSGgrid.nc
There was a key error (probably due to hail class and nans) in file:  /data/sat/products/PMW_sats/MWCCH_hail_probability/netcdf_MSG_grid/2017/08/28/20170828_S0617_E0618_GMI_gpm_MSGgrid.nc
There was a key error (probably due to hail class and nans) in file:  /data/sat/products/PMW_sats/MWCCH_hail_probability/netcdf_MSG_grid/2017/08/28/20170828_S0617_E0618_GMI_gpm_MSGgrid.nc
There was a key error (probably due to hail class and nans) in file:  /data/sat/products/PMW_sats/MWCCH_hail_probability/netcdf_MSG_grid/2017/08/28/20170828_S0617_E0618_GMI_gpm_MSGgrid.nc
There was a key error (probably due to hail class and nans) in file:  /data/sat/products/PMW_sats/MWCCH_hail_probability/netcdf_MSG_grid/2017/08/28/20170828_S0617_E0618_GMI_gpm_MSGgrid.nc
There was a key error (probably due to hail class and nans) in file:  /data/sat/products/PMW_sats/MWCCH_hail_probability/netcdf_MSG_grid/2017/09/10/20170910_S1317_E1317_SSMIS_f16_MSGgrid.nc
There was a key error (probably due to hail class and nans) in file:  /data/sat/products/PMW_sats/MWCCH_hail_probability/netcdf_MSG_grid/2017/09/10/20170910_S1317_E1317_SSMIS_f16_MSGgrid.nc
There was a key error (probably due to hail class and nans) in file:  /data/sat/products/PMW_sats/MWCCH_hail_probability/netcdf_MSG_grid/2017/09/10/20170910_S1317_E1317_SSMIS_f16_MSGgrid.nc
There was a key error (probably due to hail class and nans) in file:  /data/sat/products/PMW_sats/MWCCH_hail_probability/netcdf_MSG_grid/2017/09/10/20170910_S1317_E1317_SSMIS_f16_MSGgrid.nc
There was a key error (probably due to hail class and nans) in file:  /data/sat/products/PMW_sats/MWCCH_hail_probability/netcdf_MSG_grid/2017/09/10/20170910_S1317_E1317_SSMIS_f16_MSGgrid.nc
There was a key error (probably due to hail class and nans) in file:  /data/sat/products/PMW_sats/MWCCH_hail_probability/netcdf_MSG_grid/2017/09/16/20170916_S2045_E2045_MHS_meto02_MSGgrid.nc
There was a key error (probably due to hail class and nans) in file:  /data/sat/products/PMW_sats/MWCCH_hail_probability/netcdf_MSG_grid/2017/09/16/20170916_S2045_E2045_MHS_meto02_MSGgrid.nc
There was a key error (probably due to hail class and nans) in file:  /data/sat/products/PMW_sats/MWCCH_hail_probability/netcdf_MSG_grid/2017/09/16/20170916_S2045_E2045_MHS_meto02_MSGgrid.nc
There was a key error (probably due to hail class and nans) in file:  /data/sat/products/PMW_sats/MWCCH_hail_probability/netcdf_MSG_grid/2017/09/16/20170916_S2045_E2045_MHS_meto02_MSGgrid.nc
There was a key error (probably due to hail class and nans) in file:  /data/sat/products/PMW_sats/MWCCH_hail_probability/netcdf_MSG_grid/2017/09/16/20170916_S2045_E2045_MHS_meto02_MSGgrid.nc
There was a key error (probably due to hail class and nans) in file:  /data/sat/products/PMW_sats/MWCCH_hail_probability/netcdf_MSG_grid/2017/09/16/20170916_S2045_E2045_MHS_meto02_MSGgrid.nc
There was a key error (probably due to hail class and nans) in file:  /data/sat/products/PMW_sats/MWCCH_hail_probability/netcdf_MSG_grid/2017/09/16/20170916_S2045_E2045_MHS_meto02_MSGgrid.nc
There was a key error (probably due to hail class and nans) in file:  /data/sat/products/PMW_sats/MWCCH_hail_probability/netcdf_MSG_grid/2017/09/16/20170916_S2045_E2045_MHS_meto02_MSGgrid.nc
There was a key error (probably due to hail class and nans) in file:  /data/sat/products/PMW_sats/MWCCH_hail_probability/netcdf_MSG_grid/2017/09/16/20170916_S2045_E2045_MHS_meto02_MSGgrid.nc
There was a key error (probably due to hail class and nans) in file:  /data/sat/products/PMW_sats/MWCCH_hail_probability/netcdf_MSG_grid/2017/09/16/20170916_S2045_E2045_MHS_meto02_MSGgrid.nc
There was a key error (probably due to hail class and nans) in file:  /data/sat/products/PMW_sats/MWCCH_hail_probability/netcdf_MSG_grid/2017/09/16/20170916_S2045_E2045_MHS_meto02_MSGgrid.nc
There was a key error (probably due to hail class and nans) in file:  /data/sat/products/PMW_sats/MWCCH_hail_probability/netcdf_MSG_grid/2017/09/16/20170916_S2045_E2045_MHS_meto02_MSGgrid.nc
There was a key error (probably due to hail class and nans) in file:  /data/sat/products/PMW_sats/MWCCH_hail_probability/netcdf_MSG_grid/2017/09/16/20170916_S2045_E2045_MHS_meto02_MSGgrid.nc
There was a key error (probably due to hail class and nans) in file:  /data/sat/products/PMW_sats/MWCCH_hail_probability/netcdf_MSG_grid/2017/09/16/20170916_S2045_E2045_MHS_meto02_MSGgrid.nc
There was a key error (probably due to hail class and nans) in file:  /data/sat/products/PMW_sats/MWCCH_hail_probability/netcdf_MSG_grid/2017/09/16/20170916_S2045_E2045_MHS_meto02_MSGgrid.nc
There was a key error (probably due to hail class and nans) in file:  /data/sat/products/PMW_sats/MWCCH_hail_probability/netcdf_MSG_grid/2017/09/16/20170916_S2045_E2045_MHS_meto02_MSGgrid.nc
There was a key error (probably due to hail class and nans) in file:  /data/sat/products/PMW_sats/MWCCH_hail_probability/netcdf_MSG_grid/2017/09/16/20170916_S2045_E2045_MHS_meto02_MSGgrid.nc
There was a key error (probably due to hail class and nans) in file:  /data/sat/products/PMW_sats/MWCCH_hail_probability/netcdf_MSG_grid/2017/09/16/20170916_S2045_E2045_MHS_meto02_MSGgrid.nc
There was a key error (probably due to hail class and nans) in file:  /data/sat/products/PMW_sats/MWCCH_hail_probability/netcdf_MSG_grid/2018/04/19/20180419_S0746_E0746_SSMIS_f17_MSGgrid.nc
There was a key error (probably due to hail class and nans) in file:  /data/sat/products/PMW_sats/MWCCH_hail_probability/netcdf_MSG_grid/2018/04/19/20180419_S0746_E0746_SSMIS_f17_MSGgrid.nc
There was a key error (probably due to hail class and nans) in file:  /data/sat/products/PMW_sats/MWCCH_hail_probability/netcdf_MSG_grid/2018/04/19/20180419_S0746_E0746_SSMIS_f17_MSGgrid.nc
There was a key error (probably due to hail class and nans) in file:  /data/sat/products/PMW_sats/MWCCH_hail_probability/netcdf_MSG_grid/2018/04/19/20180419_S0746_E0746_SSMIS_f17_MSGgrid.nc
There was a key error (probably due to hail class and nans) in file:  /data/sat/products/PMW_sats/MWCCH_hail_probability/netcdf_MSG_grid/2018/04/19/20180419_S0746_E0746_SSMIS_f17_MSGgrid.nc
There was a key error (probably due to hail class and nans) in file:  /data/sat/products/PMW_sats/MWCCH_hail_probability/netcdf_MSG_grid/2018/04/19/20180419_S0746_E0746_SSMIS_f17_MSGgrid.nc
There was a key error (probably due to hail class and nans) in file:  /data/sat/products/PMW_sats/MWCCH_hail_probability/netcdf_MSG_grid/2018/04/19/20180419_S0746_E0746_SSMIS_f17_MSGgrid.nc
There was a key error (probably due to hail class and nans) in file:  /data/sat/products/PMW_sats/MWCCH_hail_probability/netcdf_MSG_grid/2018/04/19/20180419_S0746_E0746_SSMIS_f17_MSGgrid.nc
There was a key error (probably due to hail class and nans) in file:  /data/sat/products/PMW_sats/MWCCH_hail_probability/netcdf_MSG_grid/2018/04/19/20180419_S0746_E0746_SSMIS_f17_MSGgrid.nc
28000
There was a key error (probably due to hail class and nans) in file:  /data/sat/products/PMW_sats/MWCCH_hail_probability/netcdf_MSG_grid/2018/04/30/20180430_S0505_E0505_SSMIS_f16_MSGgrid.nc
There was a key error (probably due to hail class and nans) in file:  /data/sat/products/PMW_sats/MWCCH_hail_probability/netcdf_MSG_grid/2018/04/30/20180430_S0505_E0505_SSMIS_f16_MSGgrid.nc
There was a key error (probably due to hail class and nans) in file:  /data/sat/products/PMW_sats/MWCCH_hail_probability/netcdf_MSG_grid/2018/04/30/20180430_S0505_E0505_SSMIS_f16_MSGgrid.nc
There was a key error (probably due to hail class and nans) in file:  /data/sat/products/PMW_sats/MWCCH_hail_probability/netcdf_MSG_grid/2018/04/30/20180430_S0505_E0505_SSMIS_f16_MSGgrid.nc
There was a key error (probably due to hail class and nans) in file:  /data/sat/products/PMW_sats/MWCCH_hail_probability/netcdf_MSG_grid/2018/04/30/20180430_S0505_E0505_SSMIS_f16_MSGgrid.nc
There was a key error (probably due to hail class and nans) in file:  /data/sat/products/PMW_sats/MWCCH_hail_probability/netcdf_MSG_grid/2018/04/30/20180430_S0505_E0505_SSMIS_f16_MSGgrid.nc
There was a key error (probably due to hail class and nans) in file:  /data/sat/products/PMW_sats/MWCCH_hail_probability/netcdf_MSG_grid/2018/04/30/20180430_S0505_E0505_SSMIS_f16_MSGgrid.nc
There was a key error (probably due to hail class and nans) in file:  /data/sat/products/PMW_sats/MWCCH_hail_probability/netcdf_MSG_grid/2018/04/30/20180430_S0505_E0505_SSMIS_f16_MSGgrid.nc
There was a key error (probably due to hail class and nans) in file:  /data/sat/products/PMW_sats/MWCCH_hail_probability/netcdf_MSG_grid/2018/04/30/20180430_S0505_E0505_SSMIS_f16_MSGgrid.nc
There was a key error (probably due to hail class and nans) in file:  /data/sat/products/PMW_sats/MWCCH_hail_probability/netcdf_MSG_grid/2018/04/30/20180430_S0505_E0505_SSMIS_f16_MSGgrid.nc
There was a key error (probably due to hail class and nans) in file:  /data/sat/products/PMW_sats/MWCCH_hail_probability/netcdf_MSG_grid/2018/04/30/20180430_S0505_E0505_SSMIS_f16_MSGgrid.nc
There was a key error (probably due to hail class and nans) in file:  /data/sat/products/PMW_sats/MWCCH_hail_probability/netcdf_MSG_grid/2018/04/30/20180430_S0505_E0505_SSMIS_f16_MSGgrid.nc
There was a key error (probably due to hail class and nans) in file:  /data/sat/products/PMW_sats/MWCCH_hail_probability/netcdf_MSG_grid/2018/04/30/20180430_S0505_E0505_SSMIS_f16_MSGgrid.nc
There was a key error (probably due to hail class and nans) in file:  /data/sat/products/PMW_sats/MWCCH_hail_probability/netcdf_MSG_grid/2018/04/30/20180430_S0505_E0505_SSMIS_f16_MSGgrid.nc
There was a key error (probably due to hail class and nans) in file:  /data/sat/products/PMW_sats/MWCCH_hail_probability/netcdf_MSG_grid/2018/04/30/20180430_S0505_E0505_SSMIS_f16_MSGgrid.nc
There was a key error (probably due to hail class and nans) in file:  /data/sat/products/PMW_sats/MWCCH_hail_probability/netcdf_MSG_grid/2018/04/30/20180430_S0505_E0505_SSMIS_f16_MSGgrid.nc
There was a key error (probably due to hail class and nans) in file:  /data/sat/products/PMW_sats/MWCCH_hail_probability/netcdf_MSG_grid/2018/05/08/20180508_S1824_E1824_SSMIS_f17_MSGgrid.nc
There was a key error (probably due to hail class and nans) in file:  /data/sat/products/PMW_sats/MWCCH_hail_probability/netcdf_MSG_grid/2018/05/08/20180508_S1824_E1824_SSMIS_f17_MSGgrid.nc
There was a key error (probably due to hail class and nans) in file:  /data/sat/products/PMW_sats/MWCCH_hail_probability/netcdf_MSG_grid/2018/05/08/20180508_S1824_E1824_SSMIS_f17_MSGgrid.nc
There was a key error (probably due to hail class and nans) in file:  /data/sat/products/PMW_sats/MWCCH_hail_probability/netcdf_MSG_grid/2018/05/08/20180508_S1824_E1824_SSMIS_f17_MSGgrid.nc
There was a key error (probably due to hail class and nans) in file:  /data/sat/products/PMW_sats/MWCCH_hail_probability/netcdf_MSG_grid/2018/05/08/20180508_S1824_E1824_SSMIS_f17_MSGgrid.nc
There was a key error (probably due to hail class and nans) in file:  /data/sat/products/PMW_sats/MWCCH_hail_probability/netcdf_MSG_grid/2018/05/23/20180523_S2343_E2343_GMI_gpm_MSGgrid.nc
There was a key error (probably due to hail class and nans) in file:  /data/sat/products/PMW_sats/MWCCH_hail_probability/netcdf_MSG_grid/2018/05/23/20180523_S2343_E2343_GMI_gpm_MSGgrid.nc
There was a key error (probably due to hail class and nans) in file:  /data/sat/products/PMW_sats/MWCCH_hail_probability/netcdf_MSG_grid/2018/05/23/20180523_S2343_E2343_GMI_gpm_MSGgrid.nc
There was a key error (probably due to hail class and nans) in file:  /data/sat/products/PMW_sats/MWCCH_hail_probability/netcdf_MSG_grid/2018/05/23/20180523_S2343_E2343_GMI_gpm_MSGgrid.nc
There was a key error (probably due to hail class and nans) in file:  /data/sat/products/PMW_sats/MWCCH_hail_probability/netcdf_MSG_grid/2018/05/23/20180523_S2343_E2343_GMI_gpm_MSGgrid.nc
There was a key error (probably due to hail class and nans) in file:  /data/sat/products/PMW_sats/MWCCH_hail_probability/netcdf_MSG_grid/2018/05/23/20180523_S2343_E2343_GMI_gpm_MSGgrid.nc
There was a key error (probably due to hail class and nans) in file:  /data/sat/products/PMW_sats/MWCCH_hail_probability/netcdf_MSG_grid/2018/05/23/20180523_S2343_E2343_GMI_gpm_MSGgrid.nc
There was a key error (probably due to hail class and nans) in file:  /data/sat/products/PMW_sats/MWCCH_hail_probability/netcdf_MSG_grid/2018/05/23/20180523_S2343_E2343_GMI_gpm_MSGgrid.nc
There was a key error (probably due to hail class and nans) in file:  /data/sat/products/PMW_sats/MWCCH_hail_probability/netcdf_MSG_grid/2018/05/23/20180523_S2343_E2343_GMI_gpm_MSGgrid.nc
There was a key error (probably due to hail class and nans) in file:  /data/sat/products/PMW_sats/MWCCH_hail_probability/netcdf_MSG_grid/2018/05/23/20180523_S2343_E2343_GMI_gpm_MSGgrid.nc
There was a key error (probably due to hail class and nans) in file:  /data/sat/products/PMW_sats/MWCCH_hail_probability/netcdf_MSG_grid/2018/05/23/20180523_S2343_E2343_GMI_gpm_MSGgrid.nc
There was a key error (probably due to hail class and nans) in file:  /data/sat/products/PMW_sats/MWCCH_hail_probability/netcdf_MSG_grid/2018/05/23/20180523_S2343_E2343_GMI_gpm_MSGgrid.nc
There was a key error (probably due to hail class and nans) in file:  /data/sat/products/PMW_sats/MWCCH_hail_probability/netcdf_MSG_grid/2018/05/23/20180523_S2343_E2343_GMI_gpm_MSGgrid.nc
There was a key error (probably due to hail class and nans) in file:  /data/sat/products/PMW_sats/MWCCH_hail_probability/netcdf_MSG_grid/2018/05/23/20180523_S2343_E2343_GMI_gpm_MSGgrid.nc
There was a key error (probably due to hail class and nans) in file:  /data/sat/products/PMW_sats/MWCCH_hail_probability/netcdf_MSG_grid/2018/05/23/20180523_S2343_E2343_GMI_gpm_MSGgrid.nc
There was a key error (probably due to hail class and nans) in file:  /data/sat/products/PMW_sats/MWCCH_hail_probability/netcdf_MSG_grid/2018/05/23/20180523_S2343_E2343_GMI_gpm_MSGgrid.nc
There was a key error (probably due to hail class and nans) in file:  /data/sat/products/PMW_sats/MWCCH_hail_probability/netcdf_MSG_grid/2018/05/23/20180523_S2343_E2343_GMI_gpm_MSGgrid.nc
There was a key error (probably due to hail class and nans) in file:  /data/sat/products/PMW_sats/MWCCH_hail_probability/netcdf_MSG_grid/2018/05/23/20180523_S2343_E2343_GMI_gpm_MSGgrid.nc
29000
There was a key error (probably due to hail class and nans) in file:  /data/sat/products/PMW_sats/MWCCH_hail_probability/netcdf_MSG_grid/2018/07/03/20180703_S1152_E1152_GMI_gpm_MSGgrid.nc
There was a key error (probably due to hail class and nans) in file:  /data/sat/products/PMW_sats/MWCCH_hail_probability/netcdf_MSG_grid/2018/07/03/20180703_S1152_E1152_GMI_gpm_MSGgrid.nc
There was a key error (probably due to hail class and nans) in file:  /data/sat/products/PMW_sats/MWCCH_hail_probability/netcdf_MSG_grid/2018/07/03/20180703_S1152_E1152_GMI_gpm_MSGgrid.nc
There was a key error (probably due to hail class and nans) in file:  /data/sat/products/PMW_sats/MWCCH_hail_probability/netcdf_MSG_grid/2018/07/03/20180703_S1152_E1152_GMI_gpm_MSGgrid.nc
There was a key error (probably due to hail class and nans) in file:  /data/sat/products/PMW_sats/MWCCH_hail_probability/netcdf_MSG_grid/2018/07/03/20180703_S1152_E1152_GMI_gpm_MSGgrid.nc
There was a key error (probably due to hail class and nans) in file:  /data/sat/products/PMW_sats/MWCCH_hail_probability/netcdf_MSG_grid/2018/07/17/20180717_S0215_E0215_ATMS_npp_MSGgrid.nc
There was a key error (probably due to hail class and nans) in file:  /data/sat/products/PMW_sats/MWCCH_hail_probability/netcdf_MSG_grid/2018/07/17/20180717_S0215_E0215_ATMS_npp_MSGgrid.nc
There was a key error (probably due to hail class and nans) in file:  /data/sat/products/PMW_sats/MWCCH_hail_probability/netcdf_MSG_grid/2018/07/17/20180717_S0215_E0215_ATMS_npp_MSGgrid.nc
There was a key error (probably due to hail class and nans) in file:  /data/sat/products/PMW_sats/MWCCH_hail_probability/netcdf_MSG_grid/2018/07/17/20180717_S0215_E0215_ATMS_npp_MSGgrid.nc
There was a key error (probably due to hail class and nans) in file:  /data/sat/products/PMW_sats/MWCCH_hail_probability/netcdf_MSG_grid/2018/07/17/20180717_S0215_E0215_ATMS_npp_MSGgrid.nc
There was a key error (probably due to hail class and nans) in file:  /data/sat/products/PMW_sats/MWCCH_hail_probability/netcdf_MSG_grid/2018/07/17/20180717_S0215_E0215_ATMS_npp_MSGgrid.nc
There was a key error (probably due to hail class and nans) in file:  /data/sat/products/PMW_sats/MWCCH_hail_probability/netcdf_MSG_grid/2018/07/17/20180717_S0215_E0215_ATMS_npp_MSGgrid.nc
There was a key error (probably due to hail class and nans) in file:  /data/sat/products/PMW_sats/MWCCH_hail_probability/netcdf_MSG_grid/2018/07/17/20180717_S0215_E0215_ATMS_npp_MSGgrid.nc
There was a key error (probably due to hail class and nans) in file:  /data/sat/products/PMW_sats/MWCCH_hail_probability/netcdf_MSG_grid/2018/07/17/20180717_S0215_E0215_ATMS_npp_MSGgrid.nc
There was a key error (probably due to hail class and nans) in file:  /data/sat/products/PMW_sats/MWCCH_hail_probability/netcdf_MSG_grid/2018/07/17/20180717_S0215_E0215_ATMS_npp_MSGgrid.nc
There was a key error (probably due to hail class and nans) in file:  /data/sat/products/PMW_sats/MWCCH_hail_probability/netcdf_MSG_grid/2018/07/17/20180717_S0215_E0215_ATMS_npp_MSGgrid.nc
There was a key error (probably due to hail class and nans) in file:  /data/sat/products/PMW_sats/MWCCH_hail_probability/netcdf_MSG_grid/2018/07/17/20180717_S0215_E0215_ATMS_npp_MSGgrid.nc
There was a key error (probably due to hail class and nans) in file:  /data/sat/products/PMW_sats/MWCCH_hail_probability/netcdf_MSG_grid/2018/07/17/20180717_S0215_E0215_ATMS_npp_MSGgrid.nc
There was a key error (probably due to hail class and nans) in file:  /data/sat/products/PMW_sats/MWCCH_hail_probability/netcdf_MSG_grid/2018/07/17/20180717_S0215_E0215_ATMS_npp_MSGgrid.nc
There was a key error (probably due to hail class and nans) in file:  /data/sat/products/PMW_sats/MWCCH_hail_probability/netcdf_MSG_grid/2018/07/17/20180717_S0215_E0215_ATMS_npp_MSGgrid.nc
There was a key error (probably due to hail class and nans) in file:  /data/sat/products/PMW_sats/MWCCH_hail_probability/netcdf_MSG_grid/2018/07/17/20180717_S0215_E0215_ATMS_npp_MSGgrid.nc
There was a key error (probably due to hail class and nans) in file:  /data/sat/products/PMW_sats/MWCCH_hail_probability/netcdf_MSG_grid/2018/07/17/20180717_S0215_E0215_ATMS_npp_MSGgrid.nc
There was a key error (probably due to hail class and nans) in file:  /data/sat/products/PMW_sats/MWCCH_hail_probability/netcdf_MSG_grid/2018/07/23/20180723_S0353_E0353_GMI_gpm_MSGgrid.nc
There was a key error (probably due to hail class and nans) in file:  /data/sat/products/PMW_sats/MWCCH_hail_probability/netcdf_MSG_grid/2018/07/23/20180723_S0353_E0353_GMI_gpm_MSGgrid.nc
There was a key error (probably due to hail class and nans) in file:  /data/sat/products/PMW_sats/MWCCH_hail_probability/netcdf_MSG_grid/2018/07/23/20180723_S0353_E0353_GMI_gpm_MSGgrid.nc
There was a key error (probably due to hail class and nans) in file:  /data/sat/products/PMW_sats/MWCCH_hail_probability/netcdf_MSG_grid/2018/07/23/20180723_S0353_E0353_GMI_gpm_MSGgrid.nc
There was a key error (probably due to hail class and nans) in file:  /data/sat/products/PMW_sats/MWCCH_hail_probability/netcdf_MSG_grid/2018/07/23/20180723_S0353_E0353_GMI_gpm_MSGgrid.nc
There was a key error (probably due to hail class and nans) in file:  /data/sat/products/PMW_sats/MWCCH_hail_probability/netcdf_MSG_grid/2018/07/23/20180723_S0353_E0353_GMI_gpm_MSGgrid.nc
There was a key error (probably due to hail class and nans) in file:  /data/sat/products/PMW_sats/MWCCH_hail_probability/netcdf_MSG_grid/2018/07/23/20180723_S0353_E0353_GMI_gpm_MSGgrid.nc
There was a key error (probably due to hail class and nans) in file:  /data/sat/products/PMW_sats/MWCCH_hail_probability/netcdf_MSG_grid/2018/07/23/20180723_S0353_E0353_GMI_gpm_MSGgrid.nc
There was a key error (probably due to hail class and nans) in file:  /data/sat/products/PMW_sats/MWCCH_hail_probability/netcdf_MSG_grid/2018/07/23/20180723_S0353_E0353_GMI_gpm_MSGgrid.nc
There was a key error (probably due to hail class and nans) in file:  /data/sat/products/PMW_sats/MWCCH_hail_probability/netcdf_MSG_grid/2018/07/23/20180723_S0353_E0353_GMI_gpm_MSGgrid.nc
There was a key error (probably due to hail class and nans) in file:  /data/sat/products/PMW_sats/MWCCH_hail_probability/netcdf_MSG_grid/2018/07/23/20180723_S0353_E0353_GMI_gpm_MSGgrid.nc
There was a key error (probably due to hail class and nans) in file:  /data/sat/products/PMW_sats/MWCCH_hail_probability/netcdf_MSG_grid/2018/07/23/20180723_S0353_E0353_GMI_gpm_MSGgrid.nc
There was a key error (probably due to hail class and nans) in file:  /data/sat/products/PMW_sats/MWCCH_hail_probability/netcdf_MSG_grid/2018/07/23/20180723_S0353_E0353_GMI_gpm_MSGgrid.nc
There was a key error (probably due to hail class and nans) in file:  /data/sat/products/PMW_sats/MWCCH_hail_probability/netcdf_MSG_grid/2018/07/23/20180723_S0353_E0353_GMI_gpm_MSGgrid.nc
There was a key error (probably due to hail class and nans) in file:  /data/sat/products/PMW_sats/MWCCH_hail_probability/netcdf_MSG_grid/2018/07/28/20180728_S1542_E1542_SSMIS_f16_MSGgrid.nc
There was a key error (probably due to hail class and nans) in file:  /data/sat/products/PMW_sats/MWCCH_hail_probability/netcdf_MSG_grid/2018/07/28/20180728_S1542_E1542_SSMIS_f16_MSGgrid.nc
There was a key error (probably due to hail class and nans) in file:  /data/sat/products/PMW_sats/MWCCH_hail_probability/netcdf_MSG_grid/2018/07/28/20180728_S1542_E1542_SSMIS_f16_MSGgrid.nc
There was a key error (probably due to hail class and nans) in file:  /data/sat/products/PMW_sats/MWCCH_hail_probability/netcdf_MSG_grid/2018/07/28/20180728_S1542_E1542_SSMIS_f16_MSGgrid.nc
There was a key error (probably due to hail class and nans) in file:  /data/sat/products/PMW_sats/MWCCH_hail_probability/netcdf_MSG_grid/2018/07/28/20180728_S1542_E1542_SSMIS_f16_MSGgrid.nc
There was a key error (probably due to hail class and nans) in file:  /data/sat/products/PMW_sats/MWCCH_hail_probability/netcdf_MSG_grid/2018/07/28/20180728_S1542_E1542_SSMIS_f16_MSGgrid.nc
There was a key error (probably due to hail class and nans) in file:  /data/sat/products/PMW_sats/MWCCH_hail_probability/netcdf_MSG_grid/2018/07/28/20180728_S1542_E1542_SSMIS_f16_MSGgrid.nc
There was a key error (probably due to hail class and nans) in file:  /data/sat/products/PMW_sats/MWCCH_hail_probability/netcdf_MSG_grid/2018/07/28/20180728_S1542_E1542_SSMIS_f16_MSGgrid.nc
There was a key error (probably due to hail class and nans) in file:  /data/sat/products/PMW_sats/MWCCH_hail_probability/netcdf_MSG_grid/2018/08/02/20180802_S0215_E0215_ATMS_npp_MSGgrid.nc
There was a key error (probably due to hail class and nans) in file:  /data/sat/products/PMW_sats/MWCCH_hail_probability/netcdf_MSG_grid/2018/08/02/20180802_S0215_E0215_ATMS_npp_MSGgrid.nc
There was a key error (probably due to hail class and nans) in file:  /data/sat/products/PMW_sats/MWCCH_hail_probability/netcdf_MSG_grid/2018/08/02/20180802_S0215_E0215_ATMS_npp_MSGgrid.nc
There was a key error (probably due to hail class and nans) in file:  /data/sat/products/PMW_sats/MWCCH_hail_probability/netcdf_MSG_grid/2018/08/02/20180802_S0215_E0215_ATMS_npp_MSGgrid.nc
There was a key error (probably due to hail class and nans) in file:  /data/sat/products/PMW_sats/MWCCH_hail_probability/netcdf_MSG_grid/2018/08/02/20180802_S0215_E0215_ATMS_npp_MSGgrid.nc
There was a key error (probably due to hail class and nans) in file:  /data/sat/products/PMW_sats/MWCCH_hail_probability/netcdf_MSG_grid/2018/08/02/20180802_S0215_E0215_ATMS_npp_MSGgrid.nc
There was a key error (probably due to hail class and nans) in file:  /data/sat/products/PMW_sats/MWCCH_hail_probability/netcdf_MSG_grid/2018/08/02/20180802_S0215_E0215_ATMS_npp_MSGgrid.nc
There was a key error (probably due to hail class and nans) in file:  /data/sat/products/PMW_sats/MWCCH_hail_probability/netcdf_MSG_grid/2018/08/02/20180802_S0215_E0215_ATMS_npp_MSGgrid.nc
There was a key error (probably due to hail class and nans) in file:  /data/sat/products/PMW_sats/MWCCH_hail_probability/netcdf_MSG_grid/2018/08/02/20180802_S0215_E0215_ATMS_npp_MSGgrid.nc
There was a key error (probably due to hail class and nans) in file:  /data/sat/products/PMW_sats/MWCCH_hail_probability/netcdf_MSG_grid/2018/08/02/20180802_S0215_E0215_ATMS_npp_MSGgrid.nc
There was a key error (probably due to hail class and nans) in file:  /data/sat/products/PMW_sats/MWCCH_hail_probability/netcdf_MSG_grid/2018/08/02/20180802_S0215_E0215_ATMS_npp_MSGgrid.nc
There was a key error (probably due to hail class and nans) in file:  /data/sat/products/PMW_sats/MWCCH_hail_probability/netcdf_MSG_grid/2018/08/02/20180802_S0215_E0215_ATMS_npp_MSGgrid.nc
There was a key error (probably due to hail class and nans) in file:  /data/sat/products/PMW_sats/MWCCH_hail_probability/netcdf_MSG_grid/2018/08/02/20180802_S0215_E0215_ATMS_npp_MSGgrid.nc
There was a key error (probably due to hail class and nans) in file:  /data/sat/products/PMW_sats/MWCCH_hail_probability/netcdf_MSG_grid/2018/08/02/20180802_S0215_E0215_ATMS_npp_MSGgrid.nc
There was a key error (probably due to hail class and nans) in file:  /data/sat/products/PMW_sats/MWCCH_hail_probability/netcdf_MSG_grid/2018/08/02/20180802_S0215_E0215_ATMS_npp_MSGgrid.nc
There was a key error (probably due to hail class and nans) in file:  /data/sat/products/PMW_sats/MWCCH_hail_probability/netcdf_MSG_grid/2018/08/02/20180802_S0215_E0215_ATMS_npp_MSGgrid.nc
There was a key error (probably due to hail class and nans) in file:  /data/sat/products/PMW_sats/MWCCH_hail_probability/netcdf_MSG_grid/2018/08/02/20180802_S0215_E0215_ATMS_npp_MSGgrid.nc
There was a key error (probably due to hail class and nans) in file:  /data/sat/products/PMW_sats/MWCCH_hail_probability/netcdf_MSG_grid/2018/08/02/20180802_S0215_E0215_ATMS_npp_MSGgrid.nc
There was a key error (probably due to hail class and nans) in file:  /data/sat/products/PMW_sats/MWCCH_hail_probability/netcdf_MSG_grid/2018/08/18/20180818_S1558_E1558_SSMIS_f17_MSGgrid.nc
There was a key error (probably due to hail class and nans) in file:  /data/sat/products/PMW_sats/MWCCH_hail_probability/netcdf_MSG_grid/2018/08/18/20180818_S1558_E1558_SSMIS_f17_MSGgrid.nc
There was a key error (probably due to hail class and nans) in file:  /data/sat/products/PMW_sats/MWCCH_hail_probability/netcdf_MSG_grid/2018/08/18/20180818_S1558_E1558_SSMIS_f17_MSGgrid.nc
There was a key error (probably due to hail class and nans) in file:  /data/sat/products/PMW_sats/MWCCH_hail_probability/netcdf_MSG_grid/2018/08/18/20180818_S1558_E1558_SSMIS_f17_MSGgrid.nc
There was a key error (probably due to hail class and nans) in file:  /data/sat/products/PMW_sats/MWCCH_hail_probability/netcdf_MSG_grid/2018/08/18/20180818_S1558_E1558_SSMIS_f17_MSGgrid.nc
There was a key error (probably due to hail class and nans) in file:  /data/sat/products/PMW_sats/MWCCH_hail_probability/netcdf_MSG_grid/2018/08/18/20180818_S1558_E1558_SSMIS_f17_MSGgrid.nc
There was a key error (probably due to hail class and nans) in file:  /data/sat/products/PMW_sats/MWCCH_hail_probability/netcdf_MSG_grid/2018/08/18/20180818_S1558_E1558_SSMIS_f17_MSGgrid.nc
There was a key error (probably due to hail class and nans) in file:  /data/sat/products/PMW_sats/MWCCH_hail_probability/netcdf_MSG_grid/2018/08/18/20180818_S1558_E1558_SSMIS_f17_MSGgrid.nc
There was a key error (probably due to hail class and nans) in file:  /data/sat/products/PMW_sats/MWCCH_hail_probability/netcdf_MSG_grid/2018/08/18/20180818_S1558_E1558_SSMIS_f17_MSGgrid.nc
30000
There was a key error (probably due to hail class and nans) in file:  /data/sat/products/PMW_sats/MWCCH_hail_probability/netcdf_MSG_grid/2018/09/05/20180905_S1359_E1359_SSMIS_f16_MSGgrid.nc
There was a key error (probably due to hail class and nans) in file:  /data/sat/products/PMW_sats/MWCCH_hail_probability/netcdf_MSG_grid/2018/09/05/20180905_S1359_E1359_SSMIS_f16_MSGgrid.nc
There was a key error (probably due to hail class and nans) in file:  /data/sat/products/PMW_sats/MWCCH_hail_probability/netcdf_MSG_grid/2018/09/05/20180905_S1359_E1359_SSMIS_f16_MSGgrid.nc
There was a key error (probably due to hail class and nans) in file:  /data/sat/products/PMW_sats/MWCCH_hail_probability/netcdf_MSG_grid/2018/09/05/20180905_S1359_E1359_SSMIS_f16_MSGgrid.nc
There was a key error (probably due to hail class and nans) in file:  /data/sat/products/PMW_sats/MWCCH_hail_probability/netcdf_MSG_grid/2018/09/05/20180905_S1359_E1359_SSMIS_f16_MSGgrid.nc
There was a key error (probably due to hail class and nans) in file:  /data/sat/products/PMW_sats/MWCCH_hail_probability/netcdf_MSG_grid/2018/09/05/20180905_S1359_E1359_SSMIS_f16_MSGgrid.nc
There was a key error (probably due to hail class and nans) in file:  /data/sat/products/PMW_sats/MWCCH_hail_probability/netcdf_MSG_grid/2018/09/05/20180905_S1359_E1359_SSMIS_f16_MSGgrid.nc
There was a key error (probably due to hail class and nans) in file:  /data/sat/products/PMW_sats/MWCCH_hail_probability/netcdf_MSG_grid/2018/09/05/20180905_S1359_E1359_SSMIS_f16_MSGgrid.nc
There was a key error (probably due to hail class and nans) in file:  /data/sat/products/PMW_sats/MWCCH_hail_probability/netcdf_MSG_grid/2018/09/05/20180905_S1359_E1359_SSMIS_f16_MSGgrid.nc
There was a key error (probably due to hail class and nans) in file:  /data/sat/products/PMW_sats/MWCCH_hail_probability/netcdf_MSG_grid/2018/09/05/20180905_S1359_E1359_SSMIS_f16_MSGgrid.nc
There was a key error (probably due to hail class and nans) in file:  /data/sat/products/PMW_sats/MWCCH_hail_probability/netcdf_MSG_grid/2018/09/05/20180905_S1359_E1359_SSMIS_f16_MSGgrid.nc
There was a key error (probably due to hail class and nans) in file:  /data/sat/products/PMW_sats/MWCCH_hail_probability/netcdf_MSG_grid/2018/09/05/20180905_S1359_E1359_SSMIS_f16_MSGgrid.nc
There was a key error (probably due to hail class and nans) in file:  /data/sat/products/PMW_sats/MWCCH_hail_probability/netcdf_MSG_grid/2018/09/05/20180905_S1359_E1359_SSMIS_f16_MSGgrid.nc
There was a key error (probably due to hail class and nans) in file:  /data/sat/products/PMW_sats/MWCCH_hail_probability/netcdf_MSG_grid/2018/09/05/20180905_S1359_E1359_SSMIS_f16_MSGgrid.nc
There was a key error (probably due to hail class and nans) in file:  /data/sat/products/PMW_sats/MWCCH_hail_probability/netcdf_MSG_grid/2018/09/05/20180905_S1359_E1359_SSMIS_f16_MSGgrid.nc
There was a key error (probably due to hail class and nans) in file:  /data/sat/products/PMW_sats/MWCCH_hail_probability/netcdf_MSG_grid/2018/09/21/20180921_S0522_E0522_SSMIS_f17_MSGgrid.nc
There was a key error (probably due to hail class and nans) in file:  /data/sat/products/PMW_sats/MWCCH_hail_probability/netcdf_MSG_grid/2018/09/21/20180921_S0522_E0522_SSMIS_f17_MSGgrid.nc
There was a key error (probably due to hail class and nans) in file:  /data/sat/products/PMW_sats/MWCCH_hail_probability/netcdf_MSG_grid/2018/09/21/20180921_S0522_E0522_SSMIS_f17_MSGgrid.nc
There was a key error (probably due to hail class and nans) in file:  /data/sat/products/PMW_sats/MWCCH_hail_probability/netcdf_MSG_grid/2018/09/21/20180921_S0522_E0522_SSMIS_f17_MSGgrid.nc
There was a key error (probably due to hail class and nans) in file:  /data/sat/products/PMW_sats/MWCCH_hail_probability/netcdf_MSG_grid/2018/09/21/20180921_S0522_E0522_SSMIS_f17_MSGgrid.nc
There was a key error (probably due to hail class and nans) in file:  /data/sat/products/PMW_sats/MWCCH_hail_probability/netcdf_MSG_grid/2018/09/21/20180921_S0522_E0522_SSMIS_f17_MSGgrid.nc
There was a key error (probably due to hail class and nans) in file:  /data/sat/products/PMW_sats/MWCCH_hail_probability/netcdf_MSG_grid/2018/09/21/20180921_S0522_E0522_SSMIS_f17_MSGgrid.nc
There was a key error (probably due to hail class and nans) in file:  /data/sat/products/PMW_sats/MWCCH_hail_probability/netcdf_MSG_grid/2018/09/21/20180921_S0522_E0522_SSMIS_f17_MSGgrid.nc
There was a key error (probably due to hail class and nans) in file:  /data/sat/products/PMW_sats/MWCCH_hail_probability/netcdf_MSG_grid/2018/09/21/20180921_S0522_E0522_SSMIS_f17_MSGgrid.nc
There was a key error (probably due to hail class and nans) in file:  /data/sat/products/PMW_sats/MWCCH_hail_probability/netcdf_MSG_grid/2018/09/21/20180921_S0522_E0522_SSMIS_f17_MSGgrid.nc
There was a key error (probably due to hail class and nans) in file:  /data/sat/products/PMW_sats/MWCCH_hail_probability/netcdf_MSG_grid/2018/09/21/20180921_S0522_E0522_SSMIS_f17_MSGgrid.nc
There was a key error (probably due to hail class and nans) in file:  /data/sat/products/PMW_sats/MWCCH_hail_probability/netcdf_MSG_grid/2018/09/21/20180921_S0522_E0522_SSMIS_f17_MSGgrid.nc
There was a key error (probably due to hail class and nans) in file:  /data/sat/products/PMW_sats/MWCCH_hail_probability/netcdf_MSG_grid/2018/09/21/20180921_S0522_E0522_SSMIS_f17_MSGgrid.nc
There was a key error (probably due to hail class and nans) in file:  /data/sat/products/PMW_sats/MWCCH_hail_probability/netcdf_MSG_grid/2018/09/21/20180921_S0522_E0522_SSMIS_f17_MSGgrid.nc
There was a key error (probably due to hail class and nans) in file:  /data/sat/products/PMW_sats/MWCCH_hail_probability/netcdf_MSG_grid/2018/09/21/20180921_S0522_E0522_SSMIS_f17_MSGgrid.nc
There was a key error (probably due to hail class and nans) in file:  /data/sat/products/PMW_sats/MWCCH_hail_probability/netcdf_MSG_grid/2019/04/02/20190402_S1601_E1601_SSMIS_f17_MSGgrid.nc
There was a key error (probably due to hail class and nans) in file:  /data/sat/products/PMW_sats/MWCCH_hail_probability/netcdf_MSG_grid/2019/04/02/20190402_S1601_E1601_SSMIS_f17_MSGgrid.nc
There was a key error (probably due to hail class and nans) in file:  /data/sat/products/PMW_sats/MWCCH_hail_probability/netcdf_MSG_grid/2019/04/02/20190402_S1601_E1601_SSMIS_f17_MSGgrid.nc
There was a key error (probably due to hail class and nans) in file:  /data/sat/products/PMW_sats/MWCCH_hail_probability/netcdf_MSG_grid/2019/04/02/20190402_S1601_E1601_SSMIS_f17_MSGgrid.nc
There was a key error (probably due to hail class and nans) in file:  /data/sat/products/PMW_sats/MWCCH_hail_probability/netcdf_MSG_grid/2019/04/02/20190402_S1601_E1601_SSMIS_f17_MSGgrid.nc
There was a key error (probably due to hail class and nans) in file:  /data/sat/products/PMW_sats/MWCCH_hail_probability/netcdf_MSG_grid/2019/04/02/20190402_S1601_E1601_SSMIS_f17_MSGgrid.nc
There was a key error (probably due to hail class and nans) in file:  /data/sat/products/PMW_sats/MWCCH_hail_probability/netcdf_MSG_grid/2019/04/02/20190402_S1601_E1601_SSMIS_f17_MSGgrid.nc
There was a key error (probably due to hail class and nans) in file:  /data/sat/products/PMW_sats/MWCCH_hail_probability/netcdf_MSG_grid/2019/04/02/20190402_S1601_E1601_SSMIS_f17_MSGgrid.nc
There was a key error (probably due to hail class and nans) in file:  /data/sat/products/PMW_sats/MWCCH_hail_probability/netcdf_MSG_grid/2019/04/02/20190402_S1601_E1601_SSMIS_f17_MSGgrid.nc
There was a key error (probably due to hail class and nans) in file:  /data/sat/products/PMW_sats/MWCCH_hail_probability/netcdf_MSG_grid/2019/04/02/20190402_S1601_E1601_SSMIS_f17_MSGgrid.nc
There was a key error (probably due to hail class and nans) in file:  /data/sat/products/PMW_sats/MWCCH_hail_probability/netcdf_MSG_grid/2019/04/02/20190402_S1601_E1601_SSMIS_f17_MSGgrid.nc
There was a key error (probably due to hail class and nans) in file:  /data/sat/products/PMW_sats/MWCCH_hail_probability/netcdf_MSG_grid/2019/04/02/20190402_S1601_E1601_SSMIS_f17_MSGgrid.nc
There was a key error (probably due to hail class and nans) in file:  /data/sat/products/PMW_sats/MWCCH_hail_probability/netcdf_MSG_grid/2019/04/02/20190402_S1601_E1601_SSMIS_f17_MSGgrid.nc
There was a key error (probably due to hail class and nans) in file:  /data/sat/products/PMW_sats/MWCCH_hail_probability/netcdf_MSG_grid/2019/04/05/20190405_S1003_E1003_MHS_meto01_MSGgrid.nc
There was a key error (probably due to hail class and nans) in file:  /data/sat/products/PMW_sats/MWCCH_hail_probability/netcdf_MSG_grid/2019/04/05/20190405_S1003_E1003_MHS_meto01_MSGgrid.nc
There was a key error (probably due to hail class and nans) in file:  /data/sat/products/PMW_sats/MWCCH_hail_probability/netcdf_MSG_grid/2019/04/05/20190405_S1003_E1003_MHS_meto01_MSGgrid.nc
There was a key error (probably due to hail class and nans) in file:  /data/sat/products/PMW_sats/MWCCH_hail_probability/netcdf_MSG_grid/2019/04/05/20190405_S1003_E1003_MHS_meto01_MSGgrid.nc
There was a key error (probably due to hail class and nans) in file:  /data/sat/products/PMW_sats/MWCCH_hail_probability/netcdf_MSG_grid/2019/04/05/20190405_S1003_E1003_MHS_meto01_MSGgrid.nc
There was a key error (probably due to hail class and nans) in file:  /data/sat/products/PMW_sats/MWCCH_hail_probability/netcdf_MSG_grid/2019/04/05/20190405_S1003_E1003_MHS_meto01_MSGgrid.nc
There was a key error (probably due to hail class and nans) in file:  /data/sat/products/PMW_sats/MWCCH_hail_probability/netcdf_MSG_grid/2019/04/05/20190405_S1003_E1003_MHS_meto01_MSGgrid.nc
There was a key error (probably due to hail class and nans) in file:  /data/sat/products/PMW_sats/MWCCH_hail_probability/netcdf_MSG_grid/2019/04/05/20190405_S1003_E1003_MHS_meto01_MSGgrid.nc
There was a key error (probably due to hail class and nans) in file:  /data/sat/products/PMW_sats/MWCCH_hail_probability/netcdf_MSG_grid/2019/04/05/20190405_S1003_E1003_MHS_meto01_MSGgrid.nc
There was a key error (probably due to hail class and nans) in file:  /data/sat/products/PMW_sats/MWCCH_hail_probability/netcdf_MSG_grid/2019/04/05/20190405_S1003_E1003_MHS_meto01_MSGgrid.nc
There was a key error (probably due to hail class and nans) in file:  /data/sat/products/PMW_sats/MWCCH_hail_probability/netcdf_MSG_grid/2019/04/05/20190405_S1003_E1003_MHS_meto01_MSGgrid.nc
There was a key error (probably due to hail class and nans) in file:  /data/sat/products/PMW_sats/MWCCH_hail_probability/netcdf_MSG_grid/2019/04/05/20190405_S1003_E1003_MHS_meto01_MSGgrid.nc
There was a key error (probably due to hail class and nans) in file:  /data/sat/products/PMW_sats/MWCCH_hail_probability/netcdf_MSG_grid/2019/04/05/20190405_S1003_E1003_MHS_meto01_MSGgrid.nc
There was a key error (probably due to hail class and nans) in file:  /data/sat/products/PMW_sats/MWCCH_hail_probability/netcdf_MSG_grid/2019/04/05/20190405_S1003_E1003_MHS_meto01_MSGgrid.nc
There was a key error (probably due to hail class and nans) in file:  /data/sat/products/PMW_sats/MWCCH_hail_probability/netcdf_MSG_grid/2019/04/05/20190405_S1003_E1003_MHS_meto01_MSGgrid.nc
There was a key error (probably due to hail class and nans) in file:  /data/sat/products/PMW_sats/MWCCH_hail_probability/netcdf_MSG_grid/2019/04/05/20190405_S1003_E1003_MHS_meto01_MSGgrid.nc
There was a key error (probably due to hail class and nans) in file:  /data/sat/products/PMW_sats/MWCCH_hail_probability/netcdf_MSG_grid/2019/04/05/20190405_S1003_E1003_MHS_meto01_MSGgrid.nc
There was a key error (probably due to hail class and nans) in file:  /data/sat/products/PMW_sats/MWCCH_hail_probability/netcdf_MSG_grid/2019/04/05/20190405_S1003_E1003_MHS_meto01_MSGgrid.nc
There was a key error (probably due to hail class and nans) in file:  /data/sat/products/PMW_sats/MWCCH_hail_probability/netcdf_MSG_grid/2019/04/05/20190405_S1003_E1003_MHS_meto01_MSGgrid.nc
There was a key error (probably due to hail class and nans) in file:  /data/sat/products/PMW_sats/MWCCH_hail_probability/netcdf_MSG_grid/2019/04/09/20190409_S0240_E0240_SSMIS_f16_MSGgrid.nc
There was a key error (probably due to hail class and nans) in file:  /data/sat/products/PMW_sats/MWCCH_hail_probability/netcdf_MSG_grid/2019/04/09/20190409_S0240_E0240_SSMIS_f16_MSGgrid.nc
There was a key error (probably due to hail class and nans) in file:  /data/sat/products/PMW_sats/MWCCH_hail_probability/netcdf_MSG_grid/2019/04/09/20190409_S0240_E0240_SSMIS_f16_MSGgrid.nc
There was a key error (probably due to hail class and nans) in file:  /data/sat/products/PMW_sats/MWCCH_hail_probability/netcdf_MSG_grid/2019/04/09/20190409_S0240_E0240_SSMIS_f16_MSGgrid.nc
There was a key error (probably due to hail class and nans) in file:  /data/sat/products/PMW_sats/MWCCH_hail_probability/netcdf_MSG_grid/2019/04/09/20190409_S0240_E0240_SSMIS_f16_MSGgrid.nc
There was a key error (probably due to hail class and nans) in file:  /data/sat/products/PMW_sats/MWCCH_hail_probability/netcdf_MSG_grid/2019/04/09/20190409_S0240_E0240_SSMIS_f16_MSGgrid.nc
There was a key error (probably due to hail class and nans) in file:  /data/sat/products/PMW_sats/MWCCH_hail_probability/netcdf_MSG_grid/2019/04/09/20190409_S0240_E0240_SSMIS_f16_MSGgrid.nc
There was a key error (probably due to hail class and nans) in file:  /data/sat/products/PMW_sats/MWCCH_hail_probability/netcdf_MSG_grid/2019/04/09/20190409_S0240_E0240_SSMIS_f16_MSGgrid.nc
There was a key error (probably due to hail class and nans) in file:  /data/sat/products/PMW_sats/MWCCH_hail_probability/netcdf_MSG_grid/2019/04/13/20190413_S0508_E0508_SSMIS_f16_MSGgrid.nc
There was a key error (probably due to hail class and nans) in file:  /data/sat/products/PMW_sats/MWCCH_hail_probability/netcdf_MSG_grid/2019/04/13/20190413_S0508_E0508_SSMIS_f16_MSGgrid.nc
There was a key error (probably due to hail class and nans) in file:  /data/sat/products/PMW_sats/MWCCH_hail_probability/netcdf_MSG_grid/2019/04/13/20190413_S0508_E0508_SSMIS_f16_MSGgrid.nc
There was a key error (probably due to hail class and nans) in file:  /data/sat/products/PMW_sats/MWCCH_hail_probability/netcdf_MSG_grid/2019/04/13/20190413_S0508_E0508_SSMIS_f16_MSGgrid.nc
There was a key error (probably due to hail class and nans) in file:  /data/sat/products/PMW_sats/MWCCH_hail_probability/netcdf_MSG_grid/2019/04/13/20190413_S0508_E0508_SSMIS_f16_MSGgrid.nc
There was a key error (probably due to hail class and nans) in file:  /data/sat/products/PMW_sats/MWCCH_hail_probability/netcdf_MSG_grid/2019/04/13/20190413_S0508_E0508_SSMIS_f16_MSGgrid.nc
There was a key error (probably due to hail class and nans) in file:  /data/sat/products/PMW_sats/MWCCH_hail_probability/netcdf_MSG_grid/2019/04/13/20190413_S0508_E0508_SSMIS_f16_MSGgrid.nc
There was a key error (probably due to hail class and nans) in file:  /data/sat/products/PMW_sats/MWCCH_hail_probability/netcdf_MSG_grid/2019/04/13/20190413_S0508_E0508_SSMIS_f16_MSGgrid.nc
There was a key error (probably due to hail class and nans) in file:  /data/sat/products/PMW_sats/MWCCH_hail_probability/netcdf_MSG_grid/2019/04/13/20190413_S0508_E0508_SSMIS_f16_MSGgrid.nc
There was a key error (probably due to hail class and nans) in file:  /data/sat/products/PMW_sats/MWCCH_hail_probability/netcdf_MSG_grid/2019/04/13/20190413_S0508_E0508_SSMIS_f16_MSGgrid.nc
There was a key error (probably due to hail class and nans) in file:  /data/sat/products/PMW_sats/MWCCH_hail_probability/netcdf_MSG_grid/2019/04/13/20190413_S0508_E0508_SSMIS_f16_MSGgrid.nc
There was a key error (probably due to hail class and nans) in file:  /data/sat/products/PMW_sats/MWCCH_hail_probability/netcdf_MSG_grid/2019/04/13/20190413_S0508_E0508_SSMIS_f16_MSGgrid.nc
There was a key error (probably due to hail class and nans) in file:  /data/sat/products/PMW_sats/MWCCH_hail_probability/netcdf_MSG_grid/2019/04/13/20190413_S0508_E0508_SSMIS_f16_MSGgrid.nc
There was a key error (probably due to hail class and nans) in file:  /data/sat/products/PMW_sats/MWCCH_hail_probability/netcdf_MSG_grid/2019/04/13/20190413_S0508_E0508_SSMIS_f16_MSGgrid.nc
There was a key error (probably due to hail class and nans) in file:  /data/sat/products/PMW_sats/MWCCH_hail_probability/netcdf_MSG_grid/2019/04/13/20190413_S0508_E0508_SSMIS_f16_MSGgrid.nc
31000
32000
There was a key error (probably due to hail class and nans) in file:  /data/sat/products/PMW_sats/MWCCH_hail_probability/netcdf_MSG_grid/2019/07/06/20190706_S0024_E0024_GMI_gpm_MSGgrid.nc
There was a key error (probably due to hail class and nans) in file:  /data/sat/products/PMW_sats/MWCCH_hail_probability/netcdf_MSG_grid/2019/07/06/20190706_S0024_E0024_GMI_gpm_MSGgrid.nc
There was a key error (probably due to hail class and nans) in file:  /data/sat/products/PMW_sats/MWCCH_hail_probability/netcdf_MSG_grid/2019/07/06/20190706_S0024_E0024_GMI_gpm_MSGgrid.nc
There was a key error (probably due to hail class and nans) in file:  /data/sat/products/PMW_sats/MWCCH_hail_probability/netcdf_MSG_grid/2019/07/06/20190706_S0024_E0024_GMI_gpm_MSGgrid.nc
There was a key error (probably due to hail class and nans) in file:  /data/sat/products/PMW_sats/MWCCH_hail_probability/netcdf_MSG_grid/2019/07/06/20190706_S0024_E0024_GMI_gpm_MSGgrid.nc
There was a key error (probably due to hail class and nans) in file:  /data/sat/products/PMW_sats/MWCCH_hail_probability/netcdf_MSG_grid/2019/07/06/20190706_S0024_E0024_GMI_gpm_MSGgrid.nc
There was a key error (probably due to hail class and nans) in file:  /data/sat/products/PMW_sats/MWCCH_hail_probability/netcdf_MSG_grid/2019/07/06/20190706_S0024_E0024_GMI_gpm_MSGgrid.nc
There was a key error (probably due to hail class and nans) in file:  /data/sat/products/PMW_sats/MWCCH_hail_probability/netcdf_MSG_grid/2019/07/06/20190706_S0024_E0024_GMI_gpm_MSGgrid.nc
There was a key error (probably due to hail class and nans) in file:  /data/sat/products/PMW_sats/MWCCH_hail_probability/netcdf_MSG_grid/2019/07/06/20190706_S0024_E0024_GMI_gpm_MSGgrid.nc
There was a key error (probably due to hail class and nans) in file:  /data/sat/products/PMW_sats/MWCCH_hail_probability/netcdf_MSG_grid/2019/07/06/20190706_S0024_E0024_GMI_gpm_MSGgrid.nc
There was a key error (probably due to hail class and nans) in file:  /data/sat/products/PMW_sats/MWCCH_hail_probability/netcdf_MSG_grid/2019/07/06/20190706_S0024_E0024_GMI_gpm_MSGgrid.nc
There was a key error (probably due to hail class and nans) in file:  /data/sat/products/PMW_sats/MWCCH_hail_probability/netcdf_MSG_grid/2019/07/06/20190706_S0024_E0024_GMI_gpm_MSGgrid.nc
There was a key error (probably due to hail class and nans) in file:  /data/sat/products/PMW_sats/MWCCH_hail_probability/netcdf_MSG_grid/2019/07/09/20190709_S0724_E0724_GMI_gpm_MSGgrid.nc
There was a key error (probably due to hail class and nans) in file:  /data/sat/products/PMW_sats/MWCCH_hail_probability/netcdf_MSG_grid/2019/07/09/20190709_S0724_E0724_GMI_gpm_MSGgrid.nc
There was a key error (probably due to hail class and nans) in file:  /data/sat/products/PMW_sats/MWCCH_hail_probability/netcdf_MSG_grid/2019/07/09/20190709_S0724_E0724_GMI_gpm_MSGgrid.nc
There was a key error (probably due to hail class and nans) in file:  /data/sat/products/PMW_sats/MWCCH_hail_probability/netcdf_MSG_grid/2019/07/09/20190709_S0724_E0724_GMI_gpm_MSGgrid.nc
There was a key error (probably due to hail class and nans) in file:  /data/sat/products/PMW_sats/MWCCH_hail_probability/netcdf_MSG_grid/2019/07/24/20190724_S1627_E1627_MHS_noaa19_MSGgrid.nc
There was a key error (probably due to hail class and nans) in file:  /data/sat/products/PMW_sats/MWCCH_hail_probability/netcdf_MSG_grid/2019/07/24/20190724_S1627_E1627_MHS_noaa19_MSGgrid.nc
There was a key error (probably due to hail class and nans) in file:  /data/sat/products/PMW_sats/MWCCH_hail_probability/netcdf_MSG_grid/2019/07/24/20190724_S1627_E1627_MHS_noaa19_MSGgrid.nc
There was a key error (probably due to hail class and nans) in file:  /data/sat/products/PMW_sats/MWCCH_hail_probability/netcdf_MSG_grid/2019/07/24/20190724_S1627_E1627_MHS_noaa19_MSGgrid.nc
There was a key error (probably due to hail class and nans) in file:  /data/sat/products/PMW_sats/MWCCH_hail_probability/netcdf_MSG_grid/2019/07/24/20190724_S1627_E1627_MHS_noaa19_MSGgrid.nc
There was a key error (probably due to hail class and nans) in file:  /data/sat/products/PMW_sats/MWCCH_hail_probability/netcdf_MSG_grid/2019/07/24/20190724_S1627_E1627_MHS_noaa19_MSGgrid.nc
There was a key error (probably due to hail class and nans) in file:  /data/sat/products/PMW_sats/MWCCH_hail_probability/netcdf_MSG_grid/2019/07/24/20190724_S1627_E1627_MHS_noaa19_MSGgrid.nc
There was a key error (probably due to hail class and nans) in file:  /data/sat/products/PMW_sats/MWCCH_hail_probability/netcdf_MSG_grid/2019/07/24/20190724_S1627_E1627_MHS_noaa19_MSGgrid.nc
There was a key error (probably due to hail class and nans) in file:  /data/sat/products/PMW_sats/MWCCH_hail_probability/netcdf_MSG_grid/2019/07/24/20190724_S1627_E1627_MHS_noaa19_MSGgrid.nc
There was a key error (probably due to hail class and nans) in file:  /data/sat/products/PMW_sats/MWCCH_hail_probability/netcdf_MSG_grid/2019/07/24/20190724_S1627_E1627_MHS_noaa19_MSGgrid.nc
There was a key error (probably due to hail class and nans) in file:  /data/sat/products/PMW_sats/MWCCH_hail_probability/netcdf_MSG_grid/2019/07/24/20190724_S1627_E1627_MHS_noaa19_MSGgrid.nc
There was a key error (probably due to hail class and nans) in file:  /data/sat/products/PMW_sats/MWCCH_hail_probability/netcdf_MSG_grid/2019/07/24/20190724_S1627_E1627_MHS_noaa19_MSGgrid.nc
There was a key error (probably due to hail class and nans) in file:  /data/sat/products/PMW_sats/MWCCH_hail_probability/netcdf_MSG_grid/2019/07/24/20190724_S1627_E1627_MHS_noaa19_MSGgrid.nc
There was a key error (probably due to hail class and nans) in file:  /data/sat/products/PMW_sats/MWCCH_hail_probability/netcdf_MSG_grid/2019/07/24/20190724_S1627_E1627_MHS_noaa19_MSGgrid.nc
There was a key error (probably due to hail class and nans) in file:  /data/sat/products/PMW_sats/MWCCH_hail_probability/netcdf_MSG_grid/2019/07/24/20190724_S1627_E1627_MHS_noaa19_MSGgrid.nc
There was a key error (probably due to hail class and nans) in file:  /data/sat/products/PMW_sats/MWCCH_hail_probability/netcdf_MSG_grid/2019/07/24/20190724_S1627_E1627_MHS_noaa19_MSGgrid.nc
There was a key error (probably due to hail class and nans) in file:  /data/sat/products/PMW_sats/MWCCH_hail_probability/netcdf_MSG_grid/2019/07/24/20190724_S1627_E1627_MHS_noaa19_MSGgrid.nc
There was a key error (probably due to hail class and nans) in file:  /data/sat/products/PMW_sats/MWCCH_hail_probability/netcdf_MSG_grid/2019/08/01/20190801_S1602_E1602_SSMIS_f17_MSGgrid.nc
There was a key error (probably due to hail class and nans) in file:  /data/sat/products/PMW_sats/MWCCH_hail_probability/netcdf_MSG_grid/2019/08/01/20190801_S1602_E1602_SSMIS_f17_MSGgrid.nc
There was a key error (probably due to hail class and nans) in file:  /data/sat/products/PMW_sats/MWCCH_hail_probability/netcdf_MSG_grid/2019/08/01/20190801_S1602_E1602_SSMIS_f17_MSGgrid.nc
There was a key error (probably due to hail class and nans) in file:  /data/sat/products/PMW_sats/MWCCH_hail_probability/netcdf_MSG_grid/2019/08/01/20190801_S1602_E1602_SSMIS_f17_MSGgrid.nc
There was a key error (probably due to hail class and nans) in file:  /data/sat/products/PMW_sats/MWCCH_hail_probability/netcdf_MSG_grid/2019/08/01/20190801_S1602_E1602_SSMIS_f17_MSGgrid.nc
There was a key error (probably due to hail class and nans) in file:  /data/sat/products/PMW_sats/MWCCH_hail_probability/netcdf_MSG_grid/2019/08/01/20190801_S1602_E1602_SSMIS_f17_MSGgrid.nc
There was a key error (probably due to hail class and nans) in file:  /data/sat/products/PMW_sats/MWCCH_hail_probability/netcdf_MSG_grid/2019/08/01/20190801_S1602_E1602_SSMIS_f17_MSGgrid.nc
There was a key error (probably due to hail class and nans) in file:  /data/sat/products/PMW_sats/MWCCH_hail_probability/netcdf_MSG_grid/2019/08/15/20190815_S2026_E2026_GMI_gpm_MSGgrid.nc
There was a key error (probably due to hail class and nans) in file:  /data/sat/products/PMW_sats/MWCCH_hail_probability/netcdf_MSG_grid/2019/08/15/20190815_S2026_E2026_GMI_gpm_MSGgrid.nc
There was a key error (probably due to hail class and nans) in file:  /data/sat/products/PMW_sats/MWCCH_hail_probability/netcdf_MSG_grid/2019/08/15/20190815_S2026_E2026_GMI_gpm_MSGgrid.nc
There was a key error (probably due to hail class and nans) in file:  /data/sat/products/PMW_sats/MWCCH_hail_probability/netcdf_MSG_grid/2019/08/15/20190815_S2026_E2026_GMI_gpm_MSGgrid.nc
There was a key error (probably due to hail class and nans) in file:  /data/sat/products/PMW_sats/MWCCH_hail_probability/netcdf_MSG_grid/2019/08/15/20190815_S2026_E2026_GMI_gpm_MSGgrid.nc
There was a key error (probably due to hail class and nans) in file:  /data/sat/products/PMW_sats/MWCCH_hail_probability/netcdf_MSG_grid/2019/08/15/20190815_S2026_E2026_GMI_gpm_MSGgrid.nc
There was a key error (probably due to hail class and nans) in file:  /data/sat/products/PMW_sats/MWCCH_hail_probability/netcdf_MSG_grid/2019/08/15/20190815_S2026_E2026_GMI_gpm_MSGgrid.nc
There was a key error (probably due to hail class and nans) in file:  /data/sat/products/PMW_sats/MWCCH_hail_probability/netcdf_MSG_grid/2019/08/15/20190815_S2026_E2026_GMI_gpm_MSGgrid.nc
There was a key error (probably due to hail class and nans) in file:  /data/sat/products/PMW_sats/MWCCH_hail_probability/netcdf_MSG_grid/2019/08/15/20190815_S2026_E2026_GMI_gpm_MSGgrid.nc
There was a key error (probably due to hail class and nans) in file:  /data/sat/products/PMW_sats/MWCCH_hail_probability/netcdf_MSG_grid/2019/08/15/20190815_S2026_E2026_GMI_gpm_MSGgrid.nc
There was a key error (probably due to hail class and nans) in file:  /data/sat/products/PMW_sats/MWCCH_hail_probability/netcdf_MSG_grid/2019/08/15/20190815_S2026_E2026_GMI_gpm_MSGgrid.nc
There was a key error (probably due to hail class and nans) in file:  /data/sat/products/PMW_sats/MWCCH_hail_probability/netcdf_MSG_grid/2019/08/15/20190815_S2026_E2026_GMI_gpm_MSGgrid.nc
There was a key error (probably due to hail class and nans) in file:  /data/sat/products/PMW_sats/MWCCH_hail_probability/netcdf_MSG_grid/2019/08/15/20190815_S2026_E2026_GMI_gpm_MSGgrid.nc
33000
There was a key error (probably due to hail class and nans) in file:  /data/sat/products/PMW_sats/MWCCH_hail_probability/netcdf_MSG_grid/2019/09/08/20190908_S0751_E0751_SSMIS_f17_MSGgrid.nc
There was a key error (probably due to hail class and nans) in file:  /data/sat/products/PMW_sats/MWCCH_hail_probability/netcdf_MSG_grid/2019/09/08/20190908_S0751_E0751_SSMIS_f17_MSGgrid.nc
There was a key error (probably due to hail class and nans) in file:  /data/sat/products/PMW_sats/MWCCH_hail_probability/netcdf_MSG_grid/2019/09/08/20190908_S0751_E0751_SSMIS_f17_MSGgrid.nc
There was a key error (probably due to hail class and nans) in file:  /data/sat/products/PMW_sats/MWCCH_hail_probability/netcdf_MSG_grid/2019/09/08/20190908_S0751_E0751_SSMIS_f17_MSGgrid.nc
There was a key error (probably due to hail class and nans) in file:  /data/sat/products/PMW_sats/MWCCH_hail_probability/netcdf_MSG_grid/2019/09/08/20190908_S0751_E0751_SSMIS_f17_MSGgrid.nc
There was a key error (probably due to hail class and nans) in file:  /data/sat/products/PMW_sats/MWCCH_hail_probability/netcdf_MSG_grid/2019/09/08/20190908_S0751_E0751_SSMIS_f17_MSGgrid.nc
There was a key error (probably due to hail class and nans) in file:  /data/sat/products/PMW_sats/MWCCH_hail_probability/netcdf_MSG_grid/2019/09/08/20190908_S0751_E0751_SSMIS_f17_MSGgrid.nc
There was a key error (probably due to hail class and nans) in file:  /data/sat/products/PMW_sats/MWCCH_hail_probability/netcdf_MSG_grid/2019/09/08/20190908_S0751_E0751_SSMIS_f17_MSGgrid.nc
There was a key error (probably due to hail class and nans) in file:  /data/sat/products/PMW_sats/MWCCH_hail_probability/netcdf_MSG_grid/2019/09/08/20190908_S0751_E0751_SSMIS_f17_MSGgrid.nc
There was a key error (probably due to hail class and nans) in file:  /data/sat/products/PMW_sats/MWCCH_hail_probability/netcdf_MSG_grid/2019/09/08/20190908_S0751_E0751_SSMIS_f17_MSGgrid.nc
There was a key error (probably due to hail class and nans) in file:  /data/sat/products/PMW_sats/MWCCH_hail_probability/netcdf_MSG_grid/2019/09/08/20190908_S0751_E0751_SSMIS_f17_MSGgrid.nc
There was a key error (probably due to hail class and nans) in file:  /data/sat/products/PMW_sats/MWCCH_hail_probability/netcdf_MSG_grid/2019/09/08/20190908_S0751_E0751_SSMIS_f17_MSGgrid.nc
There was a key error (probably due to hail class and nans) in file:  /data/sat/products/PMW_sats/MWCCH_hail_probability/netcdf_MSG_grid/2019/09/08/20190908_S0751_E0751_SSMIS_f17_MSGgrid.nc
There was a key error (probably due to hail class and nans) in file:  /data/sat/products/PMW_sats/MWCCH_hail_probability/netcdf_MSG_grid/2019/09/08/20190908_S0751_E0751_SSMIS_f17_MSGgrid.nc
There was a key error (probably due to hail class and nans) in file:  /data/sat/products/PMW_sats/MWCCH_hail_probability/netcdf_MSG_grid/2019/09/08/20190908_S0751_E0751_SSMIS_f17_MSGgrid.nc
There was a key error (probably due to hail class and nans) in file:  /data/sat/products/PMW_sats/MWCCH_hail_probability/netcdf_MSG_grid/2019/09/08/20190908_S0751_E0751_SSMIS_f17_MSGgrid.nc
There was a key error (probably due to hail class and nans) in file:  /data/sat/products/PMW_sats/MWCCH_hail_probability/netcdf_MSG_grid/2019/09/11/20190911_S1549_E1549_SSMIS_f16_MSGgrid.nc
There was a key error (probably due to hail class and nans) in file:  /data/sat/products/PMW_sats/MWCCH_hail_probability/netcdf_MSG_grid/2019/09/11/20190911_S1549_E1549_SSMIS_f16_MSGgrid.nc
There was a key error (probably due to hail class and nans) in file:  /data/sat/products/PMW_sats/MWCCH_hail_probability/netcdf_MSG_grid/2019/09/11/20190911_S1549_E1549_SSMIS_f16_MSGgrid.nc
There was a key error (probably due to hail class and nans) in file:  /data/sat/products/PMW_sats/MWCCH_hail_probability/netcdf_MSG_grid/2019/09/11/20190911_S1549_E1549_SSMIS_f16_MSGgrid.nc
There was a key error (probably due to hail class and nans) in file:  /data/sat/products/PMW_sats/MWCCH_hail_probability/netcdf_MSG_grid/2019/09/11/20190911_S1549_E1549_SSMIS_f16_MSGgrid.nc
There was a key error (probably due to hail class and nans) in file:  /data/sat/products/PMW_sats/MWCCH_hail_probability/netcdf_MSG_grid/2019/09/11/20190911_S1549_E1549_SSMIS_f16_MSGgrid.nc
There was a key error (probably due to hail class and nans) in file:  /data/sat/products/PMW_sats/MWCCH_hail_probability/netcdf_MSG_grid/2019/09/11/20190911_S1549_E1549_SSMIS_f16_MSGgrid.nc
There was a key error (probably due to hail class and nans) in file:  /data/sat/products/PMW_sats/MWCCH_hail_probability/netcdf_MSG_grid/2019/09/11/20190911_S1549_E1549_SSMIS_f16_MSGgrid.nc
There was a key error (probably due to hail class and nans) in file:  /data/sat/products/PMW_sats/MWCCH_hail_probability/netcdf_MSG_grid/2019/09/12/20190912_S0215_E0215_GMI_gpm_MSGgrid.nc
There was a key error (probably due to hail class and nans) in file:  /data/sat/products/PMW_sats/MWCCH_hail_probability/netcdf_MSG_grid/2019/09/12/20190912_S0215_E0215_GMI_gpm_MSGgrid.nc
There was a key error (probably due to hail class and nans) in file:  /data/sat/products/PMW_sats/MWCCH_hail_probability/netcdf_MSG_grid/2019/09/15/20190915_S0916_E0916_GMI_gpm_MSGgrid.nc
There was a key error (probably due to hail class and nans) in file:  /data/sat/products/PMW_sats/MWCCH_hail_probability/netcdf_MSG_grid/2019/09/15/20190915_S0916_E0916_GMI_gpm_MSGgrid.nc
There was a key error (probably due to hail class and nans) in file:  /data/sat/products/PMW_sats/MWCCH_hail_probability/netcdf_MSG_grid/2019/09/15/20190915_S0916_E0916_GMI_gpm_MSGgrid.nc
There was a key error (probably due to hail class and nans) in file:  /data/sat/products/PMW_sats/MWCCH_hail_probability/netcdf_MSG_grid/2019/09/15/20190915_S0916_E0916_GMI_gpm_MSGgrid.nc
There was a key error (probably due to hail class and nans) in file:  /data/sat/products/PMW_sats/MWCCH_hail_probability/netcdf_MSG_grid/2019/09/15/20190915_S0916_E0916_GMI_gpm_MSGgrid.nc
There was a key error (probably due to hail class and nans) in file:  /data/sat/products/PMW_sats/MWCCH_hail_probability/netcdf_MSG_grid/2019/09/15/20190915_S0916_E0916_GMI_gpm_MSGgrid.nc
There was a key error (probably due to hail class and nans) in file:  /data/sat/products/PMW_sats/MWCCH_hail_probability/netcdf_MSG_grid/2019/09/15/20190915_S0916_E0916_GMI_gpm_MSGgrid.nc
There was a key error (probably due to hail class and nans) in file:  /data/sat/products/PMW_sats/MWCCH_hail_probability/netcdf_MSG_grid/2019/09/15/20190915_S0916_E0916_GMI_gpm_MSGgrid.nc
There was a key error (probably due to hail class and nans) in file:  /data/sat/products/PMW_sats/MWCCH_hail_probability/netcdf_MSG_grid/2019/09/15/20190915_S0916_E0916_GMI_gpm_MSGgrid.nc
There was a key error (probably due to hail class and nans) in file:  /data/sat/products/PMW_sats/MWCCH_hail_probability/netcdf_MSG_grid/2019/09/15/20190915_S0916_E0916_GMI_gpm_MSGgrid.nc
There was a key error (probably due to hail class and nans) in file:  /data/sat/products/PMW_sats/MWCCH_hail_probability/netcdf_MSG_grid/2019/09/15/20190915_S0916_E0916_GMI_gpm_MSGgrid.nc
There was a key error (probably due to hail class and nans) in file:  /data/sat/products/PMW_sats/MWCCH_hail_probability/netcdf_MSG_grid/2019/09/15/20190915_S0916_E0916_GMI_gpm_MSGgrid.nc
There was a key error (probably due to hail class and nans) in file:  /data/sat/products/PMW_sats/MWCCH_hail_probability/netcdf_MSG_grid/2019/09/15/20190915_S0916_E0916_GMI_gpm_MSGgrid.nc
There was a key error (probably due to hail class and nans) in file:  /data/sat/products/PMW_sats/MWCCH_hail_probability/netcdf_MSG_grid/2020/04/27/20200427_S1523_E1523_GMI_gpm_MSGgrid.nc
There was a key error (probably due to hail class and nans) in file:  /data/sat/products/PMW_sats/MWCCH_hail_probability/netcdf_MSG_grid/2020/04/27/20200427_S1523_E1523_GMI_gpm_MSGgrid.nc
There was a key error (probably due to hail class and nans) in file:  /data/sat/products/PMW_sats/MWCCH_hail_probability/netcdf_MSG_grid/2020/04/27/20200427_S1523_E1523_GMI_gpm_MSGgrid.nc
There was a key error (probably due to hail class and nans) in file:  /data/sat/products/PMW_sats/MWCCH_hail_probability/netcdf_MSG_grid/2020/04/27/20200427_S1523_E1523_GMI_gpm_MSGgrid.nc
There was a key error (probably due to hail class and nans) in file:  /data/sat/products/PMW_sats/MWCCH_hail_probability/netcdf_MSG_grid/2020/04/27/20200427_S1523_E1523_GMI_gpm_MSGgrid.nc
There was a key error (probably due to hail class and nans) in file:  /data/sat/products/PMW_sats/MWCCH_hail_probability/netcdf_MSG_grid/2020/04/27/20200427_S1523_E1523_GMI_gpm_MSGgrid.nc
There was a key error (probably due to hail class and nans) in file:  /data/sat/products/PMW_sats/MWCCH_hail_probability/netcdf_MSG_grid/2020/04/27/20200427_S1523_E1523_GMI_gpm_MSGgrid.nc
There was a key error (probably due to hail class and nans) in file:  /data/sat/products/PMW_sats/MWCCH_hail_probability/netcdf_MSG_grid/2020/04/27/20200427_S1523_E1523_GMI_gpm_MSGgrid.nc
There was a key error (probably due to hail class and nans) in file:  /data/sat/products/PMW_sats/MWCCH_hail_probability/netcdf_MSG_grid/2020/04/27/20200427_S1523_E1523_GMI_gpm_MSGgrid.nc
There was a key error (probably due to hail class and nans) in file:  /data/sat/products/PMW_sats/MWCCH_hail_probability/netcdf_MSG_grid/2020/04/27/20200427_S1523_E1523_GMI_gpm_MSGgrid.nc
There was a key error (probably due to hail class and nans) in file:  /data/sat/products/PMW_sats/MWCCH_hail_probability/netcdf_MSG_grid/2020/04/27/20200427_S1523_E1523_GMI_gpm_MSGgrid.nc
There was a key error (probably due to hail class and nans) in file:  /data/sat/products/PMW_sats/MWCCH_hail_probability/netcdf_MSG_grid/2020/05/04/20200504_S0520_E0520_SSMIS_f16_MSGgrid.nc
There was a key error (probably due to hail class and nans) in file:  /data/sat/products/PMW_sats/MWCCH_hail_probability/netcdf_MSG_grid/2020/05/04/20200504_S0520_E0520_SSMIS_f16_MSGgrid.nc
There was a key error (probably due to hail class and nans) in file:  /data/sat/products/PMW_sats/MWCCH_hail_probability/netcdf_MSG_grid/2020/05/04/20200504_S0520_E0520_SSMIS_f16_MSGgrid.nc
There was a key error (probably due to hail class and nans) in file:  /data/sat/products/PMW_sats/MWCCH_hail_probability/netcdf_MSG_grid/2020/05/04/20200504_S0520_E0520_SSMIS_f16_MSGgrid.nc
There was a key error (probably due to hail class and nans) in file:  /data/sat/products/PMW_sats/MWCCH_hail_probability/netcdf_MSG_grid/2020/05/04/20200504_S0520_E0520_SSMIS_f16_MSGgrid.nc
There was a key error (probably due to hail class and nans) in file:  /data/sat/products/PMW_sats/MWCCH_hail_probability/netcdf_MSG_grid/2020/05/04/20200504_S0520_E0520_SSMIS_f16_MSGgrid.nc
There was a key error (probably due to hail class and nans) in file:  /data/sat/products/PMW_sats/MWCCH_hail_probability/netcdf_MSG_grid/2020/05/04/20200504_S0520_E0520_SSMIS_f16_MSGgrid.nc
There was a key error (probably due to hail class and nans) in file:  /data/sat/products/PMW_sats/MWCCH_hail_probability/netcdf_MSG_grid/2020/05/04/20200504_S0520_E0520_SSMIS_f16_MSGgrid.nc
There was a key error (probably due to hail class and nans) in file:  /data/sat/products/PMW_sats/MWCCH_hail_probability/netcdf_MSG_grid/2020/05/04/20200504_S0520_E0520_SSMIS_f16_MSGgrid.nc
There was a key error (probably due to hail class and nans) in file:  /data/sat/products/PMW_sats/MWCCH_hail_probability/netcdf_MSG_grid/2020/05/04/20200504_S0520_E0520_SSMIS_f16_MSGgrid.nc
There was a key error (probably due to hail class and nans) in file:  /data/sat/products/PMW_sats/MWCCH_hail_probability/netcdf_MSG_grid/2020/05/04/20200504_S0520_E0520_SSMIS_f16_MSGgrid.nc
There was a key error (probably due to hail class and nans) in file:  /data/sat/products/PMW_sats/MWCCH_hail_probability/netcdf_MSG_grid/2020/05/04/20200504_S0520_E0520_SSMIS_f16_MSGgrid.nc
There was a key error (probably due to hail class and nans) in file:  /data/sat/products/PMW_sats/MWCCH_hail_probability/netcdf_MSG_grid/2020/05/04/20200504_S0520_E0520_SSMIS_f16_MSGgrid.nc
There was a key error (probably due to hail class and nans) in file:  /data/sat/products/PMW_sats/MWCCH_hail_probability/netcdf_MSG_grid/2020/05/04/20200504_S0520_E0520_SSMIS_f16_MSGgrid.nc
There was a key error (probably due to hail class and nans) in file:  /data/sat/products/PMW_sats/MWCCH_hail_probability/netcdf_MSG_grid/2020/05/04/20200504_S0520_E0520_SSMIS_f16_MSGgrid.nc
There was a key error (probably due to hail class and nans) in file:  /data/sat/products/PMW_sats/MWCCH_hail_probability/netcdf_MSG_grid/2020/05/04/20200504_S0520_E0520_SSMIS_f16_MSGgrid.nc
There was a key error (probably due to hail class and nans) in file:  /data/sat/products/PMW_sats/MWCCH_hail_probability/netcdf_MSG_grid/2020/05/04/20200504_S0520_E0520_SSMIS_f16_MSGgrid.nc
34000
There was a key error (probably due to hail class and nans) in file:  /data/sat/products/PMW_sats/MWCCH_hail_probability/netcdf_MSG_grid/2020/05/22/20200522_S1601_E1601_SSMIS_f17_MSGgrid.nc
There was a key error (probably due to hail class and nans) in file:  /data/sat/products/PMW_sats/MWCCH_hail_probability/netcdf_MSG_grid/2020/05/22/20200522_S1601_E1601_SSMIS_f17_MSGgrid.nc
There was a key error (probably due to hail class and nans) in file:  /data/sat/products/PMW_sats/MWCCH_hail_probability/netcdf_MSG_grid/2020/05/22/20200522_S1601_E1601_SSMIS_f17_MSGgrid.nc
There was a key error (probably due to hail class and nans) in file:  /data/sat/products/PMW_sats/MWCCH_hail_probability/netcdf_MSG_grid/2020/05/22/20200522_S1601_E1601_SSMIS_f17_MSGgrid.nc
There was a key error (probably due to hail class and nans) in file:  /data/sat/products/PMW_sats/MWCCH_hail_probability/netcdf_MSG_grid/2020/05/22/20200522_S1601_E1601_SSMIS_f17_MSGgrid.nc
There was a key error (probably due to hail class and nans) in file:  /data/sat/products/PMW_sats/MWCCH_hail_probability/netcdf_MSG_grid/2020/05/22/20200522_S1601_E1601_SSMIS_f17_MSGgrid.nc
There was a key error (probably due to hail class and nans) in file:  /data/sat/products/PMW_sats/MWCCH_hail_probability/netcdf_MSG_grid/2020/05/22/20200522_S1601_E1601_SSMIS_f17_MSGgrid.nc
There was a key error (probably due to hail class and nans) in file:  /data/sat/products/PMW_sats/MWCCH_hail_probability/netcdf_MSG_grid/2020/05/22/20200522_S1601_E1601_SSMIS_f17_MSGgrid.nc
There was a key error (probably due to hail class and nans) in file:  /data/sat/products/PMW_sats/MWCCH_hail_probability/netcdf_MSG_grid/2020/06/04/20200604_S0521_E0521_SSMIS_f16_MSGgrid.nc
There was a key error (probably due to hail class and nans) in file:  /data/sat/products/PMW_sats/MWCCH_hail_probability/netcdf_MSG_grid/2020/06/04/20200604_S0521_E0521_SSMIS_f16_MSGgrid.nc
There was a key error (probably due to hail class and nans) in file:  /data/sat/products/PMW_sats/MWCCH_hail_probability/netcdf_MSG_grid/2020/06/04/20200604_S0521_E0521_SSMIS_f16_MSGgrid.nc
There was a key error (probably due to hail class and nans) in file:  /data/sat/products/PMW_sats/MWCCH_hail_probability/netcdf_MSG_grid/2020/06/04/20200604_S0521_E0521_SSMIS_f16_MSGgrid.nc
There was a key error (probably due to hail class and nans) in file:  /data/sat/products/PMW_sats/MWCCH_hail_probability/netcdf_MSG_grid/2020/06/04/20200604_S0521_E0521_SSMIS_f16_MSGgrid.nc
There was a key error (probably due to hail class and nans) in file:  /data/sat/products/PMW_sats/MWCCH_hail_probability/netcdf_MSG_grid/2020/06/15/20200615_S2047_E2047_MHS_meto01_MSGgrid.nc
There was a key error (probably due to hail class and nans) in file:  /data/sat/products/PMW_sats/MWCCH_hail_probability/netcdf_MSG_grid/2020/06/15/20200615_S2047_E2047_MHS_meto01_MSGgrid.nc
There was a key error (probably due to hail class and nans) in file:  /data/sat/products/PMW_sats/MWCCH_hail_probability/netcdf_MSG_grid/2020/06/15/20200615_S2047_E2047_MHS_meto01_MSGgrid.nc
There was a key error (probably due to hail class and nans) in file:  /data/sat/products/PMW_sats/MWCCH_hail_probability/netcdf_MSG_grid/2020/06/15/20200615_S2047_E2047_MHS_meto01_MSGgrid.nc
There was a key error (probably due to hail class and nans) in file:  /data/sat/products/PMW_sats/MWCCH_hail_probability/netcdf_MSG_grid/2020/06/15/20200615_S2047_E2047_MHS_meto01_MSGgrid.nc
There was a key error (probably due to hail class and nans) in file:  /data/sat/products/PMW_sats/MWCCH_hail_probability/netcdf_MSG_grid/2020/06/15/20200615_S2047_E2047_MHS_meto01_MSGgrid.nc
There was a key error (probably due to hail class and nans) in file:  /data/sat/products/PMW_sats/MWCCH_hail_probability/netcdf_MSG_grid/2020/06/15/20200615_S2047_E2047_MHS_meto01_MSGgrid.nc
There was a key error (probably due to hail class and nans) in file:  /data/sat/products/PMW_sats/MWCCH_hail_probability/netcdf_MSG_grid/2020/06/15/20200615_S2047_E2047_MHS_meto01_MSGgrid.nc
There was a key error (probably due to hail class and nans) in file:  /data/sat/products/PMW_sats/MWCCH_hail_probability/netcdf_MSG_grid/2020/06/15/20200615_S2047_E2047_MHS_meto01_MSGgrid.nc
There was a key error (probably due to hail class and nans) in file:  /data/sat/products/PMW_sats/MWCCH_hail_probability/netcdf_MSG_grid/2020/06/15/20200615_S2047_E2047_MHS_meto01_MSGgrid.nc
There was a key error (probably due to hail class and nans) in file:  /data/sat/products/PMW_sats/MWCCH_hail_probability/netcdf_MSG_grid/2020/06/15/20200615_S2047_E2047_MHS_meto01_MSGgrid.nc
There was a key error (probably due to hail class and nans) in file:  /data/sat/products/PMW_sats/MWCCH_hail_probability/netcdf_MSG_grid/2020/06/15/20200615_S2047_E2047_MHS_meto01_MSGgrid.nc
There was a key error (probably due to hail class and nans) in file:  /data/sat/products/PMW_sats/MWCCH_hail_probability/netcdf_MSG_grid/2020/06/15/20200615_S2047_E2047_MHS_meto01_MSGgrid.nc
There was a key error (probably due to hail class and nans) in file:  /data/sat/products/PMW_sats/MWCCH_hail_probability/netcdf_MSG_grid/2020/06/15/20200615_S2047_E2047_MHS_meto01_MSGgrid.nc
There was a key error (probably due to hail class and nans) in file:  /data/sat/products/PMW_sats/MWCCH_hail_probability/netcdf_MSG_grid/2020/06/15/20200615_S2047_E2047_MHS_meto01_MSGgrid.nc
There was a key error (probably due to hail class and nans) in file:  /data/sat/products/PMW_sats/MWCCH_hail_probability/netcdf_MSG_grid/2020/06/15/20200615_S2047_E2047_MHS_meto01_MSGgrid.nc
There was a key error (probably due to hail class and nans) in file:  /data/sat/products/PMW_sats/MWCCH_hail_probability/netcdf_MSG_grid/2020/06/15/20200615_S2047_E2047_MHS_meto01_MSGgrid.nc
There was a key error (probably due to hail class and nans) in file:  /data/sat/products/PMW_sats/MWCCH_hail_probability/netcdf_MSG_grid/2020/06/15/20200615_S2047_E2047_MHS_meto01_MSGgrid.nc
There was a key error (probably due to hail class and nans) in file:  /data/sat/products/PMW_sats/MWCCH_hail_probability/netcdf_MSG_grid/2020/06/19/20200619_S1554_E1554_GMI_gpm_MSGgrid.nc
There was a key error (probably due to hail class and nans) in file:  /data/sat/products/PMW_sats/MWCCH_hail_probability/netcdf_MSG_grid/2020/06/19/20200619_S1554_E1554_GMI_gpm_MSGgrid.nc
There was a key error (probably due to hail class and nans) in file:  /data/sat/products/PMW_sats/MWCCH_hail_probability/netcdf_MSG_grid/2020/06/19/20200619_S1554_E1554_GMI_gpm_MSGgrid.nc
There was a key error (probably due to hail class and nans) in file:  /data/sat/products/PMW_sats/MWCCH_hail_probability/netcdf_MSG_grid/2020/06/19/20200619_S1554_E1554_GMI_gpm_MSGgrid.nc
There was a key error (probably due to hail class and nans) in file:  /data/sat/products/PMW_sats/MWCCH_hail_probability/netcdf_MSG_grid/2020/06/19/20200619_S1554_E1554_GMI_gpm_MSGgrid.nc
There was a key error (probably due to hail class and nans) in file:  /data/sat/products/PMW_sats/MWCCH_hail_probability/netcdf_MSG_grid/2020/06/19/20200619_S1554_E1554_GMI_gpm_MSGgrid.nc
There was a key error (probably due to hail class and nans) in file:  /data/sat/products/PMW_sats/MWCCH_hail_probability/netcdf_MSG_grid/2020/06/19/20200619_S1554_E1554_GMI_gpm_MSGgrid.nc
There was a key error (probably due to hail class and nans) in file:  /data/sat/products/PMW_sats/MWCCH_hail_probability/netcdf_MSG_grid/2020/06/19/20200619_S1554_E1554_GMI_gpm_MSGgrid.nc
There was a key error (probably due to hail class and nans) in file:  /data/sat/products/PMW_sats/MWCCH_hail_probability/netcdf_MSG_grid/2020/06/19/20200619_S1554_E1554_GMI_gpm_MSGgrid.nc
There was a key error (probably due to hail class and nans) in file:  /data/sat/products/PMW_sats/MWCCH_hail_probability/netcdf_MSG_grid/2020/06/29/20200629_S0750_E0750_SSMIS_f17_MSGgrid.nc
There was a key error (probably due to hail class and nans) in file:  /data/sat/products/PMW_sats/MWCCH_hail_probability/netcdf_MSG_grid/2020/06/29/20200629_S0750_E0750_SSMIS_f17_MSGgrid.nc
There was a key error (probably due to hail class and nans) in file:  /data/sat/products/PMW_sats/MWCCH_hail_probability/netcdf_MSG_grid/2020/06/29/20200629_S0750_E0750_SSMIS_f17_MSGgrid.nc
There was a key error (probably due to hail class and nans) in file:  /data/sat/products/PMW_sats/MWCCH_hail_probability/netcdf_MSG_grid/2020/06/29/20200629_S0750_E0750_SSMIS_f17_MSGgrid.nc
There was a key error (probably due to hail class and nans) in file:  /data/sat/products/PMW_sats/MWCCH_hail_probability/netcdf_MSG_grid/2020/06/29/20200629_S0750_E0750_SSMIS_f17_MSGgrid.nc
There was a key error (probably due to hail class and nans) in file:  /data/sat/products/PMW_sats/MWCCH_hail_probability/netcdf_MSG_grid/2020/06/29/20200629_S0750_E0750_SSMIS_f17_MSGgrid.nc
There was a key error (probably due to hail class and nans) in file:  /data/sat/products/PMW_sats/MWCCH_hail_probability/netcdf_MSG_grid/2020/06/29/20200629_S0750_E0750_SSMIS_f17_MSGgrid.nc
There was a key error (probably due to hail class and nans) in file:  /data/sat/products/PMW_sats/MWCCH_hail_probability/netcdf_MSG_grid/2020/06/29/20200629_S0750_E0750_SSMIS_f17_MSGgrid.nc
There was a key error (probably due to hail class and nans) in file:  /data/sat/products/PMW_sats/MWCCH_hail_probability/netcdf_MSG_grid/2020/06/29/20200629_S0750_E0750_SSMIS_f17_MSGgrid.nc
There was a key error (probably due to hail class and nans) in file:  /data/sat/products/PMW_sats/MWCCH_hail_probability/netcdf_MSG_grid/2020/06/29/20200629_S0750_E0750_SSMIS_f17_MSGgrid.nc
There was a key error (probably due to hail class and nans) in file:  /data/sat/products/PMW_sats/MWCCH_hail_probability/netcdf_MSG_grid/2020/06/29/20200629_S0750_E0750_SSMIS_f17_MSGgrid.nc
There was a key error (probably due to hail class and nans) in file:  /data/sat/products/PMW_sats/MWCCH_hail_probability/netcdf_MSG_grid/2020/06/29/20200629_S0750_E0750_SSMIS_f17_MSGgrid.nc
There was a key error (probably due to hail class and nans) in file:  /data/sat/products/PMW_sats/MWCCH_hail_probability/netcdf_MSG_grid/2020/07/05/20200705_S0522_E0523_SSMIS_f16_MSGgrid.nc
There was a key error (probably due to hail class and nans) in file:  /data/sat/products/PMW_sats/MWCCH_hail_probability/netcdf_MSG_grid/2020/07/05/20200705_S0522_E0523_SSMIS_f16_MSGgrid.nc
There was a key error (probably due to hail class and nans) in file:  /data/sat/products/PMW_sats/MWCCH_hail_probability/netcdf_MSG_grid/2020/07/05/20200705_S0522_E0523_SSMIS_f16_MSGgrid.nc
There was a key error (probably due to hail class and nans) in file:  /data/sat/products/PMW_sats/MWCCH_hail_probability/netcdf_MSG_grid/2020/07/05/20200705_S0522_E0523_SSMIS_f16_MSGgrid.nc
There was a key error (probably due to hail class and nans) in file:  /data/sat/products/PMW_sats/MWCCH_hail_probability/netcdf_MSG_grid/2020/07/05/20200705_S0522_E0523_SSMIS_f16_MSGgrid.nc
There was a key error (probably due to hail class and nans) in file:  /data/sat/products/PMW_sats/MWCCH_hail_probability/netcdf_MSG_grid/2020/07/05/20200705_S0522_E0523_SSMIS_f16_MSGgrid.nc
There was a key error (probably due to hail class and nans) in file:  /data/sat/products/PMW_sats/MWCCH_hail_probability/netcdf_MSG_grid/2020/07/05/20200705_S0522_E0523_SSMIS_f16_MSGgrid.nc
There was a key error (probably due to hail class and nans) in file:  /data/sat/products/PMW_sats/MWCCH_hail_probability/netcdf_MSG_grid/2020/07/05/20200705_S0522_E0523_SSMIS_f16_MSGgrid.nc
There was a key error (probably due to hail class and nans) in file:  /data/sat/products/PMW_sats/MWCCH_hail_probability/netcdf_MSG_grid/2020/07/05/20200705_S0522_E0523_SSMIS_f16_MSGgrid.nc
There was a key error (probably due to hail class and nans) in file:  /data/sat/products/PMW_sats/MWCCH_hail_probability/netcdf_MSG_grid/2020/07/05/20200705_S0522_E0523_SSMIS_f16_MSGgrid.nc
There was a key error (probably due to hail class and nans) in file:  /data/sat/products/PMW_sats/MWCCH_hail_probability/netcdf_MSG_grid/2020/07/05/20200705_S0522_E0523_SSMIS_f16_MSGgrid.nc
There was a key error (probably due to hail class and nans) in file:  /data/sat/products/PMW_sats/MWCCH_hail_probability/netcdf_MSG_grid/2020/07/05/20200705_S0522_E0523_SSMIS_f16_MSGgrid.nc
There was a key error (probably due to hail class and nans) in file:  /data/sat/products/PMW_sats/MWCCH_hail_probability/netcdf_MSG_grid/2020/07/05/20200705_S0522_E0523_SSMIS_f16_MSGgrid.nc
There was a key error (probably due to hail class and nans) in file:  /data/sat/products/PMW_sats/MWCCH_hail_probability/netcdf_MSG_grid/2020/07/05/20200705_S0522_E0523_SSMIS_f16_MSGgrid.nc
There was a key error (probably due to hail class and nans) in file:  /data/sat/products/PMW_sats/MWCCH_hail_probability/netcdf_MSG_grid/2020/07/05/20200705_S0522_E0523_SSMIS_f16_MSGgrid.nc
35000
There was a key error (probably due to hail class and nans) in file:  /data/sat/products/PMW_sats/MWCCH_hail_probability/netcdf_MSG_grid/2020/07/14/20200714_S0604_E0604_MHS_noaa19_MSGgrid.nc
There was a key error (probably due to hail class and nans) in file:  /data/sat/products/PMW_sats/MWCCH_hail_probability/netcdf_MSG_grid/2020/07/14/20200714_S0604_E0604_MHS_noaa19_MSGgrid.nc
There was a key error (probably due to hail class and nans) in file:  /data/sat/products/PMW_sats/MWCCH_hail_probability/netcdf_MSG_grid/2020/07/14/20200714_S0604_E0604_MHS_noaa19_MSGgrid.nc
There was a key error (probably due to hail class and nans) in file:  /data/sat/products/PMW_sats/MWCCH_hail_probability/netcdf_MSG_grid/2020/07/14/20200714_S0604_E0604_MHS_noaa19_MSGgrid.nc
There was a key error (probably due to hail class and nans) in file:  /data/sat/products/PMW_sats/MWCCH_hail_probability/netcdf_MSG_grid/2020/07/14/20200714_S0604_E0604_MHS_noaa19_MSGgrid.nc
There was a key error (probably due to hail class and nans) in file:  /data/sat/products/PMW_sats/MWCCH_hail_probability/netcdf_MSG_grid/2020/07/14/20200714_S0604_E0604_MHS_noaa19_MSGgrid.nc
There was a key error (probably due to hail class and nans) in file:  /data/sat/products/PMW_sats/MWCCH_hail_probability/netcdf_MSG_grid/2020/07/14/20200714_S0604_E0604_MHS_noaa19_MSGgrid.nc
There was a key error (probably due to hail class and nans) in file:  /data/sat/products/PMW_sats/MWCCH_hail_probability/netcdf_MSG_grid/2020/07/14/20200714_S0604_E0604_MHS_noaa19_MSGgrid.nc
There was a key error (probably due to hail class and nans) in file:  /data/sat/products/PMW_sats/MWCCH_hail_probability/netcdf_MSG_grid/2020/07/14/20200714_S0604_E0604_MHS_noaa19_MSGgrid.nc
There was a key error (probably due to hail class and nans) in file:  /data/sat/products/PMW_sats/MWCCH_hail_probability/netcdf_MSG_grid/2020/07/14/20200714_S0604_E0604_MHS_noaa19_MSGgrid.nc
There was a key error (probably due to hail class and nans) in file:  /data/sat/products/PMW_sats/MWCCH_hail_probability/netcdf_MSG_grid/2020/07/14/20200714_S0604_E0604_MHS_noaa19_MSGgrid.nc
There was a key error (probably due to hail class and nans) in file:  /data/sat/products/PMW_sats/MWCCH_hail_probability/netcdf_MSG_grid/2020/07/14/20200714_S0604_E0604_MHS_noaa19_MSGgrid.nc
There was a key error (probably due to hail class and nans) in file:  /data/sat/products/PMW_sats/MWCCH_hail_probability/netcdf_MSG_grid/2020/07/14/20200714_S0604_E0604_MHS_noaa19_MSGgrid.nc
There was a key error (probably due to hail class and nans) in file:  /data/sat/products/PMW_sats/MWCCH_hail_probability/netcdf_MSG_grid/2020/07/14/20200714_S0604_E0604_MHS_noaa19_MSGgrid.nc
There was a key error (probably due to hail class and nans) in file:  /data/sat/products/PMW_sats/MWCCH_hail_probability/netcdf_MSG_grid/2020/07/14/20200714_S0604_E0604_MHS_noaa19_MSGgrid.nc
There was a key error (probably due to hail class and nans) in file:  /data/sat/products/PMW_sats/MWCCH_hail_probability/netcdf_MSG_grid/2020/07/14/20200714_S0604_E0604_MHS_noaa19_MSGgrid.nc
There was a key error (probably due to hail class and nans) in file:  /data/sat/products/PMW_sats/MWCCH_hail_probability/netcdf_MSG_grid/2020/07/14/20200714_S0604_E0604_MHS_noaa19_MSGgrid.nc
There was a key error (probably due to hail class and nans) in file:  /data/sat/products/PMW_sats/MWCCH_hail_probability/netcdf_MSG_grid/2020/07/14/20200714_S0604_E0604_MHS_noaa19_MSGgrid.nc
There was a key error (probably due to hail class and nans) in file:  /data/sat/products/PMW_sats/MWCCH_hail_probability/netcdf_MSG_grid/2020/07/15/20200715_S1036_E1036_GMI_gpm_MSGgrid.nc
There was a key error (probably due to hail class and nans) in file:  /data/sat/products/PMW_sats/MWCCH_hail_probability/netcdf_MSG_grid/2020/07/15/20200715_S1036_E1036_GMI_gpm_MSGgrid.nc
There was a key error (probably due to hail class and nans) in file:  /data/sat/products/PMW_sats/MWCCH_hail_probability/netcdf_MSG_grid/2020/07/15/20200715_S1036_E1036_GMI_gpm_MSGgrid.nc
There was a key error (probably due to hail class and nans) in file:  /data/sat/products/PMW_sats/MWCCH_hail_probability/netcdf_MSG_grid/2020/07/15/20200715_S1036_E1036_GMI_gpm_MSGgrid.nc
There was a key error (probably due to hail class and nans) in file:  /data/sat/products/PMW_sats/MWCCH_hail_probability/netcdf_MSG_grid/2020/07/15/20200715_S1036_E1036_GMI_gpm_MSGgrid.nc
There was a key error (probably due to hail class and nans) in file:  /data/sat/products/PMW_sats/MWCCH_hail_probability/netcdf_MSG_grid/2020/07/15/20200715_S1036_E1036_GMI_gpm_MSGgrid.nc
There was a key error (probably due to hail class and nans) in file:  /data/sat/products/PMW_sats/MWCCH_hail_probability/netcdf_MSG_grid/2020/07/15/20200715_S1036_E1036_GMI_gpm_MSGgrid.nc
There was a key error (probably due to hail class and nans) in file:  /data/sat/products/PMW_sats/MWCCH_hail_probability/netcdf_MSG_grid/2020/07/15/20200715_S1036_E1036_GMI_gpm_MSGgrid.nc
There was a key error (probably due to hail class and nans) in file:  /data/sat/products/PMW_sats/MWCCH_hail_probability/netcdf_MSG_grid/2020/07/15/20200715_S1036_E1036_GMI_gpm_MSGgrid.nc
There was a key error (probably due to hail class and nans) in file:  /data/sat/products/PMW_sats/MWCCH_hail_probability/netcdf_MSG_grid/2020/07/15/20200715_S1036_E1036_GMI_gpm_MSGgrid.nc
There was a key error (probably due to hail class and nans) in file:  /data/sat/products/PMW_sats/MWCCH_hail_probability/netcdf_MSG_grid/2020/07/23/20200723_S0850_E0850_MHS_meto03_MSGgrid.nc
There was a key error (probably due to hail class and nans) in file:  /data/sat/products/PMW_sats/MWCCH_hail_probability/netcdf_MSG_grid/2020/07/23/20200723_S0850_E0850_MHS_meto03_MSGgrid.nc
There was a key error (probably due to hail class and nans) in file:  /data/sat/products/PMW_sats/MWCCH_hail_probability/netcdf_MSG_grid/2020/07/23/20200723_S0850_E0850_MHS_meto03_MSGgrid.nc
There was a key error (probably due to hail class and nans) in file:  /data/sat/products/PMW_sats/MWCCH_hail_probability/netcdf_MSG_grid/2020/07/23/20200723_S0850_E0850_MHS_meto03_MSGgrid.nc
There was a key error (probably due to hail class and nans) in file:  /data/sat/products/PMW_sats/MWCCH_hail_probability/netcdf_MSG_grid/2020/07/23/20200723_S0850_E0850_MHS_meto03_MSGgrid.nc
There was a key error (probably due to hail class and nans) in file:  /data/sat/products/PMW_sats/MWCCH_hail_probability/netcdf_MSG_grid/2020/07/23/20200723_S0850_E0850_MHS_meto03_MSGgrid.nc
There was a key error (probably due to hail class and nans) in file:  /data/sat/products/PMW_sats/MWCCH_hail_probability/netcdf_MSG_grid/2020/07/23/20200723_S0850_E0850_MHS_meto03_MSGgrid.nc
There was a key error (probably due to hail class and nans) in file:  /data/sat/products/PMW_sats/MWCCH_hail_probability/netcdf_MSG_grid/2020/07/23/20200723_S0850_E0850_MHS_meto03_MSGgrid.nc
There was a key error (probably due to hail class and nans) in file:  /data/sat/products/PMW_sats/MWCCH_hail_probability/netcdf_MSG_grid/2020/07/23/20200723_S0850_E0850_MHS_meto03_MSGgrid.nc
There was a key error (probably due to hail class and nans) in file:  /data/sat/products/PMW_sats/MWCCH_hail_probability/netcdf_MSG_grid/2020/07/23/20200723_S0850_E0850_MHS_meto03_MSGgrid.nc
There was a key error (probably due to hail class and nans) in file:  /data/sat/products/PMW_sats/MWCCH_hail_probability/netcdf_MSG_grid/2020/07/27/20200727_S0455_E0455_GMI_gpm_MSGgrid.nc
There was a key error (probably due to hail class and nans) in file:  /data/sat/products/PMW_sats/MWCCH_hail_probability/netcdf_MSG_grid/2020/07/27/20200727_S0455_E0455_GMI_gpm_MSGgrid.nc
There was a key error (probably due to hail class and nans) in file:  /data/sat/products/PMW_sats/MWCCH_hail_probability/netcdf_MSG_grid/2020/07/27/20200727_S0455_E0455_GMI_gpm_MSGgrid.nc
There was a key error (probably due to hail class and nans) in file:  /data/sat/products/PMW_sats/MWCCH_hail_probability/netcdf_MSG_grid/2020/07/27/20200727_S0455_E0455_GMI_gpm_MSGgrid.nc
There was a key error (probably due to hail class and nans) in file:  /data/sat/products/PMW_sats/MWCCH_hail_probability/netcdf_MSG_grid/2020/07/27/20200727_S0455_E0455_GMI_gpm_MSGgrid.nc
There was a key error (probably due to hail class and nans) in file:  /data/sat/products/PMW_sats/MWCCH_hail_probability/netcdf_MSG_grid/2020/07/27/20200727_S0455_E0455_GMI_gpm_MSGgrid.nc
There was a key error (probably due to hail class and nans) in file:  /data/sat/products/PMW_sats/MWCCH_hail_probability/netcdf_MSG_grid/2020/07/27/20200727_S0455_E0455_GMI_gpm_MSGgrid.nc
There was a key error (probably due to hail class and nans) in file:  /data/sat/products/PMW_sats/MWCCH_hail_probability/netcdf_MSG_grid/2020/07/27/20200727_S0455_E0455_GMI_gpm_MSGgrid.nc
There was a key error (probably due to hail class and nans) in file:  /data/sat/products/PMW_sats/MWCCH_hail_probability/netcdf_MSG_grid/2020/07/27/20200727_S0455_E0455_GMI_gpm_MSGgrid.nc
There was a key error (probably due to hail class and nans) in file:  /data/sat/products/PMW_sats/MWCCH_hail_probability/netcdf_MSG_grid/2020/07/27/20200727_S0455_E0455_GMI_gpm_MSGgrid.nc
There was a key error (probably due to hail class and nans) in file:  /data/sat/products/PMW_sats/MWCCH_hail_probability/netcdf_MSG_grid/2020/07/27/20200727_S0455_E0455_GMI_gpm_MSGgrid.nc
There was a key error (probably due to hail class and nans) in file:  /data/sat/products/PMW_sats/MWCCH_hail_probability/netcdf_MSG_grid/2020/07/27/20200727_S0455_E0455_GMI_gpm_MSGgrid.nc
There was a key error (probably due to hail class and nans) in file:  /data/sat/products/PMW_sats/MWCCH_hail_probability/netcdf_MSG_grid/2020/07/27/20200727_S0455_E0455_GMI_gpm_MSGgrid.nc
There was a key error (probably due to hail class and nans) in file:  /data/sat/products/PMW_sats/MWCCH_hail_probability/netcdf_MSG_grid/2020/07/27/20200727_S0455_E0455_GMI_gpm_MSGgrid.nc
There was a key error (probably due to hail class and nans) in file:  /data/sat/products/PMW_sats/MWCCH_hail_probability/netcdf_MSG_grid/2020/07/30/20200730_S1156_E1156_GMI_gpm_MSGgrid.nc
There was a key error (probably due to hail class and nans) in file:  /data/sat/products/PMW_sats/MWCCH_hail_probability/netcdf_MSG_grid/2020/07/30/20200730_S1156_E1156_GMI_gpm_MSGgrid.nc
There was a key error (probably due to hail class and nans) in file:  /data/sat/products/PMW_sats/MWCCH_hail_probability/netcdf_MSG_grid/2020/07/30/20200730_S1156_E1156_GMI_gpm_MSGgrid.nc
There was a key error (probably due to hail class and nans) in file:  /data/sat/products/PMW_sats/MWCCH_hail_probability/netcdf_MSG_grid/2020/07/30/20200730_S1156_E1156_GMI_gpm_MSGgrid.nc
There was a key error (probably due to hail class and nans) in file:  /data/sat/products/PMW_sats/MWCCH_hail_probability/netcdf_MSG_grid/2020/07/30/20200730_S1156_E1156_GMI_gpm_MSGgrid.nc
There was a key error (probably due to hail class and nans) in file:  /data/sat/products/PMW_sats/MWCCH_hail_probability/netcdf_MSG_grid/2020/07/30/20200730_S1156_E1156_GMI_gpm_MSGgrid.nc
There was a key error (probably due to hail class and nans) in file:  /data/sat/products/PMW_sats/MWCCH_hail_probability/netcdf_MSG_grid/2020/07/30/20200730_S1156_E1156_GMI_gpm_MSGgrid.nc
There was a key error (probably due to hail class and nans) in file:  /data/sat/products/PMW_sats/MWCCH_hail_probability/netcdf_MSG_grid/2020/07/30/20200730_S1156_E1156_GMI_gpm_MSGgrid.nc
There was a key error (probably due to hail class and nans) in file:  /data/sat/products/PMW_sats/MWCCH_hail_probability/netcdf_MSG_grid/2020/07/30/20200730_S1156_E1156_GMI_gpm_MSGgrid.nc
There was a key error (probably due to hail class and nans) in file:  /data/sat/products/PMW_sats/MWCCH_hail_probability/netcdf_MSG_grid/2020/07/30/20200730_S1156_E1156_GMI_gpm_MSGgrid.nc
There was a key error (probably due to hail class and nans) in file:  /data/sat/products/PMW_sats/MWCCH_hail_probability/netcdf_MSG_grid/2020/07/30/20200730_S1156_E1156_GMI_gpm_MSGgrid.nc
There was a key error (probably due to hail class and nans) in file:  /data/sat/products/PMW_sats/MWCCH_hail_probability/netcdf_MSG_grid/2020/07/30/20200730_S1156_E1156_GMI_gpm_MSGgrid.nc
There was a key error (probably due to hail class and nans) in file:  /data/sat/products/PMW_sats/MWCCH_hail_probability/netcdf_MSG_grid/2020/07/30/20200730_S1156_E1156_GMI_gpm_MSGgrid.nc
There was a key error (probably due to hail class and nans) in file:  /data/sat/products/PMW_sats/MWCCH_hail_probability/netcdf_MSG_grid/2020/07/30/20200730_S1156_E1156_GMI_gpm_MSGgrid.nc
There was a key error (probably due to hail class and nans) in file:  /data/sat/products/PMW_sats/MWCCH_hail_probability/netcdf_MSG_grid/2020/07/30/20200730_S1156_E1156_GMI_gpm_MSGgrid.nc
There was a key error (probably due to hail class and nans) in file:  /data/sat/products/PMW_sats/MWCCH_hail_probability/netcdf_MSG_grid/2020/08/05/20200805_S0524_E0524_SSMIS_f16_MSGgrid.nc
There was a key error (probably due to hail class and nans) in file:  /data/sat/products/PMW_sats/MWCCH_hail_probability/netcdf_MSG_grid/2020/08/05/20200805_S0524_E0524_SSMIS_f16_MSGgrid.nc
There was a key error (probably due to hail class and nans) in file:  /data/sat/products/PMW_sats/MWCCH_hail_probability/netcdf_MSG_grid/2020/08/05/20200805_S0524_E0524_SSMIS_f16_MSGgrid.nc
There was a key error (probably due to hail class and nans) in file:  /data/sat/products/PMW_sats/MWCCH_hail_probability/netcdf_MSG_grid/2020/08/05/20200805_S0524_E0524_SSMIS_f16_MSGgrid.nc
There was a key error (probably due to hail class and nans) in file:  /data/sat/products/PMW_sats/MWCCH_hail_probability/netcdf_MSG_grid/2020/08/05/20200805_S0524_E0524_SSMIS_f16_MSGgrid.nc
There was a key error (probably due to hail class and nans) in file:  /data/sat/products/PMW_sats/MWCCH_hail_probability/netcdf_MSG_grid/2020/08/05/20200805_S0524_E0524_SSMIS_f16_MSGgrid.nc
There was a key error (probably due to hail class and nans) in file:  /data/sat/products/PMW_sats/MWCCH_hail_probability/netcdf_MSG_grid/2020/08/05/20200805_S0524_E0524_SSMIS_f16_MSGgrid.nc
There was a key error (probably due to hail class and nans) in file:  /data/sat/products/PMW_sats/MWCCH_hail_probability/netcdf_MSG_grid/2020/08/05/20200805_S0524_E0524_SSMIS_f16_MSGgrid.nc
There was a key error (probably due to hail class and nans) in file:  /data/sat/products/PMW_sats/MWCCH_hail_probability/netcdf_MSG_grid/2020/08/05/20200805_S0524_E0524_SSMIS_f16_MSGgrid.nc
There was a key error (probably due to hail class and nans) in file:  /data/sat/products/PMW_sats/MWCCH_hail_probability/netcdf_MSG_grid/2020/09/02/20200902_S1756_E1757_GMI_gpm_MSGgrid.nc
There was a key error (probably due to hail class and nans) in file:  /data/sat/products/PMW_sats/MWCCH_hail_probability/netcdf_MSG_grid/2020/09/02/20200902_S1756_E1757_GMI_gpm_MSGgrid.nc
There was a key error (probably due to hail class and nans) in file:  /data/sat/products/PMW_sats/MWCCH_hail_probability/netcdf_MSG_grid/2020/09/02/20200902_S1756_E1757_GMI_gpm_MSGgrid.nc
There was a key error (probably due to hail class and nans) in file:  /data/sat/products/PMW_sats/MWCCH_hail_probability/netcdf_MSG_grid/2020/09/02/20200902_S1756_E1757_GMI_gpm_MSGgrid.nc
There was a key error (probably due to hail class and nans) in file:  /data/sat/products/PMW_sats/MWCCH_hail_probability/netcdf_MSG_grid/2020/09/02/20200902_S1756_E1757_GMI_gpm_MSGgrid.nc
There was a key error (probably due to hail class and nans) in file:  /data/sat/products/PMW_sats/MWCCH_hail_probability/netcdf_MSG_grid/2020/09/02/20200902_S1756_E1757_GMI_gpm_MSGgrid.nc
There was a key error (probably due to hail class and nans) in file:  /data/sat/products/PMW_sats/MWCCH_hail_probability/netcdf_MSG_grid/2020/09/02/20200902_S1756_E1757_GMI_gpm_MSGgrid.nc
There was a key error (probably due to hail class and nans) in file:  /data/sat/products/PMW_sats/MWCCH_hail_probability/netcdf_MSG_grid/2020/09/02/20200902_S1756_E1757_GMI_gpm_MSGgrid.nc
There was a key error (probably due to hail class and nans) in file:  /data/sat/products/PMW_sats/MWCCH_hail_probability/netcdf_MSG_grid/2020/09/02/20200902_S1756_E1757_GMI_gpm_MSGgrid.nc
There was a key error (probably due to hail class and nans) in file:  /data/sat/products/PMW_sats/MWCCH_hail_probability/netcdf_MSG_grid/2020/09/02/20200902_S1756_E1757_GMI_gpm_MSGgrid.nc
There was a key error (probably due to hail class and nans) in file:  /data/sat/products/PMW_sats/MWCCH_hail_probability/netcdf_MSG_grid/2020/09/02/20200902_S1756_E1757_GMI_gpm_MSGgrid.nc
There was a key error (probably due to hail class and nans) in file:  /data/sat/products/PMW_sats/MWCCH_hail_probability/netcdf_MSG_grid/2020/09/02/20200902_S1756_E1757_GMI_gpm_MSGgrid.nc
There was a key error (probably due to hail class and nans) in file:  /data/sat/products/PMW_sats/MWCCH_hail_probability/netcdf_MSG_grid/2020/09/02/20200902_S1756_E1757_GMI_gpm_MSGgrid.nc
There was a key error (probably due to hail class and nans) in file:  /data/sat/products/PMW_sats/MWCCH_hail_probability/netcdf_MSG_grid/2020/09/02/20200902_S1756_E1757_GMI_gpm_MSGgrid.nc
There was a key error (probably due to hail class and nans) in file:  /data/sat/products/PMW_sats/MWCCH_hail_probability/netcdf_MSG_grid/2020/09/05/20200905_S0751_E0751_SSMIS_f17_MSGgrid.nc
There was a key error (probably due to hail class and nans) in file:  /data/sat/products/PMW_sats/MWCCH_hail_probability/netcdf_MSG_grid/2020/09/05/20200905_S0751_E0751_SSMIS_f17_MSGgrid.nc
There was a key error (probably due to hail class and nans) in file:  /data/sat/products/PMW_sats/MWCCH_hail_probability/netcdf_MSG_grid/2020/09/05/20200905_S0751_E0751_SSMIS_f17_MSGgrid.nc
There was a key error (probably due to hail class and nans) in file:  /data/sat/products/PMW_sats/MWCCH_hail_probability/netcdf_MSG_grid/2020/09/05/20200905_S0751_E0751_SSMIS_f17_MSGgrid.nc
There was a key error (probably due to hail class and nans) in file:  /data/sat/products/PMW_sats/MWCCH_hail_probability/netcdf_MSG_grid/2020/09/05/20200905_S0751_E0751_SSMIS_f17_MSGgrid.nc
There was a key error (probably due to hail class and nans) in file:  /data/sat/products/PMW_sats/MWCCH_hail_probability/netcdf_MSG_grid/2020/09/05/20200905_S0751_E0751_SSMIS_f17_MSGgrid.nc
There was a key error (probably due to hail class and nans) in file:  /data/sat/products/PMW_sats/MWCCH_hail_probability/netcdf_MSG_grid/2020/09/05/20200905_S0751_E0751_SSMIS_f17_MSGgrid.nc
There was a key error (probably due to hail class and nans) in file:  /data/sat/products/PMW_sats/MWCCH_hail_probability/netcdf_MSG_grid/2020/09/06/20200906_S0057_E0058_GMI_gpm_MSGgrid.nc
There was a key error (probably due to hail class and nans) in file:  /data/sat/products/PMW_sats/MWCCH_hail_probability/netcdf_MSG_grid/2020/09/06/20200906_S0057_E0058_GMI_gpm_MSGgrid.nc
There was a key error (probably due to hail class and nans) in file:  /data/sat/products/PMW_sats/MWCCH_hail_probability/netcdf_MSG_grid/2020/09/06/20200906_S0057_E0058_GMI_gpm_MSGgrid.nc
There was a key error (probably due to hail class and nans) in file:  /data/sat/products/PMW_sats/MWCCH_hail_probability/netcdf_MSG_grid/2020/09/06/20200906_S0057_E0058_GMI_gpm_MSGgrid.nc
There was a key error (probably due to hail class and nans) in file:  /data/sat/products/PMW_sats/MWCCH_hail_probability/netcdf_MSG_grid/2020/09/06/20200906_S0057_E0058_GMI_gpm_MSGgrid.nc
There was a key error (probably due to hail class and nans) in file:  /data/sat/products/PMW_sats/MWCCH_hail_probability/netcdf_MSG_grid/2020/09/06/20200906_S0057_E0058_GMI_gpm_MSGgrid.nc
There was a key error (probably due to hail class and nans) in file:  /data/sat/products/PMW_sats/MWCCH_hail_probability/netcdf_MSG_grid/2020/09/06/20200906_S0057_E0058_GMI_gpm_MSGgrid.nc
There was a key error (probably due to hail class and nans) in file:  /data/sat/products/PMW_sats/MWCCH_hail_probability/netcdf_MSG_grid/2020/09/06/20200906_S0057_E0058_GMI_gpm_MSGgrid.nc
36000
There was a key error (probably due to hail class and nans) in file:  /data/sat/products/PMW_sats/MWCCH_hail_probability/netcdf_MSG_grid/2021/05/03/20210503_S0539_E0539_SSMIS_f16_MSGgrid.nc
There was a key error (probably due to hail class and nans) in file:  /data/sat/products/PMW_sats/MWCCH_hail_probability/netcdf_MSG_grid/2021/05/03/20210503_S0539_E0539_SSMIS_f16_MSGgrid.nc
There was a key error (probably due to hail class and nans) in file:  /data/sat/products/PMW_sats/MWCCH_hail_probability/netcdf_MSG_grid/2021/05/03/20210503_S0539_E0539_SSMIS_f16_MSGgrid.nc
There was a key error (probably due to hail class and nans) in file:  /data/sat/products/PMW_sats/MWCCH_hail_probability/netcdf_MSG_grid/2021/05/03/20210503_S0539_E0539_SSMIS_f16_MSGgrid.nc
There was a key error (probably due to hail class and nans) in file:  /data/sat/products/PMW_sats/MWCCH_hail_probability/netcdf_MSG_grid/2021/05/03/20210503_S0539_E0539_SSMIS_f16_MSGgrid.nc
There was a key error (probably due to hail class and nans) in file:  /data/sat/products/PMW_sats/MWCCH_hail_probability/netcdf_MSG_grid/2021/05/03/20210503_S0539_E0539_SSMIS_f16_MSGgrid.nc
There was a key error (probably due to hail class and nans) in file:  /data/sat/products/PMW_sats/MWCCH_hail_probability/netcdf_MSG_grid/2021/05/03/20210503_S0539_E0539_SSMIS_f16_MSGgrid.nc
There was a key error (probably due to hail class and nans) in file:  /data/sat/products/PMW_sats/MWCCH_hail_probability/netcdf_MSG_grid/2021/05/03/20210503_S0539_E0539_SSMIS_f16_MSGgrid.nc
There was a key error (probably due to hail class and nans) in file:  /data/sat/products/PMW_sats/MWCCH_hail_probability/netcdf_MSG_grid/2021/05/03/20210503_S0539_E0539_SSMIS_f16_MSGgrid.nc
There was a key error (probably due to hail class and nans) in file:  /data/sat/products/PMW_sats/MWCCH_hail_probability/netcdf_MSG_grid/2021/05/03/20210503_S0539_E0539_SSMIS_f16_MSGgrid.nc
There was a key error (probably due to hail class and nans) in file:  /data/sat/products/PMW_sats/MWCCH_hail_probability/netcdf_MSG_grid/2021/05/03/20210503_S0539_E0539_SSMIS_f16_MSGgrid.nc
There was a key error (probably due to hail class and nans) in file:  /data/sat/products/PMW_sats/MWCCH_hail_probability/netcdf_MSG_grid/2021/05/03/20210503_S0539_E0539_SSMIS_f16_MSGgrid.nc
There was a key error (probably due to hail class and nans) in file:  /data/sat/products/PMW_sats/MWCCH_hail_probability/netcdf_MSG_grid/2021/05/03/20210503_S0539_E0539_SSMIS_f16_MSGgrid.nc
There was a key error (probably due to hail class and nans) in file:  /data/sat/products/PMW_sats/MWCCH_hail_probability/netcdf_MSG_grid/2021/05/06/20210506_S0214_E0214_ATMS_npp_MSGgrid.nc
There was a key error (probably due to hail class and nans) in file:  /data/sat/products/PMW_sats/MWCCH_hail_probability/netcdf_MSG_grid/2021/05/06/20210506_S0214_E0214_ATMS_npp_MSGgrid.nc
There was a key error (probably due to hail class and nans) in file:  /data/sat/products/PMW_sats/MWCCH_hail_probability/netcdf_MSG_grid/2021/05/06/20210506_S0214_E0214_ATMS_npp_MSGgrid.nc
There was a key error (probably due to hail class and nans) in file:  /data/sat/products/PMW_sats/MWCCH_hail_probability/netcdf_MSG_grid/2021/05/06/20210506_S0214_E0214_ATMS_npp_MSGgrid.nc
There was a key error (probably due to hail class and nans) in file:  /data/sat/products/PMW_sats/MWCCH_hail_probability/netcdf_MSG_grid/2021/05/06/20210506_S0214_E0214_ATMS_npp_MSGgrid.nc
There was a key error (probably due to hail class and nans) in file:  /data/sat/products/PMW_sats/MWCCH_hail_probability/netcdf_MSG_grid/2021/05/06/20210506_S0214_E0214_ATMS_npp_MSGgrid.nc
There was a key error (probably due to hail class and nans) in file:  /data/sat/products/PMW_sats/MWCCH_hail_probability/netcdf_MSG_grid/2021/05/06/20210506_S0214_E0214_ATMS_npp_MSGgrid.nc
There was a key error (probably due to hail class and nans) in file:  /data/sat/products/PMW_sats/MWCCH_hail_probability/netcdf_MSG_grid/2021/05/06/20210506_S0214_E0214_ATMS_npp_MSGgrid.nc
There was a key error (probably due to hail class and nans) in file:  /data/sat/products/PMW_sats/MWCCH_hail_probability/netcdf_MSG_grid/2021/05/06/20210506_S0214_E0214_ATMS_npp_MSGgrid.nc
There was a key error (probably due to hail class and nans) in file:  /data/sat/products/PMW_sats/MWCCH_hail_probability/netcdf_MSG_grid/2021/05/06/20210506_S0214_E0214_ATMS_npp_MSGgrid.nc
There was a key error (probably due to hail class and nans) in file:  /data/sat/products/PMW_sats/MWCCH_hail_probability/netcdf_MSG_grid/2021/05/06/20210506_S0214_E0214_ATMS_npp_MSGgrid.nc
There was a key error (probably due to hail class and nans) in file:  /data/sat/products/PMW_sats/MWCCH_hail_probability/netcdf_MSG_grid/2021/05/06/20210506_S0214_E0214_ATMS_npp_MSGgrid.nc
There was a key error (probably due to hail class and nans) in file:  /data/sat/products/PMW_sats/MWCCH_hail_probability/netcdf_MSG_grid/2021/05/06/20210506_S0214_E0214_ATMS_npp_MSGgrid.nc
There was a key error (probably due to hail class and nans) in file:  /data/sat/products/PMW_sats/MWCCH_hail_probability/netcdf_MSG_grid/2021/05/06/20210506_S0214_E0214_ATMS_npp_MSGgrid.nc
There was a key error (probably due to hail class and nans) in file:  /data/sat/products/PMW_sats/MWCCH_hail_probability/netcdf_MSG_grid/2021/05/06/20210506_S0214_E0214_ATMS_npp_MSGgrid.nc
There was a key error (probably due to hail class and nans) in file:  /data/sat/products/PMW_sats/MWCCH_hail_probability/netcdf_MSG_grid/2021/05/06/20210506_S0214_E0214_ATMS_npp_MSGgrid.nc
There was a key error (probably due to hail class and nans) in file:  /data/sat/products/PMW_sats/MWCCH_hail_probability/netcdf_MSG_grid/2021/05/06/20210506_S0214_E0214_ATMS_npp_MSGgrid.nc
There was a key error (probably due to hail class and nans) in file:  /data/sat/products/PMW_sats/MWCCH_hail_probability/netcdf_MSG_grid/2021/05/06/20210506_S0214_E0214_ATMS_npp_MSGgrid.nc
There was a key error (probably due to hail class and nans) in file:  /data/sat/products/PMW_sats/MWCCH_hail_probability/netcdf_MSG_grid/2021/05/11/20210511_S0735_E0735_MHS_noaa19_MSGgrid.nc
There was a key error (probably due to hail class and nans) in file:  /data/sat/products/PMW_sats/MWCCH_hail_probability/netcdf_MSG_grid/2021/05/11/20210511_S0735_E0735_MHS_noaa19_MSGgrid.nc
There was a key error (probably due to hail class and nans) in file:  /data/sat/products/PMW_sats/MWCCH_hail_probability/netcdf_MSG_grid/2021/05/11/20210511_S0735_E0735_MHS_noaa19_MSGgrid.nc
There was a key error (probably due to hail class and nans) in file:  /data/sat/products/PMW_sats/MWCCH_hail_probability/netcdf_MSG_grid/2021/05/11/20210511_S0735_E0735_MHS_noaa19_MSGgrid.nc
There was a key error (probably due to hail class and nans) in file:  /data/sat/products/PMW_sats/MWCCH_hail_probability/netcdf_MSG_grid/2021/05/11/20210511_S0735_E0735_MHS_noaa19_MSGgrid.nc
There was a key error (probably due to hail class and nans) in file:  /data/sat/products/PMW_sats/MWCCH_hail_probability/netcdf_MSG_grid/2021/05/11/20210511_S0735_E0735_MHS_noaa19_MSGgrid.nc
There was a key error (probably due to hail class and nans) in file:  /data/sat/products/PMW_sats/MWCCH_hail_probability/netcdf_MSG_grid/2021/05/11/20210511_S0735_E0735_MHS_noaa19_MSGgrid.nc
There was a key error (probably due to hail class and nans) in file:  /data/sat/products/PMW_sats/MWCCH_hail_probability/netcdf_MSG_grid/2021/05/11/20210511_S0735_E0735_MHS_noaa19_MSGgrid.nc
There was a key error (probably due to hail class and nans) in file:  /data/sat/products/PMW_sats/MWCCH_hail_probability/netcdf_MSG_grid/2021/05/11/20210511_S0735_E0735_MHS_noaa19_MSGgrid.nc
There was a key error (probably due to hail class and nans) in file:  /data/sat/products/PMW_sats/MWCCH_hail_probability/netcdf_MSG_grid/2021/05/11/20210511_S0735_E0735_MHS_noaa19_MSGgrid.nc
There was a key error (probably due to hail class and nans) in file:  /data/sat/products/PMW_sats/MWCCH_hail_probability/netcdf_MSG_grid/2021/05/11/20210511_S0735_E0735_MHS_noaa19_MSGgrid.nc
There was a key error (probably due to hail class and nans) in file:  /data/sat/products/PMW_sats/MWCCH_hail_probability/netcdf_MSG_grid/2021/05/11/20210511_S0735_E0735_MHS_noaa19_MSGgrid.nc
There was a key error (probably due to hail class and nans) in file:  /data/sat/products/PMW_sats/MWCCH_hail_probability/netcdf_MSG_grid/2021/05/11/20210511_S0735_E0735_MHS_noaa19_MSGgrid.nc
There was a key error (probably due to hail class and nans) in file:  /data/sat/products/PMW_sats/MWCCH_hail_probability/netcdf_MSG_grid/2021/05/11/20210511_S0735_E0735_MHS_noaa19_MSGgrid.nc
There was a key error (probably due to hail class and nans) in file:  /data/sat/products/PMW_sats/MWCCH_hail_probability/netcdf_MSG_grid/2021/05/11/20210511_S0735_E0735_MHS_noaa19_MSGgrid.nc
There was a key error (probably due to hail class and nans) in file:  /data/sat/products/PMW_sats/MWCCH_hail_probability/netcdf_MSG_grid/2021/05/11/20210511_S0735_E0735_MHS_noaa19_MSGgrid.nc
There was a key error (probably due to hail class and nans) in file:  /data/sat/products/PMW_sats/MWCCH_hail_probability/netcdf_MSG_grid/2021/05/11/20210511_S0735_E0735_MHS_noaa19_MSGgrid.nc
There was a key error (probably due to hail class and nans) in file:  /data/sat/products/PMW_sats/MWCCH_hail_probability/netcdf_MSG_grid/2021/05/11/20210511_S0735_E0735_MHS_noaa19_MSGgrid.nc
37000
There was a key error (probably due to hail class and nans) in file:  /data/sat/products/PMW_sats/MWCCH_hail_probability/netcdf_MSG_grid/2021/06/04/20210604_S0749_E0749_SSMIS_f17_MSGgrid.nc
There was a key error (probably due to hail class and nans) in file:  /data/sat/products/PMW_sats/MWCCH_hail_probability/netcdf_MSG_grid/2021/06/04/20210604_S0749_E0749_SSMIS_f17_MSGgrid.nc
There was a key error (probably due to hail class and nans) in file:  /data/sat/products/PMW_sats/MWCCH_hail_probability/netcdf_MSG_grid/2021/06/04/20210604_S0749_E0749_SSMIS_f17_MSGgrid.nc
There was a key error (probably due to hail class and nans) in file:  /data/sat/products/PMW_sats/MWCCH_hail_probability/netcdf_MSG_grid/2021/06/04/20210604_S0749_E0749_SSMIS_f17_MSGgrid.nc
There was a key error (probably due to hail class and nans) in file:  /data/sat/products/PMW_sats/MWCCH_hail_probability/netcdf_MSG_grid/2021/06/04/20210604_S0749_E0749_SSMIS_f17_MSGgrid.nc
There was a key error (probably due to hail class and nans) in file:  /data/sat/products/PMW_sats/MWCCH_hail_probability/netcdf_MSG_grid/2021/06/04/20210604_S0749_E0749_SSMIS_f17_MSGgrid.nc
There was a key error (probably due to hail class and nans) in file:  /data/sat/products/PMW_sats/MWCCH_hail_probability/netcdf_MSG_grid/2021/06/04/20210604_S0749_E0749_SSMIS_f17_MSGgrid.nc
There was a key error (probably due to hail class and nans) in file:  /data/sat/products/PMW_sats/MWCCH_hail_probability/netcdf_MSG_grid/2021/06/04/20210604_S0749_E0749_SSMIS_f17_MSGgrid.nc
There was a key error (probably due to hail class and nans) in file:  /data/sat/products/PMW_sats/MWCCH_hail_probability/netcdf_MSG_grid/2021/06/04/20210604_S0749_E0749_SSMIS_f17_MSGgrid.nc
There was a key error (probably due to hail class and nans) in file:  /data/sat/products/PMW_sats/MWCCH_hail_probability/netcdf_MSG_grid/2021/06/04/20210604_S0749_E0749_SSMIS_f17_MSGgrid.nc
There was a key error (probably due to hail class and nans) in file:  /data/sat/products/PMW_sats/MWCCH_hail_probability/netcdf_MSG_grid/2021/06/04/20210604_S0749_E0749_SSMIS_f17_MSGgrid.nc
There was a key error (probably due to hail class and nans) in file:  /data/sat/products/PMW_sats/MWCCH_hail_probability/netcdf_MSG_grid/2021/06/04/20210604_S0749_E0749_SSMIS_f17_MSGgrid.nc
There was a key error (probably due to hail class and nans) in file:  /data/sat/products/PMW_sats/MWCCH_hail_probability/netcdf_MSG_grid/2021/06/04/20210604_S0749_E0749_SSMIS_f17_MSGgrid.nc
There was a key error (probably due to hail class and nans) in file:  /data/sat/products/PMW_sats/MWCCH_hail_probability/netcdf_MSG_grid/2021/06/06/20210606_S0956_E0956_MHS_meto01_MSGgrid.nc
There was a key error (probably due to hail class and nans) in file:  /data/sat/products/PMW_sats/MWCCH_hail_probability/netcdf_MSG_grid/2021/06/06/20210606_S0956_E0956_MHS_meto01_MSGgrid.nc
There was a key error (probably due to hail class and nans) in file:  /data/sat/products/PMW_sats/MWCCH_hail_probability/netcdf_MSG_grid/2021/06/06/20210606_S0956_E0956_MHS_meto01_MSGgrid.nc
There was a key error (probably due to hail class and nans) in file:  /data/sat/products/PMW_sats/MWCCH_hail_probability/netcdf_MSG_grid/2021/06/06/20210606_S0956_E0956_MHS_meto01_MSGgrid.nc
There was a key error (probably due to hail class and nans) in file:  /data/sat/products/PMW_sats/MWCCH_hail_probability/netcdf_MSG_grid/2021/06/06/20210606_S0956_E0956_MHS_meto01_MSGgrid.nc
There was a key error (probably due to hail class and nans) in file:  /data/sat/products/PMW_sats/MWCCH_hail_probability/netcdf_MSG_grid/2021/06/06/20210606_S0956_E0956_MHS_meto01_MSGgrid.nc
There was a key error (probably due to hail class and nans) in file:  /data/sat/products/PMW_sats/MWCCH_hail_probability/netcdf_MSG_grid/2021/06/06/20210606_S0956_E0956_MHS_meto01_MSGgrid.nc
There was a key error (probably due to hail class and nans) in file:  /data/sat/products/PMW_sats/MWCCH_hail_probability/netcdf_MSG_grid/2021/06/06/20210606_S0956_E0956_MHS_meto01_MSGgrid.nc
There was a key error (probably due to hail class and nans) in file:  /data/sat/products/PMW_sats/MWCCH_hail_probability/netcdf_MSG_grid/2021/06/06/20210606_S0956_E0956_MHS_meto01_MSGgrid.nc
There was a key error (probably due to hail class and nans) in file:  /data/sat/products/PMW_sats/MWCCH_hail_probability/netcdf_MSG_grid/2021/06/06/20210606_S0956_E0956_MHS_meto01_MSGgrid.nc
There was a key error (probably due to hail class and nans) in file:  /data/sat/products/PMW_sats/MWCCH_hail_probability/netcdf_MSG_grid/2021/06/06/20210606_S0956_E0956_MHS_meto01_MSGgrid.nc
There was a key error (probably due to hail class and nans) in file:  /data/sat/products/PMW_sats/MWCCH_hail_probability/netcdf_MSG_grid/2021/06/06/20210606_S0956_E0956_MHS_meto01_MSGgrid.nc
There was a key error (probably due to hail class and nans) in file:  /data/sat/products/PMW_sats/MWCCH_hail_probability/netcdf_MSG_grid/2021/06/06/20210606_S0956_E0956_MHS_meto01_MSGgrid.nc
There was a key error (probably due to hail class and nans) in file:  /data/sat/products/PMW_sats/MWCCH_hail_probability/netcdf_MSG_grid/2021/06/06/20210606_S0956_E0956_MHS_meto01_MSGgrid.nc
There was a key error (probably due to hail class and nans) in file:  /data/sat/products/PMW_sats/MWCCH_hail_probability/netcdf_MSG_grid/2021/06/06/20210606_S0956_E0956_MHS_meto01_MSGgrid.nc
There was a key error (probably due to hail class and nans) in file:  /data/sat/products/PMW_sats/MWCCH_hail_probability/netcdf_MSG_grid/2021/06/06/20210606_S0956_E0956_MHS_meto01_MSGgrid.nc
There was a key error (probably due to hail class and nans) in file:  /data/sat/products/PMW_sats/MWCCH_hail_probability/netcdf_MSG_grid/2021/06/06/20210606_S0956_E0956_MHS_meto01_MSGgrid.nc
There was a key error (probably due to hail class and nans) in file:  /data/sat/products/PMW_sats/MWCCH_hail_probability/netcdf_MSG_grid/2021/06/23/20210623_S1251_E1251_ATMS_n20_MSGgrid.nc
There was a key error (probably due to hail class and nans) in file:  /data/sat/products/PMW_sats/MWCCH_hail_probability/netcdf_MSG_grid/2021/06/23/20210623_S1251_E1251_ATMS_n20_MSGgrid.nc
There was a key error (probably due to hail class and nans) in file:  /data/sat/products/PMW_sats/MWCCH_hail_probability/netcdf_MSG_grid/2021/06/23/20210623_S1251_E1251_ATMS_n20_MSGgrid.nc
There was a key error (probably due to hail class and nans) in file:  /data/sat/products/PMW_sats/MWCCH_hail_probability/netcdf_MSG_grid/2021/06/23/20210623_S1251_E1251_ATMS_n20_MSGgrid.nc
There was a key error (probably due to hail class and nans) in file:  /data/sat/products/PMW_sats/MWCCH_hail_probability/netcdf_MSG_grid/2021/06/23/20210623_S1251_E1251_ATMS_n20_MSGgrid.nc
There was a key error (probably due to hail class and nans) in file:  /data/sat/products/PMW_sats/MWCCH_hail_probability/netcdf_MSG_grid/2021/06/23/20210623_S1251_E1251_ATMS_n20_MSGgrid.nc
There was a key error (probably due to hail class and nans) in file:  /data/sat/products/PMW_sats/MWCCH_hail_probability/netcdf_MSG_grid/2021/06/23/20210623_S1251_E1251_ATMS_n20_MSGgrid.nc
There was a key error (probably due to hail class and nans) in file:  /data/sat/products/PMW_sats/MWCCH_hail_probability/netcdf_MSG_grid/2021/06/23/20210623_S1251_E1251_ATMS_n20_MSGgrid.nc
There was a key error (probably due to hail class and nans) in file:  /data/sat/products/PMW_sats/MWCCH_hail_probability/netcdf_MSG_grid/2021/06/23/20210623_S1251_E1251_ATMS_n20_MSGgrid.nc
There was a key error (probably due to hail class and nans) in file:  /data/sat/products/PMW_sats/MWCCH_hail_probability/netcdf_MSG_grid/2021/06/23/20210623_S1251_E1251_ATMS_n20_MSGgrid.nc
There was a key error (probably due to hail class and nans) in file:  /data/sat/products/PMW_sats/MWCCH_hail_probability/netcdf_MSG_grid/2021/06/23/20210623_S1251_E1251_ATMS_n20_MSGgrid.nc
There was a key error (probably due to hail class and nans) in file:  /data/sat/products/PMW_sats/MWCCH_hail_probability/netcdf_MSG_grid/2021/06/23/20210623_S1251_E1251_ATMS_n20_MSGgrid.nc
There was a key error (probably due to hail class and nans) in file:  /data/sat/products/PMW_sats/MWCCH_hail_probability/netcdf_MSG_grid/2021/06/23/20210623_S1251_E1251_ATMS_n20_MSGgrid.nc
There was a key error (probably due to hail class and nans) in file:  /data/sat/products/PMW_sats/MWCCH_hail_probability/netcdf_MSG_grid/2021/06/23/20210623_S1251_E1251_ATMS_n20_MSGgrid.nc
There was a key error (probably due to hail class and nans) in file:  /data/sat/products/PMW_sats/MWCCH_hail_probability/netcdf_MSG_grid/2021/06/23/20210623_S1251_E1251_ATMS_n20_MSGgrid.nc
There was a key error (probably due to hail class and nans) in file:  /data/sat/products/PMW_sats/MWCCH_hail_probability/netcdf_MSG_grid/2021/06/23/20210623_S1251_E1251_ATMS_n20_MSGgrid.nc
There was a key error (probably due to hail class and nans) in file:  /data/sat/products/PMW_sats/MWCCH_hail_probability/netcdf_MSG_grid/2021/06/27/20210627_S0258_E0258_GMI_gpm_MSGgrid.nc
There was a key error (probably due to hail class and nans) in file:  /data/sat/products/PMW_sats/MWCCH_hail_probability/netcdf_MSG_grid/2021/06/27/20210627_S0258_E0258_GMI_gpm_MSGgrid.nc
There was a key error (probably due to hail class and nans) in file:  /data/sat/products/PMW_sats/MWCCH_hail_probability/netcdf_MSG_grid/2021/06/27/20210627_S0258_E0258_GMI_gpm_MSGgrid.nc
There was a key error (probably due to hail class and nans) in file:  /data/sat/products/PMW_sats/MWCCH_hail_probability/netcdf_MSG_grid/2021/06/27/20210627_S0258_E0258_GMI_gpm_MSGgrid.nc
There was a key error (probably due to hail class and nans) in file:  /data/sat/products/PMW_sats/MWCCH_hail_probability/netcdf_MSG_grid/2021/06/27/20210627_S0258_E0258_GMI_gpm_MSGgrid.nc
There was a key error (probably due to hail class and nans) in file:  /data/sat/products/PMW_sats/MWCCH_hail_probability/netcdf_MSG_grid/2021/06/27/20210627_S0258_E0258_GMI_gpm_MSGgrid.nc
There was a key error (probably due to hail class and nans) in file:  /data/sat/products/PMW_sats/MWCCH_hail_probability/netcdf_MSG_grid/2021/06/27/20210627_S0258_E0258_GMI_gpm_MSGgrid.nc
There was a key error (probably due to hail class and nans) in file:  /data/sat/products/PMW_sats/MWCCH_hail_probability/netcdf_MSG_grid/2021/06/27/20210627_S0258_E0258_GMI_gpm_MSGgrid.nc
There was a key error (probably due to hail class and nans) in file:  /data/sat/products/PMW_sats/MWCCH_hail_probability/netcdf_MSG_grid/2021/06/27/20210627_S0258_E0258_GMI_gpm_MSGgrid.nc
There was a key error (probably due to hail class and nans) in file:  /data/sat/products/PMW_sats/MWCCH_hail_probability/netcdf_MSG_grid/2021/06/27/20210627_S0258_E0258_GMI_gpm_MSGgrid.nc
There was a key error (probably due to hail class and nans) in file:  /data/sat/products/PMW_sats/MWCCH_hail_probability/netcdf_MSG_grid/2021/06/27/20210627_S0258_E0258_GMI_gpm_MSGgrid.nc
There was a key error (probably due to hail class and nans) in file:  /data/sat/products/PMW_sats/MWCCH_hail_probability/netcdf_MSG_grid/2021/06/27/20210627_S0258_E0258_GMI_gpm_MSGgrid.nc
There was a key error (probably due to hail class and nans) in file:  /data/sat/products/PMW_sats/MWCCH_hail_probability/netcdf_MSG_grid/2021/06/27/20210627_S0258_E0258_GMI_gpm_MSGgrid.nc
There was a key error (probably due to hail class and nans) in file:  /data/sat/products/PMW_sats/MWCCH_hail_probability/netcdf_MSG_grid/2021/06/27/20210627_S0258_E0258_GMI_gpm_MSGgrid.nc
There was a key error (probably due to hail class and nans) in file:  /data/sat/products/PMW_sats/MWCCH_hail_probability/netcdf_MSG_grid/2021/06/27/20210627_S0258_E0258_GMI_gpm_MSGgrid.nc
There was a key error (probably due to hail class and nans) in file:  /data/sat/products/PMW_sats/MWCCH_hail_probability/netcdf_MSG_grid/2021/06/27/20210627_S0258_E0258_GMI_gpm_MSGgrid.nc
There was a key error (probably due to hail class and nans) in file:  /data/sat/products/PMW_sats/MWCCH_hail_probability/netcdf_MSG_grid/2021/07/04/20210704_S0310_E0310_GMI_gpm_MSGgrid.nc
There was a key error (probably due to hail class and nans) in file:  /data/sat/products/PMW_sats/MWCCH_hail_probability/netcdf_MSG_grid/2021/07/04/20210704_S0310_E0310_GMI_gpm_MSGgrid.nc
There was a key error (probably due to hail class and nans) in file:  /data/sat/products/PMW_sats/MWCCH_hail_probability/netcdf_MSG_grid/2021/07/04/20210704_S0310_E0310_GMI_gpm_MSGgrid.nc
There was a key error (probably due to hail class and nans) in file:  /data/sat/products/PMW_sats/MWCCH_hail_probability/netcdf_MSG_grid/2021/07/04/20210704_S0310_E0310_GMI_gpm_MSGgrid.nc
There was a key error (probably due to hail class and nans) in file:  /data/sat/products/PMW_sats/MWCCH_hail_probability/netcdf_MSG_grid/2021/07/04/20210704_S0310_E0310_GMI_gpm_MSGgrid.nc
There was a key error (probably due to hail class and nans) in file:  /data/sat/products/PMW_sats/MWCCH_hail_probability/netcdf_MSG_grid/2021/07/04/20210704_S0310_E0310_GMI_gpm_MSGgrid.nc
There was a key error (probably due to hail class and nans) in file:  /data/sat/products/PMW_sats/MWCCH_hail_probability/netcdf_MSG_grid/2021/07/04/20210704_S0310_E0310_GMI_gpm_MSGgrid.nc
There was a key error (probably due to hail class and nans) in file:  /data/sat/products/PMW_sats/MWCCH_hail_probability/netcdf_MSG_grid/2021/07/04/20210704_S0310_E0310_GMI_gpm_MSGgrid.nc
There was a key error (probably due to hail class and nans) in file:  /data/sat/products/PMW_sats/MWCCH_hail_probability/netcdf_MSG_grid/2021/07/04/20210704_S0310_E0310_GMI_gpm_MSGgrid.nc
There was a key error (probably due to hail class and nans) in file:  /data/sat/products/PMW_sats/MWCCH_hail_probability/netcdf_MSG_grid/2021/07/04/20210704_S0310_E0310_GMI_gpm_MSGgrid.nc
There was a key error (probably due to hail class and nans) in file:  /data/sat/products/PMW_sats/MWCCH_hail_probability/netcdf_MSG_grid/2021/07/04/20210704_S0310_E0310_GMI_gpm_MSGgrid.nc
There was a key error (probably due to hail class and nans) in file:  /data/sat/products/PMW_sats/MWCCH_hail_probability/netcdf_MSG_grid/2021/07/04/20210704_S0310_E0310_GMI_gpm_MSGgrid.nc
There was a key error (probably due to hail class and nans) in file:  /data/sat/products/PMW_sats/MWCCH_hail_probability/netcdf_MSG_grid/2021/07/04/20210704_S0310_E0310_GMI_gpm_MSGgrid.nc
There was a key error (probably due to hail class and nans) in file:  /data/sat/products/PMW_sats/MWCCH_hail_probability/netcdf_MSG_grid/2021/07/04/20210704_S0310_E0310_GMI_gpm_MSGgrid.nc
There was a key error (probably due to hail class and nans) in file:  /data/sat/products/PMW_sats/MWCCH_hail_probability/netcdf_MSG_grid/2021/07/04/20210704_S0310_E0310_GMI_gpm_MSGgrid.nc
There was a key error (probably due to hail class and nans) in file:  /data/sat/products/PMW_sats/MWCCH_hail_probability/netcdf_MSG_grid/2021/07/04/20210704_S0310_E0310_GMI_gpm_MSGgrid.nc
There was a key error (probably due to hail class and nans) in file:  /data/sat/products/PMW_sats/MWCCH_hail_probability/netcdf_MSG_grid/2021/07/08/20210708_S0740_E0740_GMI_gpm_MSGgrid.nc
There was a key error (probably due to hail class and nans) in file:  /data/sat/products/PMW_sats/MWCCH_hail_probability/netcdf_MSG_grid/2021/07/08/20210708_S0740_E0740_GMI_gpm_MSGgrid.nc
There was a key error (probably due to hail class and nans) in file:  /data/sat/products/PMW_sats/MWCCH_hail_probability/netcdf_MSG_grid/2021/07/08/20210708_S0740_E0740_GMI_gpm_MSGgrid.nc
There was a key error (probably due to hail class and nans) in file:  /data/sat/products/PMW_sats/MWCCH_hail_probability/netcdf_MSG_grid/2021/07/08/20210708_S0740_E0740_GMI_gpm_MSGgrid.nc
There was a key error (probably due to hail class and nans) in file:  /data/sat/products/PMW_sats/MWCCH_hail_probability/netcdf_MSG_grid/2021/07/08/20210708_S0740_E0740_GMI_gpm_MSGgrid.nc
There was a key error (probably due to hail class and nans) in file:  /data/sat/products/PMW_sats/MWCCH_hail_probability/netcdf_MSG_grid/2021/07/08/20210708_S0740_E0740_GMI_gpm_MSGgrid.nc
There was a key error (probably due to hail class and nans) in file:  /data/sat/products/PMW_sats/MWCCH_hail_probability/netcdf_MSG_grid/2021/07/08/20210708_S0740_E0740_GMI_gpm_MSGgrid.nc
There was a key error (probably due to hail class and nans) in file:  /data/sat/products/PMW_sats/MWCCH_hail_probability/netcdf_MSG_grid/2021/07/08/20210708_S0740_E0740_GMI_gpm_MSGgrid.nc
There was a key error (probably due to hail class and nans) in file:  /data/sat/products/PMW_sats/MWCCH_hail_probability/netcdf_MSG_grid/2021/07/08/20210708_S0740_E0740_GMI_gpm_MSGgrid.nc
There was a key error (probably due to hail class and nans) in file:  /data/sat/products/PMW_sats/MWCCH_hail_probability/netcdf_MSG_grid/2021/07/08/20210708_S0740_E0740_GMI_gpm_MSGgrid.nc
There was a key error (probably due to hail class and nans) in file:  /data/sat/products/PMW_sats/MWCCH_hail_probability/netcdf_MSG_grid/2021/07/08/20210708_S0740_E0740_GMI_gpm_MSGgrid.nc
There was a key error (probably due to hail class and nans) in file:  /data/sat/products/PMW_sats/MWCCH_hail_probability/netcdf_MSG_grid/2021/07/08/20210708_S0740_E0740_GMI_gpm_MSGgrid.nc
There was a key error (probably due to hail class and nans) in file:  /data/sat/products/PMW_sats/MWCCH_hail_probability/netcdf_MSG_grid/2021/07/08/20210708_S0740_E0740_GMI_gpm_MSGgrid.nc
There was a key error (probably due to hail class and nans) in file:  /data/sat/products/PMW_sats/MWCCH_hail_probability/netcdf_MSG_grid/2021/07/08/20210708_S0740_E0740_GMI_gpm_MSGgrid.nc
There was a key error (probably due to hail class and nans) in file:  /data/sat/products/PMW_sats/MWCCH_hail_probability/netcdf_MSG_grid/2021/07/08/20210708_S0740_E0740_GMI_gpm_MSGgrid.nc
There was a key error (probably due to hail class and nans) in file:  /data/sat/products/PMW_sats/MWCCH_hail_probability/netcdf_MSG_grid/2021/07/08/20210708_S0740_E0740_GMI_gpm_MSGgrid.nc
There was a key error (probably due to hail class and nans) in file:  /data/sat/products/PMW_sats/MWCCH_hail_probability/netcdf_MSG_grid/2021/07/09/20210709_S1251_E1251_ATMS_n20_MSGgrid.nc
There was a key error (probably due to hail class and nans) in file:  /data/sat/products/PMW_sats/MWCCH_hail_probability/netcdf_MSG_grid/2021/07/09/20210709_S1251_E1251_ATMS_n20_MSGgrid.nc
There was a key error (probably due to hail class and nans) in file:  /data/sat/products/PMW_sats/MWCCH_hail_probability/netcdf_MSG_grid/2021/07/09/20210709_S1251_E1251_ATMS_n20_MSGgrid.nc
There was a key error (probably due to hail class and nans) in file:  /data/sat/products/PMW_sats/MWCCH_hail_probability/netcdf_MSG_grid/2021/07/09/20210709_S1251_E1251_ATMS_n20_MSGgrid.nc
There was a key error (probably due to hail class and nans) in file:  /data/sat/products/PMW_sats/MWCCH_hail_probability/netcdf_MSG_grid/2021/07/09/20210709_S1251_E1251_ATMS_n20_MSGgrid.nc
There was a key error (probably due to hail class and nans) in file:  /data/sat/products/PMW_sats/MWCCH_hail_probability/netcdf_MSG_grid/2021/07/09/20210709_S1251_E1251_ATMS_n20_MSGgrid.nc
There was a key error (probably due to hail class and nans) in file:  /data/sat/products/PMW_sats/MWCCH_hail_probability/netcdf_MSG_grid/2021/07/09/20210709_S1251_E1251_ATMS_n20_MSGgrid.nc
There was a key error (probably due to hail class and nans) in file:  /data/sat/products/PMW_sats/MWCCH_hail_probability/netcdf_MSG_grid/2021/07/09/20210709_S1251_E1251_ATMS_n20_MSGgrid.nc
There was a key error (probably due to hail class and nans) in file:  /data/sat/products/PMW_sats/MWCCH_hail_probability/netcdf_MSG_grid/2021/07/09/20210709_S1251_E1251_ATMS_n20_MSGgrid.nc
There was a key error (probably due to hail class and nans) in file:  /data/sat/products/PMW_sats/MWCCH_hail_probability/netcdf_MSG_grid/2021/07/09/20210709_S1251_E1251_ATMS_n20_MSGgrid.nc
There was a key error (probably due to hail class and nans) in file:  /data/sat/products/PMW_sats/MWCCH_hail_probability/netcdf_MSG_grid/2021/07/09/20210709_S1251_E1251_ATMS_n20_MSGgrid.nc
There was a key error (probably due to hail class and nans) in file:  /data/sat/products/PMW_sats/MWCCH_hail_probability/netcdf_MSG_grid/2021/07/09/20210709_S1251_E1251_ATMS_n20_MSGgrid.nc
There was a key error (probably due to hail class and nans) in file:  /data/sat/products/PMW_sats/MWCCH_hail_probability/netcdf_MSG_grid/2021/07/09/20210709_S1251_E1251_ATMS_n20_MSGgrid.nc
There was a key error (probably due to hail class and nans) in file:  /data/sat/products/PMW_sats/MWCCH_hail_probability/netcdf_MSG_grid/2021/07/09/20210709_S1251_E1251_ATMS_n20_MSGgrid.nc
There was a key error (probably due to hail class and nans) in file:  /data/sat/products/PMW_sats/MWCCH_hail_probability/netcdf_MSG_grid/2021/07/09/20210709_S1251_E1251_ATMS_n20_MSGgrid.nc
There was a key error (probably due to hail class and nans) in file:  /data/sat/products/PMW_sats/MWCCH_hail_probability/netcdf_MSG_grid/2021/07/10/20210710_S1939_E1939_MHS_meto01_MSGgrid.nc
There was a key error (probably due to hail class and nans) in file:  /data/sat/products/PMW_sats/MWCCH_hail_probability/netcdf_MSG_grid/2021/07/10/20210710_S1939_E1939_MHS_meto01_MSGgrid.nc
There was a key error (probably due to hail class and nans) in file:  /data/sat/products/PMW_sats/MWCCH_hail_probability/netcdf_MSG_grid/2021/07/10/20210710_S1939_E1939_MHS_meto01_MSGgrid.nc
There was a key error (probably due to hail class and nans) in file:  /data/sat/products/PMW_sats/MWCCH_hail_probability/netcdf_MSG_grid/2021/07/10/20210710_S1939_E1939_MHS_meto01_MSGgrid.nc
There was a key error (probably due to hail class and nans) in file:  /data/sat/products/PMW_sats/MWCCH_hail_probability/netcdf_MSG_grid/2021/07/10/20210710_S1939_E1939_MHS_meto01_MSGgrid.nc
There was a key error (probably due to hail class and nans) in file:  /data/sat/products/PMW_sats/MWCCH_hail_probability/netcdf_MSG_grid/2021/07/10/20210710_S1939_E1939_MHS_meto01_MSGgrid.nc
There was a key error (probably due to hail class and nans) in file:  /data/sat/products/PMW_sats/MWCCH_hail_probability/netcdf_MSG_grid/2021/07/10/20210710_S1939_E1939_MHS_meto01_MSGgrid.nc
There was a key error (probably due to hail class and nans) in file:  /data/sat/products/PMW_sats/MWCCH_hail_probability/netcdf_MSG_grid/2021/07/10/20210710_S1939_E1939_MHS_meto01_MSGgrid.nc
There was a key error (probably due to hail class and nans) in file:  /data/sat/products/PMW_sats/MWCCH_hail_probability/netcdf_MSG_grid/2021/07/10/20210710_S1939_E1939_MHS_meto01_MSGgrid.nc
There was a key error (probably due to hail class and nans) in file:  /data/sat/products/PMW_sats/MWCCH_hail_probability/netcdf_MSG_grid/2021/07/10/20210710_S1939_E1939_MHS_meto01_MSGgrid.nc
There was a key error (probably due to hail class and nans) in file:  /data/sat/products/PMW_sats/MWCCH_hail_probability/netcdf_MSG_grid/2021/07/10/20210710_S1939_E1939_MHS_meto01_MSGgrid.nc
There was a key error (probably due to hail class and nans) in file:  /data/sat/products/PMW_sats/MWCCH_hail_probability/netcdf_MSG_grid/2021/07/10/20210710_S1939_E1939_MHS_meto01_MSGgrid.nc
There was a key error (probably due to hail class and nans) in file:  /data/sat/products/PMW_sats/MWCCH_hail_probability/netcdf_MSG_grid/2021/07/10/20210710_S1939_E1939_MHS_meto01_MSGgrid.nc
There was a key error (probably due to hail class and nans) in file:  /data/sat/products/PMW_sats/MWCCH_hail_probability/netcdf_MSG_grid/2021/07/10/20210710_S1939_E1939_MHS_meto01_MSGgrid.nc
There was a key error (probably due to hail class and nans) in file:  /data/sat/products/PMW_sats/MWCCH_hail_probability/netcdf_MSG_grid/2021/07/10/20210710_S1939_E1939_MHS_meto01_MSGgrid.nc
There was a key error (probably due to hail class and nans) in file:  /data/sat/products/PMW_sats/MWCCH_hail_probability/netcdf_MSG_grid/2021/07/10/20210710_S1939_E1939_MHS_meto01_MSGgrid.nc
There was a key error (probably due to hail class and nans) in file:  /data/sat/products/PMW_sats/MWCCH_hail_probability/netcdf_MSG_grid/2021/07/10/20210710_S1939_E1939_MHS_meto01_MSGgrid.nc
There was a key error (probably due to hail class and nans) in file:  /data/sat/products/PMW_sats/MWCCH_hail_probability/netcdf_MSG_grid/2021/07/19/20210719_S0729_E0729_MHS_noaa19_MSGgrid.nc
There was a key error (probably due to hail class and nans) in file:  /data/sat/products/PMW_sats/MWCCH_hail_probability/netcdf_MSG_grid/2021/07/19/20210719_S0729_E0729_MHS_noaa19_MSGgrid.nc
There was a key error (probably due to hail class and nans) in file:  /data/sat/products/PMW_sats/MWCCH_hail_probability/netcdf_MSG_grid/2021/07/19/20210719_S0729_E0729_MHS_noaa19_MSGgrid.nc
There was a key error (probably due to hail class and nans) in file:  /data/sat/products/PMW_sats/MWCCH_hail_probability/netcdf_MSG_grid/2021/07/19/20210719_S0729_E0729_MHS_noaa19_MSGgrid.nc
There was a key error (probably due to hail class and nans) in file:  /data/sat/products/PMW_sats/MWCCH_hail_probability/netcdf_MSG_grid/2021/07/19/20210719_S0729_E0729_MHS_noaa19_MSGgrid.nc
There was a key error (probably due to hail class and nans) in file:  /data/sat/products/PMW_sats/MWCCH_hail_probability/netcdf_MSG_grid/2021/07/19/20210719_S0729_E0729_MHS_noaa19_MSGgrid.nc
There was a key error (probably due to hail class and nans) in file:  /data/sat/products/PMW_sats/MWCCH_hail_probability/netcdf_MSG_grid/2021/07/19/20210719_S0729_E0729_MHS_noaa19_MSGgrid.nc
There was a key error (probably due to hail class and nans) in file:  /data/sat/products/PMW_sats/MWCCH_hail_probability/netcdf_MSG_grid/2021/07/19/20210719_S0729_E0729_MHS_noaa19_MSGgrid.nc
There was a key error (probably due to hail class and nans) in file:  /data/sat/products/PMW_sats/MWCCH_hail_probability/netcdf_MSG_grid/2021/07/19/20210719_S0729_E0729_MHS_noaa19_MSGgrid.nc
There was a key error (probably due to hail class and nans) in file:  /data/sat/products/PMW_sats/MWCCH_hail_probability/netcdf_MSG_grid/2021/07/19/20210719_S0729_E0729_MHS_noaa19_MSGgrid.nc
There was a key error (probably due to hail class and nans) in file:  /data/sat/products/PMW_sats/MWCCH_hail_probability/netcdf_MSG_grid/2021/07/19/20210719_S0729_E0729_MHS_noaa19_MSGgrid.nc
There was a key error (probably due to hail class and nans) in file:  /data/sat/products/PMW_sats/MWCCH_hail_probability/netcdf_MSG_grid/2021/07/19/20210719_S0729_E0729_MHS_noaa19_MSGgrid.nc
There was a key error (probably due to hail class and nans) in file:  /data/sat/products/PMW_sats/MWCCH_hail_probability/netcdf_MSG_grid/2021/07/19/20210719_S0729_E0729_MHS_noaa19_MSGgrid.nc
There was a key error (probably due to hail class and nans) in file:  /data/sat/products/PMW_sats/MWCCH_hail_probability/netcdf_MSG_grid/2021/07/19/20210719_S0729_E0729_MHS_noaa19_MSGgrid.nc
There was a key error (probably due to hail class and nans) in file:  /data/sat/products/PMW_sats/MWCCH_hail_probability/netcdf_MSG_grid/2021/07/19/20210719_S0729_E0729_MHS_noaa19_MSGgrid.nc
There was a key error (probably due to hail class and nans) in file:  /data/sat/products/PMW_sats/MWCCH_hail_probability/netcdf_MSG_grid/2021/07/19/20210719_S0729_E0729_MHS_noaa19_MSGgrid.nc
There was a key error (probably due to hail class and nans) in file:  /data/sat/products/PMW_sats/MWCCH_hail_probability/netcdf_MSG_grid/2021/07/19/20210719_S0729_E0729_MHS_noaa19_MSGgrid.nc
38000
There was a key error (probably due to hail class and nans) in file:  /data/sat/products/PMW_sats/MWCCH_hail_probability/netcdf_MSG_grid/2021/07/23/20210723_S1910_E1910_GMI_gpm_MSGgrid.nc
There was a key error (probably due to hail class and nans) in file:  /data/sat/products/PMW_sats/MWCCH_hail_probability/netcdf_MSG_grid/2021/07/23/20210723_S1910_E1910_GMI_gpm_MSGgrid.nc
There was a key error (probably due to hail class and nans) in file:  /data/sat/products/PMW_sats/MWCCH_hail_probability/netcdf_MSG_grid/2021/07/23/20210723_S1910_E1910_GMI_gpm_MSGgrid.nc
There was a key error (probably due to hail class and nans) in file:  /data/sat/products/PMW_sats/MWCCH_hail_probability/netcdf_MSG_grid/2021/07/23/20210723_S1910_E1910_GMI_gpm_MSGgrid.nc
There was a key error (probably due to hail class and nans) in file:  /data/sat/products/PMW_sats/MWCCH_hail_probability/netcdf_MSG_grid/2021/07/23/20210723_S1910_E1910_GMI_gpm_MSGgrid.nc
There was a key error (probably due to hail class and nans) in file:  /data/sat/products/PMW_sats/MWCCH_hail_probability/netcdf_MSG_grid/2021/07/23/20210723_S1910_E1910_GMI_gpm_MSGgrid.nc
There was a key error (probably due to hail class and nans) in file:  /data/sat/products/PMW_sats/MWCCH_hail_probability/netcdf_MSG_grid/2021/07/23/20210723_S1910_E1910_GMI_gpm_MSGgrid.nc
There was a key error (probably due to hail class and nans) in file:  /data/sat/products/PMW_sats/MWCCH_hail_probability/netcdf_MSG_grid/2021/07/25/20210725_S1251_E1251_ATMS_n20_MSGgrid.nc
There was a key error (probably due to hail class and nans) in file:  /data/sat/products/PMW_sats/MWCCH_hail_probability/netcdf_MSG_grid/2021/07/25/20210725_S1251_E1251_ATMS_n20_MSGgrid.nc
There was a key error (probably due to hail class and nans) in file:  /data/sat/products/PMW_sats/MWCCH_hail_probability/netcdf_MSG_grid/2021/07/25/20210725_S1251_E1251_ATMS_n20_MSGgrid.nc
There was a key error (probably due to hail class and nans) in file:  /data/sat/products/PMW_sats/MWCCH_hail_probability/netcdf_MSG_grid/2021/07/25/20210725_S1251_E1251_ATMS_n20_MSGgrid.nc
There was a key error (probably due to hail class and nans) in file:  /data/sat/products/PMW_sats/MWCCH_hail_probability/netcdf_MSG_grid/2021/07/25/20210725_S1251_E1251_ATMS_n20_MSGgrid.nc
There was a key error (probably due to hail class and nans) in file:  /data/sat/products/PMW_sats/MWCCH_hail_probability/netcdf_MSG_grid/2021/07/25/20210725_S1251_E1251_ATMS_n20_MSGgrid.nc
There was a key error (probably due to hail class and nans) in file:  /data/sat/products/PMW_sats/MWCCH_hail_probability/netcdf_MSG_grid/2021/07/25/20210725_S1251_E1251_ATMS_n20_MSGgrid.nc
There was a key error (probably due to hail class and nans) in file:  /data/sat/products/PMW_sats/MWCCH_hail_probability/netcdf_MSG_grid/2021/07/25/20210725_S1251_E1251_ATMS_n20_MSGgrid.nc
There was a key error (probably due to hail class and nans) in file:  /data/sat/products/PMW_sats/MWCCH_hail_probability/netcdf_MSG_grid/2021/07/25/20210725_S1251_E1251_ATMS_n20_MSGgrid.nc
There was a key error (probably due to hail class and nans) in file:  /data/sat/products/PMW_sats/MWCCH_hail_probability/netcdf_MSG_grid/2021/07/25/20210725_S1251_E1251_ATMS_n20_MSGgrid.nc
There was a key error (probably due to hail class and nans) in file:  /data/sat/products/PMW_sats/MWCCH_hail_probability/netcdf_MSG_grid/2021/07/25/20210725_S1251_E1251_ATMS_n20_MSGgrid.nc
There was a key error (probably due to hail class and nans) in file:  /data/sat/products/PMW_sats/MWCCH_hail_probability/netcdf_MSG_grid/2021/07/25/20210725_S1251_E1251_ATMS_n20_MSGgrid.nc
There was a key error (probably due to hail class and nans) in file:  /data/sat/products/PMW_sats/MWCCH_hail_probability/netcdf_MSG_grid/2021/07/25/20210725_S1251_E1251_ATMS_n20_MSGgrid.nc
There was a key error (probably due to hail class and nans) in file:  /data/sat/products/PMW_sats/MWCCH_hail_probability/netcdf_MSG_grid/2021/07/25/20210725_S1251_E1251_ATMS_n20_MSGgrid.nc
There was a key error (probably due to hail class and nans) in file:  /data/sat/products/PMW_sats/MWCCH_hail_probability/netcdf_MSG_grid/2021/07/25/20210725_S1251_E1251_ATMS_n20_MSGgrid.nc
There was a key error (probably due to hail class and nans) in file:  /data/sat/products/PMW_sats/MWCCH_hail_probability/netcdf_MSG_grid/2021/07/25/20210725_S1251_E1251_ATMS_n20_MSGgrid.nc
There was a key error (probably due to hail class and nans) in file:  /data/sat/products/PMW_sats/MWCCH_hail_probability/netcdf_MSG_grid/2021/07/25/20210725_S1251_E1251_ATMS_n20_MSGgrid.nc
There was a key error (probably due to hail class and nans) in file:  /data/sat/products/PMW_sats/MWCCH_hail_probability/netcdf_MSG_grid/2021/07/27/20210727_S0211_E0211_GMI_gpm_MSGgrid.nc
There was a key error (probably due to hail class and nans) in file:  /data/sat/products/PMW_sats/MWCCH_hail_probability/netcdf_MSG_grid/2021/07/27/20210727_S0211_E0211_GMI_gpm_MSGgrid.nc
There was a key error (probably due to hail class and nans) in file:  /data/sat/products/PMW_sats/MWCCH_hail_probability/netcdf_MSG_grid/2021/07/27/20210727_S0211_E0211_GMI_gpm_MSGgrid.nc
There was a key error (probably due to hail class and nans) in file:  /data/sat/products/PMW_sats/MWCCH_hail_probability/netcdf_MSG_grid/2021/07/27/20210727_S0211_E0211_GMI_gpm_MSGgrid.nc
There was a key error (probably due to hail class and nans) in file:  /data/sat/products/PMW_sats/MWCCH_hail_probability/netcdf_MSG_grid/2021/07/27/20210727_S0211_E0211_GMI_gpm_MSGgrid.nc
There was a key error (probably due to hail class and nans) in file:  /data/sat/products/PMW_sats/MWCCH_hail_probability/netcdf_MSG_grid/2021/07/27/20210727_S0211_E0211_GMI_gpm_MSGgrid.nc
There was a key error (probably due to hail class and nans) in file:  /data/sat/products/PMW_sats/MWCCH_hail_probability/netcdf_MSG_grid/2021/07/27/20210727_S0211_E0211_GMI_gpm_MSGgrid.nc
There was a key error (probably due to hail class and nans) in file:  /data/sat/products/PMW_sats/MWCCH_hail_probability/netcdf_MSG_grid/2021/07/27/20210727_S0211_E0211_GMI_gpm_MSGgrid.nc
There was a key error (probably due to hail class and nans) in file:  /data/sat/products/PMW_sats/MWCCH_hail_probability/netcdf_MSG_grid/2021/07/27/20210727_S0211_E0211_GMI_gpm_MSGgrid.nc
There was a key error (probably due to hail class and nans) in file:  /data/sat/products/PMW_sats/MWCCH_hail_probability/netcdf_MSG_grid/2021/07/27/20210727_S0211_E0211_GMI_gpm_MSGgrid.nc
There was a key error (probably due to hail class and nans) in file:  /data/sat/products/PMW_sats/MWCCH_hail_probability/netcdf_MSG_grid/2021/07/27/20210727_S0211_E0211_GMI_gpm_MSGgrid.nc
There was a key error (probably due to hail class and nans) in file:  /data/sat/products/PMW_sats/MWCCH_hail_probability/netcdf_MSG_grid/2021/07/27/20210727_S0211_E0211_GMI_gpm_MSGgrid.nc
There was a key error (probably due to hail class and nans) in file:  /data/sat/products/PMW_sats/MWCCH_hail_probability/netcdf_MSG_grid/2021/07/27/20210727_S0211_E0211_GMI_gpm_MSGgrid.nc
There was a key error (probably due to hail class and nans) in file:  /data/sat/products/PMW_sats/MWCCH_hail_probability/netcdf_MSG_grid/2021/08/10/20210810_S1251_E1251_ATMS_n20_MSGgrid.nc
There was a key error (probably due to hail class and nans) in file:  /data/sat/products/PMW_sats/MWCCH_hail_probability/netcdf_MSG_grid/2021/08/10/20210810_S1251_E1251_ATMS_n20_MSGgrid.nc
There was a key error (probably due to hail class and nans) in file:  /data/sat/products/PMW_sats/MWCCH_hail_probability/netcdf_MSG_grid/2021/08/10/20210810_S1251_E1251_ATMS_n20_MSGgrid.nc
There was a key error (probably due to hail class and nans) in file:  /data/sat/products/PMW_sats/MWCCH_hail_probability/netcdf_MSG_grid/2021/08/10/20210810_S1251_E1251_ATMS_n20_MSGgrid.nc
There was a key error (probably due to hail class and nans) in file:  /data/sat/products/PMW_sats/MWCCH_hail_probability/netcdf_MSG_grid/2021/08/10/20210810_S1251_E1251_ATMS_n20_MSGgrid.nc
There was a key error (probably due to hail class and nans) in file:  /data/sat/products/PMW_sats/MWCCH_hail_probability/netcdf_MSG_grid/2021/08/10/20210810_S1251_E1251_ATMS_n20_MSGgrid.nc
There was a key error (probably due to hail class and nans) in file:  /data/sat/products/PMW_sats/MWCCH_hail_probability/netcdf_MSG_grid/2021/08/10/20210810_S1251_E1251_ATMS_n20_MSGgrid.nc
There was a key error (probably due to hail class and nans) in file:  /data/sat/products/PMW_sats/MWCCH_hail_probability/netcdf_MSG_grid/2021/08/10/20210810_S1251_E1251_ATMS_n20_MSGgrid.nc
There was a key error (probably due to hail class and nans) in file:  /data/sat/products/PMW_sats/MWCCH_hail_probability/netcdf_MSG_grid/2021/08/10/20210810_S1251_E1251_ATMS_n20_MSGgrid.nc
There was a key error (probably due to hail class and nans) in file:  /data/sat/products/PMW_sats/MWCCH_hail_probability/netcdf_MSG_grid/2021/08/10/20210810_S1251_E1251_ATMS_n20_MSGgrid.nc
There was a key error (probably due to hail class and nans) in file:  /data/sat/products/PMW_sats/MWCCH_hail_probability/netcdf_MSG_grid/2021/08/10/20210810_S1251_E1251_ATMS_n20_MSGgrid.nc
There was a key error (probably due to hail class and nans) in file:  /data/sat/products/PMW_sats/MWCCH_hail_probability/netcdf_MSG_grid/2021/08/10/20210810_S1251_E1251_ATMS_n20_MSGgrid.nc
There was a key error (probably due to hail class and nans) in file:  /data/sat/products/PMW_sats/MWCCH_hail_probability/netcdf_MSG_grid/2021/08/10/20210810_S1251_E1251_ATMS_n20_MSGgrid.nc
There was a key error (probably due to hail class and nans) in file:  /data/sat/products/PMW_sats/MWCCH_hail_probability/netcdf_MSG_grid/2021/08/10/20210810_S1251_E1251_ATMS_n20_MSGgrid.nc
There was a key error (probably due to hail class and nans) in file:  /data/sat/products/PMW_sats/MWCCH_hail_probability/netcdf_MSG_grid/2021/08/10/20210810_S1251_E1251_ATMS_n20_MSGgrid.nc
There was a key error (probably due to hail class and nans) in file:  /data/sat/products/PMW_sats/MWCCH_hail_probability/netcdf_MSG_grid/2021/08/10/20210810_S1251_E1251_ATMS_n20_MSGgrid.nc
There was a key error (probably due to hail class and nans) in file:  /data/sat/products/PMW_sats/MWCCH_hail_probability/netcdf_MSG_grid/2021/08/10/20210810_S1251_E1251_ATMS_n20_MSGgrid.nc
There was a key error (probably due to hail class and nans) in file:  /data/sat/products/PMW_sats/MWCCH_hail_probability/netcdf_MSG_grid/2021/08/13/20210813_S2312_E2312_GMI_gpm_MSGgrid.nc
There was a key error (probably due to hail class and nans) in file:  /data/sat/products/PMW_sats/MWCCH_hail_probability/netcdf_MSG_grid/2021/08/13/20210813_S2312_E2312_GMI_gpm_MSGgrid.nc
There was a key error (probably due to hail class and nans) in file:  /data/sat/products/PMW_sats/MWCCH_hail_probability/netcdf_MSG_grid/2021/08/13/20210813_S2312_E2312_GMI_gpm_MSGgrid.nc
There was a key error (probably due to hail class and nans) in file:  /data/sat/products/PMW_sats/MWCCH_hail_probability/netcdf_MSG_grid/2021/08/13/20210813_S2312_E2312_GMI_gpm_MSGgrid.nc
There was a key error (probably due to hail class and nans) in file:  /data/sat/products/PMW_sats/MWCCH_hail_probability/netcdf_MSG_grid/2021/08/13/20210813_S2312_E2312_GMI_gpm_MSGgrid.nc
There was a key error (probably due to hail class and nans) in file:  /data/sat/products/PMW_sats/MWCCH_hail_probability/netcdf_MSG_grid/2021/08/13/20210813_S2312_E2312_GMI_gpm_MSGgrid.nc
There was a key error (probably due to hail class and nans) in file:  /data/sat/products/PMW_sats/MWCCH_hail_probability/netcdf_MSG_grid/2021/08/13/20210813_S2312_E2312_GMI_gpm_MSGgrid.nc
There was a key error (probably due to hail class and nans) in file:  /data/sat/products/PMW_sats/MWCCH_hail_probability/netcdf_MSG_grid/2021/08/13/20210813_S2312_E2312_GMI_gpm_MSGgrid.nc
There was a key error (probably due to hail class and nans) in file:  /data/sat/products/PMW_sats/MWCCH_hail_probability/netcdf_MSG_grid/2021/08/13/20210813_S2312_E2312_GMI_gpm_MSGgrid.nc
There was a key error (probably due to hail class and nans) in file:  /data/sat/products/PMW_sats/MWCCH_hail_probability/netcdf_MSG_grid/2021/08/13/20210813_S2312_E2312_GMI_gpm_MSGgrid.nc
There was a key error (probably due to hail class and nans) in file:  /data/sat/products/PMW_sats/MWCCH_hail_probability/netcdf_MSG_grid/2021/08/13/20210813_S2312_E2312_GMI_gpm_MSGgrid.nc
There was a key error (probably due to hail class and nans) in file:  /data/sat/products/PMW_sats/MWCCH_hail_probability/netcdf_MSG_grid/2021/08/13/20210813_S2312_E2312_GMI_gpm_MSGgrid.nc
There was a key error (probably due to hail class and nans) in file:  /data/sat/products/PMW_sats/MWCCH_hail_probability/netcdf_MSG_grid/2021/08/13/20210813_S2312_E2312_GMI_gpm_MSGgrid.nc
There was a key error (probably due to hail class and nans) in file:  /data/sat/products/PMW_sats/MWCCH_hail_probability/netcdf_MSG_grid/2021/08/13/20210813_S2312_E2312_GMI_gpm_MSGgrid.nc
There was a key error (probably due to hail class and nans) in file:  /data/sat/products/PMW_sats/MWCCH_hail_probability/netcdf_MSG_grid/2021/08/13/20210813_S2312_E2312_GMI_gpm_MSGgrid.nc
There was a key error (probably due to hail class and nans) in file:  /data/sat/products/PMW_sats/MWCCH_hail_probability/netcdf_MSG_grid/2021/08/13/20210813_S2312_E2312_GMI_gpm_MSGgrid.nc
There was a key error (probably due to hail class and nans) in file:  /data/sat/products/PMW_sats/MWCCH_hail_probability/netcdf_MSG_grid/2021/08/26/20210826_S1251_E1251_ATMS_n20_MSGgrid.nc
There was a key error (probably due to hail class and nans) in file:  /data/sat/products/PMW_sats/MWCCH_hail_probability/netcdf_MSG_grid/2021/08/26/20210826_S1251_E1251_ATMS_n20_MSGgrid.nc
There was a key error (probably due to hail class and nans) in file:  /data/sat/products/PMW_sats/MWCCH_hail_probability/netcdf_MSG_grid/2021/08/26/20210826_S1251_E1251_ATMS_n20_MSGgrid.nc
There was a key error (probably due to hail class and nans) in file:  /data/sat/products/PMW_sats/MWCCH_hail_probability/netcdf_MSG_grid/2021/08/26/20210826_S1251_E1251_ATMS_n20_MSGgrid.nc
There was a key error (probably due to hail class and nans) in file:  /data/sat/products/PMW_sats/MWCCH_hail_probability/netcdf_MSG_grid/2021/08/26/20210826_S1251_E1251_ATMS_n20_MSGgrid.nc
There was a key error (probably due to hail class and nans) in file:  /data/sat/products/PMW_sats/MWCCH_hail_probability/netcdf_MSG_grid/2021/08/26/20210826_S1251_E1251_ATMS_n20_MSGgrid.nc
There was a key error (probably due to hail class and nans) in file:  /data/sat/products/PMW_sats/MWCCH_hail_probability/netcdf_MSG_grid/2021/08/26/20210826_S1251_E1251_ATMS_n20_MSGgrid.nc
There was a key error (probably due to hail class and nans) in file:  /data/sat/products/PMW_sats/MWCCH_hail_probability/netcdf_MSG_grid/2021/08/26/20210826_S1251_E1251_ATMS_n20_MSGgrid.nc
There was a key error (probably due to hail class and nans) in file:  /data/sat/products/PMW_sats/MWCCH_hail_probability/netcdf_MSG_grid/2021/08/26/20210826_S1251_E1251_ATMS_n20_MSGgrid.nc
There was a key error (probably due to hail class and nans) in file:  /data/sat/products/PMW_sats/MWCCH_hail_probability/netcdf_MSG_grid/2021/08/26/20210826_S1251_E1251_ATMS_n20_MSGgrid.nc
There was a key error (probably due to hail class and nans) in file:  /data/sat/products/PMW_sats/MWCCH_hail_probability/netcdf_MSG_grid/2021/08/26/20210826_S1251_E1251_ATMS_n20_MSGgrid.nc
There was a key error (probably due to hail class and nans) in file:  /data/sat/products/PMW_sats/MWCCH_hail_probability/netcdf_MSG_grid/2021/08/26/20210826_S1251_E1251_ATMS_n20_MSGgrid.nc
There was a key error (probably due to hail class and nans) in file:  /data/sat/products/PMW_sats/MWCCH_hail_probability/netcdf_MSG_grid/2021/08/26/20210826_S1251_E1251_ATMS_n20_MSGgrid.nc
There was a key error (probably due to hail class and nans) in file:  /data/sat/products/PMW_sats/MWCCH_hail_probability/netcdf_MSG_grid/2021/08/26/20210826_S1251_E1251_ATMS_n20_MSGgrid.nc
There was a key error (probably due to hail class and nans) in file:  /data/sat/products/PMW_sats/MWCCH_hail_probability/netcdf_MSG_grid/2021/08/26/20210826_S1251_E1251_ATMS_n20_MSGgrid.nc
There was a key error (probably due to hail class and nans) in file:  /data/sat/products/PMW_sats/MWCCH_hail_probability/netcdf_MSG_grid/2021/08/26/20210826_S1251_E1251_ATMS_n20_MSGgrid.nc
There was a key error (probably due to hail class and nans) in file:  /data/sat/products/PMW_sats/MWCCH_hail_probability/netcdf_MSG_grid/2021/09/10/20210910_S1559_E1559_SSMIS_f17_MSGgrid.nc
There was a key error (probably due to hail class and nans) in file:  /data/sat/products/PMW_sats/MWCCH_hail_probability/netcdf_MSG_grid/2021/09/10/20210910_S1559_E1559_SSMIS_f17_MSGgrid.nc
There was a key error (probably due to hail class and nans) in file:  /data/sat/products/PMW_sats/MWCCH_hail_probability/netcdf_MSG_grid/2021/09/10/20210910_S1559_E1559_SSMIS_f17_MSGgrid.nc
There was a key error (probably due to hail class and nans) in file:  /data/sat/products/PMW_sats/MWCCH_hail_probability/netcdf_MSG_grid/2021/09/10/20210910_S1559_E1559_SSMIS_f17_MSGgrid.nc
There was a key error (probably due to hail class and nans) in file:  /data/sat/products/PMW_sats/MWCCH_hail_probability/netcdf_MSG_grid/2021/09/10/20210910_S1559_E1559_SSMIS_f17_MSGgrid.nc
There was a key error (probably due to hail class and nans) in file:  /data/sat/products/PMW_sats/MWCCH_hail_probability/netcdf_MSG_grid/2021/09/10/20210910_S1559_E1559_SSMIS_f17_MSGgrid.nc
There was a key error (probably due to hail class and nans) in file:  /data/sat/products/PMW_sats/MWCCH_hail_probability/netcdf_MSG_grid/2021/09/10/20210910_S1559_E1559_SSMIS_f17_MSGgrid.nc
There was a key error (probably due to hail class and nans) in file:  /data/sat/products/PMW_sats/MWCCH_hail_probability/netcdf_MSG_grid/2021/09/10/20210910_S1559_E1559_SSMIS_f17_MSGgrid.nc
There was a key error (probably due to hail class and nans) in file:  /data/sat/products/PMW_sats/MWCCH_hail_probability/netcdf_MSG_grid/2021/09/10/20210910_S1559_E1559_SSMIS_f17_MSGgrid.nc
There was a key error (probably due to hail class and nans) in file:  /data/sat/products/PMW_sats/MWCCH_hail_probability/netcdf_MSG_grid/2021/09/10/20210910_S1559_E1559_SSMIS_f17_MSGgrid.nc
There was a key error (probably due to hail class and nans) in file:  /data/sat/products/PMW_sats/MWCCH_hail_probability/netcdf_MSG_grid/2021/09/10/20210910_S1559_E1559_SSMIS_f17_MSGgrid.nc
There was a key error (probably due to hail class and nans) in file:  /data/sat/products/PMW_sats/MWCCH_hail_probability/netcdf_MSG_grid/2021/09/11/20210911_S1251_E1251_ATMS_n20_MSGgrid.nc
There was a key error (probably due to hail class and nans) in file:  /data/sat/products/PMW_sats/MWCCH_hail_probability/netcdf_MSG_grid/2021/09/11/20210911_S1251_E1251_ATMS_n20_MSGgrid.nc
There was a key error (probably due to hail class and nans) in file:  /data/sat/products/PMW_sats/MWCCH_hail_probability/netcdf_MSG_grid/2021/09/11/20210911_S1251_E1251_ATMS_n20_MSGgrid.nc
There was a key error (probably due to hail class and nans) in file:  /data/sat/products/PMW_sats/MWCCH_hail_probability/netcdf_MSG_grid/2021/09/11/20210911_S1251_E1251_ATMS_n20_MSGgrid.nc
There was a key error (probably due to hail class and nans) in file:  /data/sat/products/PMW_sats/MWCCH_hail_probability/netcdf_MSG_grid/2021/09/11/20210911_S1251_E1251_ATMS_n20_MSGgrid.nc
There was a key error (probably due to hail class and nans) in file:  /data/sat/products/PMW_sats/MWCCH_hail_probability/netcdf_MSG_grid/2021/09/11/20210911_S1251_E1251_ATMS_n20_MSGgrid.nc
There was a key error (probably due to hail class and nans) in file:  /data/sat/products/PMW_sats/MWCCH_hail_probability/netcdf_MSG_grid/2021/09/11/20210911_S1251_E1251_ATMS_n20_MSGgrid.nc
There was a key error (probably due to hail class and nans) in file:  /data/sat/products/PMW_sats/MWCCH_hail_probability/netcdf_MSG_grid/2021/09/11/20210911_S1251_E1251_ATMS_n20_MSGgrid.nc
There was a key error (probably due to hail class and nans) in file:  /data/sat/products/PMW_sats/MWCCH_hail_probability/netcdf_MSG_grid/2021/09/11/20210911_S1251_E1251_ATMS_n20_MSGgrid.nc
There was a key error (probably due to hail class and nans) in file:  /data/sat/products/PMW_sats/MWCCH_hail_probability/netcdf_MSG_grid/2021/09/11/20210911_S1251_E1251_ATMS_n20_MSGgrid.nc
There was a key error (probably due to hail class and nans) in file:  /data/sat/products/PMW_sats/MWCCH_hail_probability/netcdf_MSG_grid/2021/09/11/20210911_S1251_E1251_ATMS_n20_MSGgrid.nc
There was a key error (probably due to hail class and nans) in file:  /data/sat/products/PMW_sats/MWCCH_hail_probability/netcdf_MSG_grid/2021/09/11/20210911_S1251_E1251_ATMS_n20_MSGgrid.nc
There was a key error (probably due to hail class and nans) in file:  /data/sat/products/PMW_sats/MWCCH_hail_probability/netcdf_MSG_grid/2021/09/11/20210911_S1251_E1251_ATMS_n20_MSGgrid.nc
There was a key error (probably due to hail class and nans) in file:  /data/sat/products/PMW_sats/MWCCH_hail_probability/netcdf_MSG_grid/2021/09/11/20210911_S1251_E1251_ATMS_n20_MSGgrid.nc
There was a key error (probably due to hail class and nans) in file:  /data/sat/products/PMW_sats/MWCCH_hail_probability/netcdf_MSG_grid/2021/09/11/20210911_S1251_E1251_ATMS_n20_MSGgrid.nc
There was a key error (probably due to hail class and nans) in file:  /data/sat/products/PMW_sats/MWCCH_hail_probability/netcdf_MSG_grid/2021/09/11/20210911_S1251_E1251_ATMS_n20_MSGgrid.nc
There was a key error (probably due to hail class and nans) in file:  /data/sat/products/PMW_sats/MWCCH_hail_probability/netcdf_MSG_grid/2021/09/11/20210911_S1251_E1251_ATMS_n20_MSGgrid.nc
There was a key error (probably due to hail class and nans) in file:  /data/sat/products/PMW_sats/MWCCH_hail_probability/netcdf_MSG_grid/2021/09/11/20210911_S1251_E1251_ATMS_n20_MSGgrid.nc
39000
There was a key error (probably due to hail class and nans) in file:  /data/sat/products/PMW_sats/MWCCH_hail_probability/netcdf_MSG_grid/2021/09/27/20210927_S1251_E1251_ATMS_n20_MSGgrid.nc
There was a key error (probably due to hail class and nans) in file:  /data/sat/products/PMW_sats/MWCCH_hail_probability/netcdf_MSG_grid/2021/09/27/20210927_S1251_E1251_ATMS_n20_MSGgrid.nc
There was a key error (probably due to hail class and nans) in file:  /data/sat/products/PMW_sats/MWCCH_hail_probability/netcdf_MSG_grid/2021/09/27/20210927_S1251_E1251_ATMS_n20_MSGgrid.nc
There was a key error (probably due to hail class and nans) in file:  /data/sat/products/PMW_sats/MWCCH_hail_probability/netcdf_MSG_grid/2021/09/27/20210927_S1251_E1251_ATMS_n20_MSGgrid.nc
There was a key error (probably due to hail class and nans) in file:  /data/sat/products/PMW_sats/MWCCH_hail_probability/netcdf_MSG_grid/2021/09/27/20210927_S1251_E1251_ATMS_n20_MSGgrid.nc
There was a key error (probably due to hail class and nans) in file:  /data/sat/products/PMW_sats/MWCCH_hail_probability/netcdf_MSG_grid/2021/09/27/20210927_S1251_E1251_ATMS_n20_MSGgrid.nc
There was a key error (probably due to hail class and nans) in file:  /data/sat/products/PMW_sats/MWCCH_hail_probability/netcdf_MSG_grid/2021/09/27/20210927_S1251_E1251_ATMS_n20_MSGgrid.nc
There was a key error (probably due to hail class and nans) in file:  /data/sat/products/PMW_sats/MWCCH_hail_probability/netcdf_MSG_grid/2021/09/27/20210927_S1251_E1251_ATMS_n20_MSGgrid.nc
There was a key error (probably due to hail class and nans) in file:  /data/sat/products/PMW_sats/MWCCH_hail_probability/netcdf_MSG_grid/2021/09/27/20210927_S1251_E1251_ATMS_n20_MSGgrid.nc
There was a key error (probably due to hail class and nans) in file:  /data/sat/products/PMW_sats/MWCCH_hail_probability/netcdf_MSG_grid/2021/09/27/20210927_S1251_E1251_ATMS_n20_MSGgrid.nc
There was a key error (probably due to hail class and nans) in file:  /data/sat/products/PMW_sats/MWCCH_hail_probability/netcdf_MSG_grid/2021/09/27/20210927_S1251_E1251_ATMS_n20_MSGgrid.nc
There was a key error (probably due to hail class and nans) in file:  /data/sat/products/PMW_sats/MWCCH_hail_probability/netcdf_MSG_grid/2021/09/27/20210927_S1251_E1251_ATMS_n20_MSGgrid.nc
There was a key error (probably due to hail class and nans) in file:  /data/sat/products/PMW_sats/MWCCH_hail_probability/netcdf_MSG_grid/2021/09/27/20210927_S1251_E1251_ATMS_n20_MSGgrid.nc
There was a key error (probably due to hail class and nans) in file:  /data/sat/products/PMW_sats/MWCCH_hail_probability/netcdf_MSG_grid/2021/09/27/20210927_S1251_E1251_ATMS_n20_MSGgrid.nc
There was a key error (probably due to hail class and nans) in file:  /data/sat/products/PMW_sats/MWCCH_hail_probability/netcdf_MSG_grid/2021/09/27/20210927_S1251_E1251_ATMS_n20_MSGgrid.nc
There was a key error (probably due to hail class and nans) in file:  /data/sat/products/PMW_sats/MWCCH_hail_probability/netcdf_MSG_grid/2021/09/27/20210927_S1251_E1251_ATMS_n20_MSGgrid.nc
There was a key error (probably due to hail class and nans) in file:  /data/sat/products/PMW_sats/MWCCH_hail_probability/netcdf_MSG_grid/2022/04/01/20220401_S1010_E1010_MHS_meto01_MSGgrid.nc
There was a key error (probably due to hail class and nans) in file:  /data/sat/products/PMW_sats/MWCCH_hail_probability/netcdf_MSG_grid/2022/04/01/20220401_S1010_E1010_MHS_meto01_MSGgrid.nc
There was a key error (probably due to hail class and nans) in file:  /data/sat/products/PMW_sats/MWCCH_hail_probability/netcdf_MSG_grid/2022/04/01/20220401_S1010_E1010_MHS_meto01_MSGgrid.nc
There was a key error (probably due to hail class and nans) in file:  /data/sat/products/PMW_sats/MWCCH_hail_probability/netcdf_MSG_grid/2022/04/01/20220401_S1010_E1010_MHS_meto01_MSGgrid.nc
There was a key error (probably due to hail class and nans) in file:  /data/sat/products/PMW_sats/MWCCH_hail_probability/netcdf_MSG_grid/2022/04/01/20220401_S1010_E1010_MHS_meto01_MSGgrid.nc
There was a key error (probably due to hail class and nans) in file:  /data/sat/products/PMW_sats/MWCCH_hail_probability/netcdf_MSG_grid/2022/04/01/20220401_S1010_E1010_MHS_meto01_MSGgrid.nc
There was a key error (probably due to hail class and nans) in file:  /data/sat/products/PMW_sats/MWCCH_hail_probability/netcdf_MSG_grid/2022/04/01/20220401_S1010_E1010_MHS_meto01_MSGgrid.nc
There was a key error (probably due to hail class and nans) in file:  /data/sat/products/PMW_sats/MWCCH_hail_probability/netcdf_MSG_grid/2022/04/01/20220401_S1010_E1010_MHS_meto01_MSGgrid.nc
There was a key error (probably due to hail class and nans) in file:  /data/sat/products/PMW_sats/MWCCH_hail_probability/netcdf_MSG_grid/2022/04/01/20220401_S1010_E1010_MHS_meto01_MSGgrid.nc
There was a key error (probably due to hail class and nans) in file:  /data/sat/products/PMW_sats/MWCCH_hail_probability/netcdf_MSG_grid/2022/04/01/20220401_S1010_E1010_MHS_meto01_MSGgrid.nc
There was a key error (probably due to hail class and nans) in file:  /data/sat/products/PMW_sats/MWCCH_hail_probability/netcdf_MSG_grid/2022/04/01/20220401_S1010_E1010_MHS_meto01_MSGgrid.nc
There was a key error (probably due to hail class and nans) in file:  /data/sat/products/PMW_sats/MWCCH_hail_probability/netcdf_MSG_grid/2022/04/01/20220401_S1010_E1010_MHS_meto01_MSGgrid.nc
There was a key error (probably due to hail class and nans) in file:  /data/sat/products/PMW_sats/MWCCH_hail_probability/netcdf_MSG_grid/2022/04/01/20220401_S1010_E1010_MHS_meto01_MSGgrid.nc
There was a key error (probably due to hail class and nans) in file:  /data/sat/products/PMW_sats/MWCCH_hail_probability/netcdf_MSG_grid/2022/04/01/20220401_S1010_E1010_MHS_meto01_MSGgrid.nc
There was a key error (probably due to hail class and nans) in file:  /data/sat/products/PMW_sats/MWCCH_hail_probability/netcdf_MSG_grid/2022/04/01/20220401_S1010_E1010_MHS_meto01_MSGgrid.nc
There was a key error (probably due to hail class and nans) in file:  /data/sat/products/PMW_sats/MWCCH_hail_probability/netcdf_MSG_grid/2022/04/01/20220401_S1010_E1010_MHS_meto01_MSGgrid.nc
There was a key error (probably due to hail class and nans) in file:  /data/sat/products/PMW_sats/MWCCH_hail_probability/netcdf_MSG_grid/2022/04/01/20220401_S1010_E1010_MHS_meto01_MSGgrid.nc
There was a key error (probably due to hail class and nans) in file:  /data/sat/products/PMW_sats/MWCCH_hail_probability/netcdf_MSG_grid/2022/04/01/20220401_S1010_E1010_MHS_meto01_MSGgrid.nc
There was a key error (probably due to hail class and nans) in file:  /data/sat/products/PMW_sats/MWCCH_hail_probability/netcdf_MSG_grid/2022/04/04/20220404_S0300_E0300_GMI_gpm_MSGgrid.nc
There was a key error (probably due to hail class and nans) in file:  /data/sat/products/PMW_sats/MWCCH_hail_probability/netcdf_MSG_grid/2022/04/04/20220404_S0300_E0300_GMI_gpm_MSGgrid.nc
There was a key error (probably due to hail class and nans) in file:  /data/sat/products/PMW_sats/MWCCH_hail_probability/netcdf_MSG_grid/2022/04/04/20220404_S0300_E0300_GMI_gpm_MSGgrid.nc
There was a key error (probably due to hail class and nans) in file:  /data/sat/products/PMW_sats/MWCCH_hail_probability/netcdf_MSG_grid/2022/04/04/20220404_S0300_E0300_GMI_gpm_MSGgrid.nc
There was a key error (probably due to hail class and nans) in file:  /data/sat/products/PMW_sats/MWCCH_hail_probability/netcdf_MSG_grid/2022/04/04/20220404_S0300_E0300_GMI_gpm_MSGgrid.nc
There was a key error (probably due to hail class and nans) in file:  /data/sat/products/PMW_sats/MWCCH_hail_probability/netcdf_MSG_grid/2022/04/04/20220404_S0300_E0300_GMI_gpm_MSGgrid.nc
There was a key error (probably due to hail class and nans) in file:  /data/sat/products/PMW_sats/MWCCH_hail_probability/netcdf_MSG_grid/2022/04/04/20220404_S0300_E0300_GMI_gpm_MSGgrid.nc
There was a key error (probably due to hail class and nans) in file:  /data/sat/products/PMW_sats/MWCCH_hail_probability/netcdf_MSG_grid/2022/04/04/20220404_S0300_E0300_GMI_gpm_MSGgrid.nc
There was a key error (probably due to hail class and nans) in file:  /data/sat/products/PMW_sats/MWCCH_hail_probability/netcdf_MSG_grid/2022/04/13/20220413_S0517_E0517_SSMIS_f17_MSGgrid.nc
There was a key error (probably due to hail class and nans) in file:  /data/sat/products/PMW_sats/MWCCH_hail_probability/netcdf_MSG_grid/2022/04/13/20220413_S0517_E0517_SSMIS_f17_MSGgrid.nc
There was a key error (probably due to hail class and nans) in file:  /data/sat/products/PMW_sats/MWCCH_hail_probability/netcdf_MSG_grid/2022/04/13/20220413_S0517_E0517_SSMIS_f17_MSGgrid.nc
There was a key error (probably due to hail class and nans) in file:  /data/sat/products/PMW_sats/MWCCH_hail_probability/netcdf_MSG_grid/2022/04/13/20220413_S0517_E0517_SSMIS_f17_MSGgrid.nc
There was a key error (probably due to hail class and nans) in file:  /data/sat/products/PMW_sats/MWCCH_hail_probability/netcdf_MSG_grid/2022/04/13/20220413_S0517_E0517_SSMIS_f17_MSGgrid.nc
There was a key error (probably due to hail class and nans) in file:  /data/sat/products/PMW_sats/MWCCH_hail_probability/netcdf_MSG_grid/2022/04/13/20220413_S0517_E0517_SSMIS_f17_MSGgrid.nc
There was a key error (probably due to hail class and nans) in file:  /data/sat/products/PMW_sats/MWCCH_hail_probability/netcdf_MSG_grid/2022/04/13/20220413_S0517_E0517_SSMIS_f17_MSGgrid.nc
There was a key error (probably due to hail class and nans) in file:  /data/sat/products/PMW_sats/MWCCH_hail_probability/netcdf_MSG_grid/2022/05/02/20220502_S0744_E0744_SSMIS_f17_MSGgrid.nc
There was a key error (probably due to hail class and nans) in file:  /data/sat/products/PMW_sats/MWCCH_hail_probability/netcdf_MSG_grid/2022/05/02/20220502_S0744_E0744_SSMIS_f17_MSGgrid.nc
There was a key error (probably due to hail class and nans) in file:  /data/sat/products/PMW_sats/MWCCH_hail_probability/netcdf_MSG_grid/2022/05/02/20220502_S0744_E0744_SSMIS_f17_MSGgrid.nc
There was a key error (probably due to hail class and nans) in file:  /data/sat/products/PMW_sats/MWCCH_hail_probability/netcdf_MSG_grid/2022/05/02/20220502_S0744_E0744_SSMIS_f17_MSGgrid.nc
There was a key error (probably due to hail class and nans) in file:  /data/sat/products/PMW_sats/MWCCH_hail_probability/netcdf_MSG_grid/2022/05/02/20220502_S0744_E0744_SSMIS_f17_MSGgrid.nc
There was a key error (probably due to hail class and nans) in file:  /data/sat/products/PMW_sats/MWCCH_hail_probability/netcdf_MSG_grid/2022/05/02/20220502_S0744_E0744_SSMIS_f17_MSGgrid.nc
There was a key error (probably due to hail class and nans) in file:  /data/sat/products/PMW_sats/MWCCH_hail_probability/netcdf_MSG_grid/2022/05/13/20220513_S0733_E0733_GMI_gpm_MSGgrid.nc
There was a key error (probably due to hail class and nans) in file:  /data/sat/products/PMW_sats/MWCCH_hail_probability/netcdf_MSG_grid/2022/05/13/20220513_S0733_E0733_GMI_gpm_MSGgrid.nc
There was a key error (probably due to hail class and nans) in file:  /data/sat/products/PMW_sats/MWCCH_hail_probability/netcdf_MSG_grid/2022/05/13/20220513_S0733_E0733_GMI_gpm_MSGgrid.nc
There was a key error (probably due to hail class and nans) in file:  /data/sat/products/PMW_sats/MWCCH_hail_probability/netcdf_MSG_grid/2022/05/13/20220513_S0733_E0733_GMI_gpm_MSGgrid.nc
There was a key error (probably due to hail class and nans) in file:  /data/sat/products/PMW_sats/MWCCH_hail_probability/netcdf_MSG_grid/2022/05/13/20220513_S0733_E0733_GMI_gpm_MSGgrid.nc
There was a key error (probably due to hail class and nans) in file:  /data/sat/products/PMW_sats/MWCCH_hail_probability/netcdf_MSG_grid/2022/05/13/20220513_S0733_E0733_GMI_gpm_MSGgrid.nc
There was a key error (probably due to hail class and nans) in file:  /data/sat/products/PMW_sats/MWCCH_hail_probability/netcdf_MSG_grid/2022/05/13/20220513_S0733_E0733_GMI_gpm_MSGgrid.nc
There was a key error (probably due to hail class and nans) in file:  /data/sat/products/PMW_sats/MWCCH_hail_probability/netcdf_MSG_grid/2022/05/13/20220513_S0733_E0733_GMI_gpm_MSGgrid.nc
There was a key error (probably due to hail class and nans) in file:  /data/sat/products/PMW_sats/MWCCH_hail_probability/netcdf_MSG_grid/2022/05/13/20220513_S0733_E0733_GMI_gpm_MSGgrid.nc
There was a key error (probably due to hail class and nans) in file:  /data/sat/products/PMW_sats/MWCCH_hail_probability/netcdf_MSG_grid/2022/05/13/20220513_S0733_E0733_GMI_gpm_MSGgrid.nc
There was a key error (probably due to hail class and nans) in file:  /data/sat/products/PMW_sats/MWCCH_hail_probability/netcdf_MSG_grid/2022/05/13/20220513_S0733_E0733_GMI_gpm_MSGgrid.nc
There was a key error (probably due to hail class and nans) in file:  /data/sat/products/PMW_sats/MWCCH_hail_probability/netcdf_MSG_grid/2022/05/13/20220513_S0733_E0733_GMI_gpm_MSGgrid.nc
There was a key error (probably due to hail class and nans) in file:  /data/sat/products/PMW_sats/MWCCH_hail_probability/netcdf_MSG_grid/2022/05/13/20220513_S0733_E0733_GMI_gpm_MSGgrid.nc
There was a key error (probably due to hail class and nans) in file:  /data/sat/products/PMW_sats/MWCCH_hail_probability/netcdf_MSG_grid/2022/05/13/20220513_S0733_E0733_GMI_gpm_MSGgrid.nc
There was a key error (probably due to hail class and nans) in file:  /data/sat/products/PMW_sats/MWCCH_hail_probability/netcdf_MSG_grid/2022/05/17/20220517_S1414_E1414_SSMIS_f16_MSGgrid.nc
There was a key error (probably due to hail class and nans) in file:  /data/sat/products/PMW_sats/MWCCH_hail_probability/netcdf_MSG_grid/2022/05/17/20220517_S1414_E1414_SSMIS_f16_MSGgrid.nc
There was a key error (probably due to hail class and nans) in file:  /data/sat/products/PMW_sats/MWCCH_hail_probability/netcdf_MSG_grid/2022/05/17/20220517_S1414_E1414_SSMIS_f16_MSGgrid.nc
There was a key error (probably due to hail class and nans) in file:  /data/sat/products/PMW_sats/MWCCH_hail_probability/netcdf_MSG_grid/2022/05/17/20220517_S1414_E1414_SSMIS_f16_MSGgrid.nc
There was a key error (probably due to hail class and nans) in file:  /data/sat/products/PMW_sats/MWCCH_hail_probability/netcdf_MSG_grid/2022/05/17/20220517_S1414_E1414_SSMIS_f16_MSGgrid.nc
There was a key error (probably due to hail class and nans) in file:  /data/sat/products/PMW_sats/MWCCH_hail_probability/netcdf_MSG_grid/2022/05/17/20220517_S1414_E1414_SSMIS_f16_MSGgrid.nc
There was a key error (probably due to hail class and nans) in file:  /data/sat/products/PMW_sats/MWCCH_hail_probability/netcdf_MSG_grid/2022/05/17/20220517_S1414_E1414_SSMIS_f16_MSGgrid.nc
There was a key error (probably due to hail class and nans) in file:  /data/sat/products/PMW_sats/MWCCH_hail_probability/netcdf_MSG_grid/2022/05/17/20220517_S1414_E1414_SSMIS_f16_MSGgrid.nc
There was a key error (probably due to hail class and nans) in file:  /data/sat/products/PMW_sats/MWCCH_hail_probability/netcdf_MSG_grid/2022/05/17/20220517_S1414_E1414_SSMIS_f16_MSGgrid.nc
There was a key error (probably due to hail class and nans) in file:  /data/sat/products/PMW_sats/MWCCH_hail_probability/netcdf_MSG_grid/2022/05/17/20220517_S1414_E1414_SSMIS_f16_MSGgrid.nc
There was a key error (probably due to hail class and nans) in file:  /data/sat/products/PMW_sats/MWCCH_hail_probability/netcdf_MSG_grid/2022/05/17/20220517_S1414_E1414_SSMIS_f16_MSGgrid.nc
There was a key error (probably due to hail class and nans) in file:  /data/sat/products/PMW_sats/MWCCH_hail_probability/netcdf_MSG_grid/2022/05/22/20220522_S0244_E0244_GMI_gpm_MSGgrid.nc
There was a key error (probably due to hail class and nans) in file:  /data/sat/products/PMW_sats/MWCCH_hail_probability/netcdf_MSG_grid/2022/05/22/20220522_S0244_E0244_GMI_gpm_MSGgrid.nc
There was a key error (probably due to hail class and nans) in file:  /data/sat/products/PMW_sats/MWCCH_hail_probability/netcdf_MSG_grid/2022/05/22/20220522_S0244_E0244_GMI_gpm_MSGgrid.nc
There was a key error (probably due to hail class and nans) in file:  /data/sat/products/PMW_sats/MWCCH_hail_probability/netcdf_MSG_grid/2022/05/22/20220522_S0244_E0244_GMI_gpm_MSGgrid.nc
There was a key error (probably due to hail class and nans) in file:  /data/sat/products/PMW_sats/MWCCH_hail_probability/netcdf_MSG_grid/2022/05/22/20220522_S0244_E0244_GMI_gpm_MSGgrid.nc
There was a key error (probably due to hail class and nans) in file:  /data/sat/products/PMW_sats/MWCCH_hail_probability/netcdf_MSG_grid/2022/05/22/20220522_S0244_E0244_GMI_gpm_MSGgrid.nc
There was a key error (probably due to hail class and nans) in file:  /data/sat/products/PMW_sats/MWCCH_hail_probability/netcdf_MSG_grid/2022/05/22/20220522_S0244_E0244_GMI_gpm_MSGgrid.nc
There was a key error (probably due to hail class and nans) in file:  /data/sat/products/PMW_sats/MWCCH_hail_probability/netcdf_MSG_grid/2022/05/22/20220522_S0244_E0244_GMI_gpm_MSGgrid.nc
There was a key error (probably due to hail class and nans) in file:  /data/sat/products/PMW_sats/MWCCH_hail_probability/netcdf_MSG_grid/2022/05/22/20220522_S0244_E0244_GMI_gpm_MSGgrid.nc
There was a key error (probably due to hail class and nans) in file:  /data/sat/products/PMW_sats/MWCCH_hail_probability/netcdf_MSG_grid/2022/05/22/20220522_S0244_E0244_GMI_gpm_MSGgrid.nc
There was a key error (probably due to hail class and nans) in file:  /data/sat/products/PMW_sats/MWCCH_hail_probability/netcdf_MSG_grid/2022/05/22/20220522_S0244_E0244_GMI_gpm_MSGgrid.nc
There was a key error (probably due to hail class and nans) in file:  /data/sat/products/PMW_sats/MWCCH_hail_probability/netcdf_MSG_grid/2022/05/22/20220522_S0244_E0244_GMI_gpm_MSGgrid.nc
There was a key error (probably due to hail class and nans) in file:  /data/sat/products/PMW_sats/MWCCH_hail_probability/netcdf_MSG_grid/2022/05/22/20220522_S0244_E0244_GMI_gpm_MSGgrid.nc
There was a key error (probably due to hail class and nans) in file:  /data/sat/products/PMW_sats/MWCCH_hail_probability/netcdf_MSG_grid/2022/05/22/20220522_S0244_E0244_GMI_gpm_MSGgrid.nc
There was a key error (probably due to hail class and nans) in file:  /data/sat/products/PMW_sats/MWCCH_hail_probability/netcdf_MSG_grid/2022/05/22/20220522_S0244_E0244_GMI_gpm_MSGgrid.nc
There was a key error (probably due to hail class and nans) in file:  /data/sat/products/PMW_sats/MWCCH_hail_probability/netcdf_MSG_grid/2022/05/22/20220522_S0244_E0244_GMI_gpm_MSGgrid.nc
There was a key error (probably due to hail class and nans) in file:  /data/sat/products/PMW_sats/MWCCH_hail_probability/netcdf_MSG_grid/2022/05/22/20220522_S0244_E0244_GMI_gpm_MSGgrid.nc
There was a key error (probably due to hail class and nans) in file:  /data/sat/products/PMW_sats/MWCCH_hail_probability/netcdf_MSG_grid/2022/05/22/20220522_S0244_E0244_GMI_gpm_MSGgrid.nc
40000
There was a key error (probably due to hail class and nans) in file:  /data/sat/products/PMW_sats/MWCCH_hail_probability/netcdf_MSG_grid/2022/06/02/20220602_S1111_E1111_ATMS_npp_MSGgrid.nc
There was a key error (probably due to hail class and nans) in file:  /data/sat/products/PMW_sats/MWCCH_hail_probability/netcdf_MSG_grid/2022/06/02/20220602_S1111_E1111_ATMS_npp_MSGgrid.nc
There was a key error (probably due to hail class and nans) in file:  /data/sat/products/PMW_sats/MWCCH_hail_probability/netcdf_MSG_grid/2022/06/02/20220602_S1111_E1111_ATMS_npp_MSGgrid.nc
There was a key error (probably due to hail class and nans) in file:  /data/sat/products/PMW_sats/MWCCH_hail_probability/netcdf_MSG_grid/2022/06/02/20220602_S1111_E1111_ATMS_npp_MSGgrid.nc
There was a key error (probably due to hail class and nans) in file:  /data/sat/products/PMW_sats/MWCCH_hail_probability/netcdf_MSG_grid/2022/06/02/20220602_S1111_E1111_ATMS_npp_MSGgrid.nc
There was a key error (probably due to hail class and nans) in file:  /data/sat/products/PMW_sats/MWCCH_hail_probability/netcdf_MSG_grid/2022/06/02/20220602_S1111_E1111_ATMS_npp_MSGgrid.nc
There was a key error (probably due to hail class and nans) in file:  /data/sat/products/PMW_sats/MWCCH_hail_probability/netcdf_MSG_grid/2022/06/02/20220602_S1111_E1111_ATMS_npp_MSGgrid.nc
There was a key error (probably due to hail class and nans) in file:  /data/sat/products/PMW_sats/MWCCH_hail_probability/netcdf_MSG_grid/2022/06/02/20220602_S1111_E1111_ATMS_npp_MSGgrid.nc
There was a key error (probably due to hail class and nans) in file:  /data/sat/products/PMW_sats/MWCCH_hail_probability/netcdf_MSG_grid/2022/06/02/20220602_S1111_E1111_ATMS_npp_MSGgrid.nc
There was a key error (probably due to hail class and nans) in file:  /data/sat/products/PMW_sats/MWCCH_hail_probability/netcdf_MSG_grid/2022/06/02/20220602_S1111_E1111_ATMS_npp_MSGgrid.nc
There was a key error (probably due to hail class and nans) in file:  /data/sat/products/PMW_sats/MWCCH_hail_probability/netcdf_MSG_grid/2022/06/02/20220602_S1111_E1111_ATMS_npp_MSGgrid.nc
There was a key error (probably due to hail class and nans) in file:  /data/sat/products/PMW_sats/MWCCH_hail_probability/netcdf_MSG_grid/2022/06/02/20220602_S1111_E1111_ATMS_npp_MSGgrid.nc
There was a key error (probably due to hail class and nans) in file:  /data/sat/products/PMW_sats/MWCCH_hail_probability/netcdf_MSG_grid/2022/06/02/20220602_S1111_E1111_ATMS_npp_MSGgrid.nc
There was a key error (probably due to hail class and nans) in file:  /data/sat/products/PMW_sats/MWCCH_hail_probability/netcdf_MSG_grid/2022/06/02/20220602_S1111_E1111_ATMS_npp_MSGgrid.nc
There was a key error (probably due to hail class and nans) in file:  /data/sat/products/PMW_sats/MWCCH_hail_probability/netcdf_MSG_grid/2022/06/02/20220602_S1111_E1111_ATMS_npp_MSGgrid.nc
There was a key error (probably due to hail class and nans) in file:  /data/sat/products/PMW_sats/MWCCH_hail_probability/netcdf_MSG_grid/2022/06/02/20220602_S1111_E1111_ATMS_npp_MSGgrid.nc
There was a key error (probably due to hail class and nans) in file:  /data/sat/products/PMW_sats/MWCCH_hail_probability/netcdf_MSG_grid/2022/06/02/20220602_S1111_E1111_ATMS_npp_MSGgrid.nc
There was a key error (probably due to hail class and nans) in file:  /data/sat/products/PMW_sats/MWCCH_hail_probability/netcdf_MSG_grid/2022/06/06/20220606_S0829_E0829_GMI_gpm_MSGgrid.nc
There was a key error (probably due to hail class and nans) in file:  /data/sat/products/PMW_sats/MWCCH_hail_probability/netcdf_MSG_grid/2022/06/06/20220606_S0829_E0829_GMI_gpm_MSGgrid.nc
There was a key error (probably due to hail class and nans) in file:  /data/sat/products/PMW_sats/MWCCH_hail_probability/netcdf_MSG_grid/2022/06/06/20220606_S0829_E0829_GMI_gpm_MSGgrid.nc
There was a key error (probably due to hail class and nans) in file:  /data/sat/products/PMW_sats/MWCCH_hail_probability/netcdf_MSG_grid/2022/06/06/20220606_S0829_E0829_GMI_gpm_MSGgrid.nc
There was a key error (probably due to hail class and nans) in file:  /data/sat/products/PMW_sats/MWCCH_hail_probability/netcdf_MSG_grid/2022/06/06/20220606_S0829_E0829_GMI_gpm_MSGgrid.nc
There was a key error (probably due to hail class and nans) in file:  /data/sat/products/PMW_sats/MWCCH_hail_probability/netcdf_MSG_grid/2022/06/06/20220606_S0829_E0829_GMI_gpm_MSGgrid.nc
There was a key error (probably due to hail class and nans) in file:  /data/sat/products/PMW_sats/MWCCH_hail_probability/netcdf_MSG_grid/2022/06/06/20220606_S0829_E0829_GMI_gpm_MSGgrid.nc
There was a key error (probably due to hail class and nans) in file:  /data/sat/products/PMW_sats/MWCCH_hail_probability/netcdf_MSG_grid/2022/06/06/20220606_S0829_E0829_GMI_gpm_MSGgrid.nc
There was a key error (probably due to hail class and nans) in file:  /data/sat/products/PMW_sats/MWCCH_hail_probability/netcdf_MSG_grid/2022/06/15/20220615_S0341_E0341_GMI_gpm_MSGgrid.nc
There was a key error (probably due to hail class and nans) in file:  /data/sat/products/PMW_sats/MWCCH_hail_probability/netcdf_MSG_grid/2022/06/15/20220615_S0341_E0341_GMI_gpm_MSGgrid.nc
There was a key error (probably due to hail class and nans) in file:  /data/sat/products/PMW_sats/MWCCH_hail_probability/netcdf_MSG_grid/2022/06/15/20220615_S0341_E0341_GMI_gpm_MSGgrid.nc
There was a key error (probably due to hail class and nans) in file:  /data/sat/products/PMW_sats/MWCCH_hail_probability/netcdf_MSG_grid/2022/06/23/20220623_S0122_E0122_GMI_gpm_MSGgrid.nc
There was a key error (probably due to hail class and nans) in file:  /data/sat/products/PMW_sats/MWCCH_hail_probability/netcdf_MSG_grid/2022/06/23/20220623_S0122_E0122_GMI_gpm_MSGgrid.nc
There was a key error (probably due to hail class and nans) in file:  /data/sat/products/PMW_sats/MWCCH_hail_probability/netcdf_MSG_grid/2022/06/23/20220623_S0122_E0122_GMI_gpm_MSGgrid.nc
There was a key error (probably due to hail class and nans) in file:  /data/sat/products/PMW_sats/MWCCH_hail_probability/netcdf_MSG_grid/2022/06/23/20220623_S0122_E0122_GMI_gpm_MSGgrid.nc
There was a key error (probably due to hail class and nans) in file:  /data/sat/products/PMW_sats/MWCCH_hail_probability/netcdf_MSG_grid/2022/06/23/20220623_S0122_E0122_GMI_gpm_MSGgrid.nc
There was a key error (probably due to hail class and nans) in file:  /data/sat/products/PMW_sats/MWCCH_hail_probability/netcdf_MSG_grid/2022/06/23/20220623_S0122_E0122_GMI_gpm_MSGgrid.nc
There was a key error (probably due to hail class and nans) in file:  /data/sat/products/PMW_sats/MWCCH_hail_probability/netcdf_MSG_grid/2022/06/23/20220623_S0122_E0122_GMI_gpm_MSGgrid.nc
There was a key error (probably due to hail class and nans) in file:  /data/sat/products/PMW_sats/MWCCH_hail_probability/netcdf_MSG_grid/2022/06/23/20220623_S0122_E0122_GMI_gpm_MSGgrid.nc
There was a key error (probably due to hail class and nans) in file:  /data/sat/products/PMW_sats/MWCCH_hail_probability/netcdf_MSG_grid/2022/06/23/20220623_S0122_E0122_GMI_gpm_MSGgrid.nc
There was a key error (probably due to hail class and nans) in file:  /data/sat/products/PMW_sats/MWCCH_hail_probability/netcdf_MSG_grid/2022/06/23/20220623_S0122_E0122_GMI_gpm_MSGgrid.nc
There was a key error (probably due to hail class and nans) in file:  /data/sat/products/PMW_sats/MWCCH_hail_probability/netcdf_MSG_grid/2022/06/23/20220623_S0122_E0122_GMI_gpm_MSGgrid.nc
There was a key error (probably due to hail class and nans) in file:  /data/sat/products/PMW_sats/MWCCH_hail_probability/netcdf_MSG_grid/2022/06/23/20220623_S0122_E0122_GMI_gpm_MSGgrid.nc
There was a key error (probably due to hail class and nans) in file:  /data/sat/products/PMW_sats/MWCCH_hail_probability/netcdf_MSG_grid/2022/07/20/20220720_S1821_E1821_SSMIS_f17_MSGgrid.nc
There was a key error (probably due to hail class and nans) in file:  /data/sat/products/PMW_sats/MWCCH_hail_probability/netcdf_MSG_grid/2022/07/20/20220720_S1821_E1821_SSMIS_f17_MSGgrid.nc
There was a key error (probably due to hail class and nans) in file:  /data/sat/products/PMW_sats/MWCCH_hail_probability/netcdf_MSG_grid/2022/07/20/20220720_S1821_E1821_SSMIS_f17_MSGgrid.nc
There was a key error (probably due to hail class and nans) in file:  /data/sat/products/PMW_sats/MWCCH_hail_probability/netcdf_MSG_grid/2022/07/20/20220720_S1821_E1821_SSMIS_f17_MSGgrid.nc
There was a key error (probably due to hail class and nans) in file:  /data/sat/products/PMW_sats/MWCCH_hail_probability/netcdf_MSG_grid/2022/07/20/20220720_S1821_E1821_SSMIS_f17_MSGgrid.nc
There was a key error (probably due to hail class and nans) in file:  /data/sat/products/PMW_sats/MWCCH_hail_probability/netcdf_MSG_grid/2022/07/20/20220720_S1821_E1821_SSMIS_f17_MSGgrid.nc
There was a key error (probably due to hail class and nans) in file:  /data/sat/products/PMW_sats/MWCCH_hail_probability/netcdf_MSG_grid/2022/07/20/20220720_S1821_E1821_SSMIS_f17_MSGgrid.nc
There was a key error (probably due to hail class and nans) in file:  /data/sat/products/PMW_sats/MWCCH_hail_probability/netcdf_MSG_grid/2022/07/20/20220720_S1821_E1821_SSMIS_f17_MSGgrid.nc
There was a key error (probably due to hail class and nans) in file:  /data/sat/products/PMW_sats/MWCCH_hail_probability/netcdf_MSG_grid/2022/07/20/20220720_S1821_E1821_SSMIS_f17_MSGgrid.nc
There was a key error (probably due to hail class and nans) in file:  /data/sat/products/PMW_sats/MWCCH_hail_probability/netcdf_MSG_grid/2022/07/20/20220720_S1821_E1821_SSMIS_f17_MSGgrid.nc
There was a key error (probably due to hail class and nans) in file:  /data/sat/products/PMW_sats/MWCCH_hail_probability/netcdf_MSG_grid/2022/07/20/20220720_S1821_E1821_SSMIS_f17_MSGgrid.nc
There was a key error (probably due to hail class and nans) in file:  /data/sat/products/PMW_sats/MWCCH_hail_probability/netcdf_MSG_grid/2022/07/20/20220720_S1821_E1821_SSMIS_f17_MSGgrid.nc
There was a key error (probably due to hail class and nans) in file:  /data/sat/products/PMW_sats/MWCCH_hail_probability/netcdf_MSG_grid/2022/07/20/20220720_S1821_E1821_SSMIS_f17_MSGgrid.nc
There was a key error (probably due to hail class and nans) in file:  /data/sat/products/PMW_sats/MWCCH_hail_probability/netcdf_MSG_grid/2022/07/20/20220720_S1821_E1821_SSMIS_f17_MSGgrid.nc
There was a key error (probably due to hail class and nans) in file:  /data/sat/products/PMW_sats/MWCCH_hail_probability/netcdf_MSG_grid/2022/07/20/20220720_S1821_E1821_SSMIS_f17_MSGgrid.nc
41000
There was a key error (probably due to hail class and nans) in file:  /data/sat/products/PMW_sats/MWCCH_hail_probability/netcdf_MSG_grid/2022/07/31/20220731_S0825_E0825_GMI_gpm_MSGgrid.nc
There was a key error (probably due to hail class and nans) in file:  /data/sat/products/PMW_sats/MWCCH_hail_probability/netcdf_MSG_grid/2022/07/31/20220731_S0825_E0825_GMI_gpm_MSGgrid.nc
There was a key error (probably due to hail class and nans) in file:  /data/sat/products/PMW_sats/MWCCH_hail_probability/netcdf_MSG_grid/2022/07/31/20220731_S0825_E0825_GMI_gpm_MSGgrid.nc
There was a key error (probably due to hail class and nans) in file:  /data/sat/products/PMW_sats/MWCCH_hail_probability/netcdf_MSG_grid/2022/07/31/20220731_S0825_E0825_GMI_gpm_MSGgrid.nc
There was a key error (probably due to hail class and nans) in file:  /data/sat/products/PMW_sats/MWCCH_hail_probability/netcdf_MSG_grid/2022/07/31/20220731_S0825_E0825_GMI_gpm_MSGgrid.nc
There was a key error (probably due to hail class and nans) in file:  /data/sat/products/PMW_sats/MWCCH_hail_probability/netcdf_MSG_grid/2022/07/31/20220731_S0825_E0825_GMI_gpm_MSGgrid.nc
There was a key error (probably due to hail class and nans) in file:  /data/sat/products/PMW_sats/MWCCH_hail_probability/netcdf_MSG_grid/2022/07/31/20220731_S0825_E0825_GMI_gpm_MSGgrid.nc
There was a key error (probably due to hail class and nans) in file:  /data/sat/products/PMW_sats/MWCCH_hail_probability/netcdf_MSG_grid/2022/07/31/20220731_S0825_E0825_GMI_gpm_MSGgrid.nc
There was a key error (probably due to hail class and nans) in file:  /data/sat/products/PMW_sats/MWCCH_hail_probability/netcdf_MSG_grid/2022/07/31/20220731_S0825_E0825_GMI_gpm_MSGgrid.nc
There was a key error (probably due to hail class and nans) in file:  /data/sat/products/PMW_sats/MWCCH_hail_probability/netcdf_MSG_grid/2022/07/31/20220731_S0825_E0825_GMI_gpm_MSGgrid.nc
There was a key error (probably due to hail class and nans) in file:  /data/sat/products/PMW_sats/MWCCH_hail_probability/netcdf_MSG_grid/2022/07/31/20220731_S0825_E0825_GMI_gpm_MSGgrid.nc
There was a key error (probably due to hail class and nans) in file:  /data/sat/products/PMW_sats/MWCCH_hail_probability/netcdf_MSG_grid/2022/07/31/20220731_S0825_E0825_GMI_gpm_MSGgrid.nc
There was a key error (probably due to hail class and nans) in file:  /data/sat/products/PMW_sats/MWCCH_hail_probability/netcdf_MSG_grid/2022/07/31/20220731_S0825_E0825_GMI_gpm_MSGgrid.nc
There was a key error (probably due to hail class and nans) in file:  /data/sat/products/PMW_sats/MWCCH_hail_probability/netcdf_MSG_grid/2022/07/31/20220731_S0825_E0825_GMI_gpm_MSGgrid.nc
There was a key error (probably due to hail class and nans) in file:  /data/sat/products/PMW_sats/MWCCH_hail_probability/netcdf_MSG_grid/2022/07/31/20220731_S0825_E0825_GMI_gpm_MSGgrid.nc
There was a key error (probably due to hail class and nans) in file:  /data/sat/products/PMW_sats/MWCCH_hail_probability/netcdf_MSG_grid/2022/07/31/20220731_S0825_E0825_GMI_gpm_MSGgrid.nc
There was a key error (probably due to hail class and nans) in file:  /data/sat/products/PMW_sats/MWCCH_hail_probability/netcdf_MSG_grid/2022/07/31/20220731_S0825_E0825_GMI_gpm_MSGgrid.nc
There was a key error (probably due to hail class and nans) in file:  /data/sat/products/PMW_sats/MWCCH_hail_probability/netcdf_MSG_grid/2022/07/31/20220731_S0825_E0825_GMI_gpm_MSGgrid.nc
There was a key error (probably due to hail class and nans) in file:  /data/sat/products/PMW_sats/MWCCH_hail_probability/netcdf_MSG_grid/2022/08/03/20220803_S1526_E1526_GMI_gpm_MSGgrid.nc
There was a key error (probably due to hail class and nans) in file:  /data/sat/products/PMW_sats/MWCCH_hail_probability/netcdf_MSG_grid/2022/08/03/20220803_S1526_E1526_GMI_gpm_MSGgrid.nc
There was a key error (probably due to hail class and nans) in file:  /data/sat/products/PMW_sats/MWCCH_hail_probability/netcdf_MSG_grid/2022/08/03/20220803_S1526_E1526_GMI_gpm_MSGgrid.nc
There was a key error (probably due to hail class and nans) in file:  /data/sat/products/PMW_sats/MWCCH_hail_probability/netcdf_MSG_grid/2022/08/03/20220803_S1526_E1526_GMI_gpm_MSGgrid.nc
There was a key error (probably due to hail class and nans) in file:  /data/sat/products/PMW_sats/MWCCH_hail_probability/netcdf_MSG_grid/2022/08/03/20220803_S1526_E1526_GMI_gpm_MSGgrid.nc
There was a key error (probably due to hail class and nans) in file:  /data/sat/products/PMW_sats/MWCCH_hail_probability/netcdf_MSG_grid/2022/08/03/20220803_S1526_E1526_GMI_gpm_MSGgrid.nc
There was a key error (probably due to hail class and nans) in file:  /data/sat/products/PMW_sats/MWCCH_hail_probability/netcdf_MSG_grid/2022/08/03/20220803_S1526_E1526_GMI_gpm_MSGgrid.nc
There was a key error (probably due to hail class and nans) in file:  /data/sat/products/PMW_sats/MWCCH_hail_probability/netcdf_MSG_grid/2022/08/20/20220820_S0025_E0026_GMI_gpm_MSGgrid.nc
There was a key error (probably due to hail class and nans) in file:  /data/sat/products/PMW_sats/MWCCH_hail_probability/netcdf_MSG_grid/2022/08/20/20220820_S0025_E0026_GMI_gpm_MSGgrid.nc
There was a key error (probably due to hail class and nans) in file:  /data/sat/products/PMW_sats/MWCCH_hail_probability/netcdf_MSG_grid/2022/08/20/20220820_S0025_E0026_GMI_gpm_MSGgrid.nc
There was a key error (probably due to hail class and nans) in file:  /data/sat/products/PMW_sats/MWCCH_hail_probability/netcdf_MSG_grid/2022/08/20/20220820_S0025_E0026_GMI_gpm_MSGgrid.nc
There was a key error (probably due to hail class and nans) in file:  /data/sat/products/PMW_sats/MWCCH_hail_probability/netcdf_MSG_grid/2022/08/20/20220820_S0025_E0026_GMI_gpm_MSGgrid.nc
There was a key error (probably due to hail class and nans) in file:  /data/sat/products/PMW_sats/MWCCH_hail_probability/netcdf_MSG_grid/2022/08/20/20220820_S0025_E0026_GMI_gpm_MSGgrid.nc
There was a key error (probably due to hail class and nans) in file:  /data/sat/products/PMW_sats/MWCCH_hail_probability/netcdf_MSG_grid/2022/08/20/20220820_S0025_E0026_GMI_gpm_MSGgrid.nc
There was a key error (probably due to hail class and nans) in file:  /data/sat/products/PMW_sats/MWCCH_hail_probability/netcdf_MSG_grid/2022/08/20/20220820_S0025_E0026_GMI_gpm_MSGgrid.nc
There was a key error (probably due to hail class and nans) in file:  /data/sat/products/PMW_sats/MWCCH_hail_probability/netcdf_MSG_grid/2022/08/20/20220820_S0025_E0026_GMI_gpm_MSGgrid.nc
There was a key error (probably due to hail class and nans) in file:  /data/sat/products/PMW_sats/MWCCH_hail_probability/netcdf_MSG_grid/2022/08/20/20220820_S0025_E0026_GMI_gpm_MSGgrid.nc
There was a key error (probably due to hail class and nans) in file:  /data/sat/products/PMW_sats/MWCCH_hail_probability/netcdf_MSG_grid/2022/08/20/20220820_S0025_E0026_GMI_gpm_MSGgrid.nc
There was a key error (probably due to hail class and nans) in file:  /data/sat/products/PMW_sats/MWCCH_hail_probability/netcdf_MSG_grid/2022/08/20/20220820_S0025_E0026_GMI_gpm_MSGgrid.nc
There was a key error (probably due to hail class and nans) in file:  /data/sat/products/PMW_sats/MWCCH_hail_probability/netcdf_MSG_grid/2022/08/20/20220820_S0025_E0026_GMI_gpm_MSGgrid.nc
There was a key error (probably due to hail class and nans) in file:  /data/sat/products/PMW_sats/MWCCH_hail_probability/netcdf_MSG_grid/2022/08/20/20220820_S0025_E0026_GMI_gpm_MSGgrid.nc
There was a key error (probably due to hail class and nans) in file:  /data/sat/products/PMW_sats/MWCCH_hail_probability/netcdf_MSG_grid/2022/08/20/20220820_S0025_E0026_GMI_gpm_MSGgrid.nc
There was a key error (probably due to hail class and nans) in file:  /data/sat/products/PMW_sats/MWCCH_hail_probability/netcdf_MSG_grid/2022/08/27/20220827_S0037_E0037_GMI_gpm_MSGgrid.nc
There was a key error (probably due to hail class and nans) in file:  /data/sat/products/PMW_sats/MWCCH_hail_probability/netcdf_MSG_grid/2022/08/27/20220827_S0037_E0037_GMI_gpm_MSGgrid.nc
There was a key error (probably due to hail class and nans) in file:  /data/sat/products/PMW_sats/MWCCH_hail_probability/netcdf_MSG_grid/2022/08/27/20220827_S0037_E0037_GMI_gpm_MSGgrid.nc
There was a key error (probably due to hail class and nans) in file:  /data/sat/products/PMW_sats/MWCCH_hail_probability/netcdf_MSG_grid/2022/08/27/20220827_S0037_E0037_GMI_gpm_MSGgrid.nc
There was a key error (probably due to hail class and nans) in file:  /data/sat/products/PMW_sats/MWCCH_hail_probability/netcdf_MSG_grid/2022/08/27/20220827_S0037_E0037_GMI_gpm_MSGgrid.nc
There was a key error (probably due to hail class and nans) in file:  /data/sat/products/PMW_sats/MWCCH_hail_probability/netcdf_MSG_grid/2022/08/27/20220827_S0037_E0037_GMI_gpm_MSGgrid.nc
There was a key error (probably due to hail class and nans) in file:  /data/sat/products/PMW_sats/MWCCH_hail_probability/netcdf_MSG_grid/2022/08/27/20220827_S0037_E0037_GMI_gpm_MSGgrid.nc
There was a key error (probably due to hail class and nans) in file:  /data/sat/products/PMW_sats/MWCCH_hail_probability/netcdf_MSG_grid/2022/08/27/20220827_S0037_E0037_GMI_gpm_MSGgrid.nc
There was a key error (probably due to hail class and nans) in file:  /data/sat/products/PMW_sats/MWCCH_hail_probability/netcdf_MSG_grid/2022/08/27/20220827_S0037_E0037_GMI_gpm_MSGgrid.nc
There was a key error (probably due to hail class and nans) in file:  /data/sat/products/PMW_sats/MWCCH_hail_probability/netcdf_MSG_grid/2022/08/27/20220827_S0037_E0037_GMI_gpm_MSGgrid.nc
There was a key error (probably due to hail class and nans) in file:  /data/sat/products/PMW_sats/MWCCH_hail_probability/netcdf_MSG_grid/2022/08/27/20220827_S0037_E0037_GMI_gpm_MSGgrid.nc
There was a key error (probably due to hail class and nans) in file:  /data/sat/products/PMW_sats/MWCCH_hail_probability/netcdf_MSG_grid/2022/08/27/20220827_S0037_E0037_GMI_gpm_MSGgrid.nc
There was a key error (probably due to hail class and nans) in file:  /data/sat/products/PMW_sats/MWCCH_hail_probability/netcdf_MSG_grid/2022/08/27/20220827_S0037_E0037_GMI_gpm_MSGgrid.nc
There was a key error (probably due to hail class and nans) in file:  /data/sat/products/PMW_sats/MWCCH_hail_probability/netcdf_MSG_grid/2022/08/27/20220827_S0037_E0037_GMI_gpm_MSGgrid.nc
There was a key error (probably due to hail class and nans) in file:  /data/sat/products/PMW_sats/MWCCH_hail_probability/netcdf_MSG_grid/2022/08/27/20220827_S0037_E0037_GMI_gpm_MSGgrid.nc
There was a key error (probably due to hail class and nans) in file:  /data/sat/products/PMW_sats/MWCCH_hail_probability/netcdf_MSG_grid/2022/08/27/20220827_S0037_E0037_GMI_gpm_MSGgrid.nc
There was a key error (probably due to hail class and nans) in file:  /data/sat/products/PMW_sats/MWCCH_hail_probability/netcdf_MSG_grid/2022/08/27/20220827_S0037_E0037_GMI_gpm_MSGgrid.nc
There was a key error (probably due to hail class and nans) in file:  /data/sat/products/PMW_sats/MWCCH_hail_probability/netcdf_MSG_grid/2022/08/28/20220828_S1924_E1925_MHS_meto03_MSGgrid.nc
There was a key error (probably due to hail class and nans) in file:  /data/sat/products/PMW_sats/MWCCH_hail_probability/netcdf_MSG_grid/2022/08/28/20220828_S1924_E1925_MHS_meto03_MSGgrid.nc
There was a key error (probably due to hail class and nans) in file:  /data/sat/products/PMW_sats/MWCCH_hail_probability/netcdf_MSG_grid/2022/08/28/20220828_S1924_E1925_MHS_meto03_MSGgrid.nc
There was a key error (probably due to hail class and nans) in file:  /data/sat/products/PMW_sats/MWCCH_hail_probability/netcdf_MSG_grid/2022/08/28/20220828_S1924_E1925_MHS_meto03_MSGgrid.nc
There was a key error (probably due to hail class and nans) in file:  /data/sat/products/PMW_sats/MWCCH_hail_probability/netcdf_MSG_grid/2022/08/28/20220828_S1924_E1925_MHS_meto03_MSGgrid.nc
There was a key error (probably due to hail class and nans) in file:  /data/sat/products/PMW_sats/MWCCH_hail_probability/netcdf_MSG_grid/2022/08/28/20220828_S1924_E1925_MHS_meto03_MSGgrid.nc
There was a key error (probably due to hail class and nans) in file:  /data/sat/products/PMW_sats/MWCCH_hail_probability/netcdf_MSG_grid/2022/08/28/20220828_S1924_E1925_MHS_meto03_MSGgrid.nc
There was a key error (probably due to hail class and nans) in file:  /data/sat/products/PMW_sats/MWCCH_hail_probability/netcdf_MSG_grid/2022/08/28/20220828_S1924_E1925_MHS_meto03_MSGgrid.nc
There was a key error (probably due to hail class and nans) in file:  /data/sat/products/PMW_sats/MWCCH_hail_probability/netcdf_MSG_grid/2022/08/28/20220828_S1924_E1925_MHS_meto03_MSGgrid.nc
There was a key error (probably due to hail class and nans) in file:  /data/sat/products/PMW_sats/MWCCH_hail_probability/netcdf_MSG_grid/2022/08/28/20220828_S1924_E1925_MHS_meto03_MSGgrid.nc
There was a key error (probably due to hail class and nans) in file:  /data/sat/products/PMW_sats/MWCCH_hail_probability/netcdf_MSG_grid/2022/08/28/20220828_S1924_E1925_MHS_meto03_MSGgrid.nc
There was a key error (probably due to hail class and nans) in file:  /data/sat/products/PMW_sats/MWCCH_hail_probability/netcdf_MSG_grid/2022/08/28/20220828_S1924_E1925_MHS_meto03_MSGgrid.nc
There was a key error (probably due to hail class and nans) in file:  /data/sat/products/PMW_sats/MWCCH_hail_probability/netcdf_MSG_grid/2022/08/28/20220828_S1924_E1925_MHS_meto03_MSGgrid.nc
There was a key error (probably due to hail class and nans) in file:  /data/sat/products/PMW_sats/MWCCH_hail_probability/netcdf_MSG_grid/2022/08/28/20220828_S1924_E1925_MHS_meto03_MSGgrid.nc
There was a key error (probably due to hail class and nans) in file:  /data/sat/products/PMW_sats/MWCCH_hail_probability/netcdf_MSG_grid/2022/09/18/20220918_S0514_E0514_SSMIS_f17_MSGgrid.nc
There was a key error (probably due to hail class and nans) in file:  /data/sat/products/PMW_sats/MWCCH_hail_probability/netcdf_MSG_grid/2022/09/18/20220918_S0514_E0514_SSMIS_f17_MSGgrid.nc
There was a key error (probably due to hail class and nans) in file:  /data/sat/products/PMW_sats/MWCCH_hail_probability/netcdf_MSG_grid/2022/09/18/20220918_S0514_E0514_SSMIS_f17_MSGgrid.nc
There was a key error (probably due to hail class and nans) in file:  /data/sat/products/PMW_sats/MWCCH_hail_probability/netcdf_MSG_grid/2022/09/18/20220918_S0514_E0514_SSMIS_f17_MSGgrid.nc
There was a key error (probably due to hail class and nans) in file:  /data/sat/products/PMW_sats/MWCCH_hail_probability/netcdf_MSG_grid/2022/09/18/20220918_S0514_E0514_SSMIS_f17_MSGgrid.nc
There was a key error (probably due to hail class and nans) in file:  /data/sat/products/PMW_sats/MWCCH_hail_probability/netcdf_MSG_grid/2022/09/18/20220918_S0514_E0514_SSMIS_f17_MSGgrid.nc
There was a key error (probably due to hail class and nans) in file:  /data/sat/products/PMW_sats/MWCCH_hail_probability/netcdf_MSG_grid/2022/09/18/20220918_S0514_E0514_SSMIS_f17_MSGgrid.nc
There was a key error (probably due to hail class and nans) in file:  /data/sat/products/PMW_sats/MWCCH_hail_probability/netcdf_MSG_grid/2022/09/18/20220918_S0514_E0514_SSMIS_f17_MSGgrid.nc
There was a key error (probably due to hail class and nans) in file:  /data/sat/products/PMW_sats/MWCCH_hail_probability/netcdf_MSG_grid/2022/09/18/20220918_S0514_E0514_SSMIS_f17_MSGgrid.nc
There was a key error (probably due to hail class and nans) in file:  /data/sat/products/PMW_sats/MWCCH_hail_probability/netcdf_MSG_grid/2022/09/18/20220918_S0514_E0514_SSMIS_f17_MSGgrid.nc
There was a key error (probably due to hail class and nans) in file:  /data/sat/products/PMW_sats/MWCCH_hail_probability/netcdf_MSG_grid/2022/09/18/20220918_S0514_E0514_SSMIS_f17_MSGgrid.nc
42000
There was a key error (probably due to hail class and nans) in file:  /data/sat/products/PMW_sats/MWCCH_hail_probability/netcdf_MSG_grid/2023/04/10/20230410_S0412_E0412_GMI_gpm_MSGgrid.nc
There was a key error (probably due to hail class and nans) in file:  /data/sat/products/PMW_sats/MWCCH_hail_probability/netcdf_MSG_grid/2023/04/10/20230410_S0412_E0412_GMI_gpm_MSGgrid.nc
There was a key error (probably due to hail class and nans) in file:  /data/sat/products/PMW_sats/MWCCH_hail_probability/netcdf_MSG_grid/2023/05/02/20230502_S2344_E2344_GMI_gpm_MSGgrid.nc
There was a key error (probably due to hail class and nans) in file:  /data/sat/products/PMW_sats/MWCCH_hail_probability/netcdf_MSG_grid/2023/05/02/20230502_S2344_E2344_GMI_gpm_MSGgrid.nc
There was a key error (probably due to hail class and nans) in file:  /data/sat/products/PMW_sats/MWCCH_hail_probability/netcdf_MSG_grid/2023/05/02/20230502_S2344_E2344_GMI_gpm_MSGgrid.nc
There was a key error (probably due to hail class and nans) in file:  /data/sat/products/PMW_sats/MWCCH_hail_probability/netcdf_MSG_grid/2023/05/10/20230510_S1003_E1004_MHS_meto03_MSGgrid.nc
There was a key error (probably due to hail class and nans) in file:  /data/sat/products/PMW_sats/MWCCH_hail_probability/netcdf_MSG_grid/2023/05/10/20230510_S1003_E1004_MHS_meto03_MSGgrid.nc
There was a key error (probably due to hail class and nans) in file:  /data/sat/products/PMW_sats/MWCCH_hail_probability/netcdf_MSG_grid/2023/05/10/20230510_S1003_E1004_MHS_meto03_MSGgrid.nc
There was a key error (probably due to hail class and nans) in file:  /data/sat/products/PMW_sats/MWCCH_hail_probability/netcdf_MSG_grid/2023/05/10/20230510_S1003_E1004_MHS_meto03_MSGgrid.nc
There was a key error (probably due to hail class and nans) in file:  /data/sat/products/PMW_sats/MWCCH_hail_probability/netcdf_MSG_grid/2023/05/10/20230510_S1003_E1004_MHS_meto03_MSGgrid.nc
There was a key error (probably due to hail class and nans) in file:  /data/sat/products/PMW_sats/MWCCH_hail_probability/netcdf_MSG_grid/2023/05/10/20230510_S1003_E1004_MHS_meto03_MSGgrid.nc
There was a key error (probably due to hail class and nans) in file:  /data/sat/products/PMW_sats/MWCCH_hail_probability/netcdf_MSG_grid/2023/05/10/20230510_S1003_E1004_MHS_meto03_MSGgrid.nc
There was a key error (probably due to hail class and nans) in file:  /data/sat/products/PMW_sats/MWCCH_hail_probability/netcdf_MSG_grid/2023/05/10/20230510_S1003_E1004_MHS_meto03_MSGgrid.nc
There was a key error (probably due to hail class and nans) in file:  /data/sat/products/PMW_sats/MWCCH_hail_probability/netcdf_MSG_grid/2023/05/10/20230510_S1003_E1004_MHS_meto03_MSGgrid.nc
There was a key error (probably due to hail class and nans) in file:  /data/sat/products/PMW_sats/MWCCH_hail_probability/netcdf_MSG_grid/2023/05/10/20230510_S1003_E1004_MHS_meto03_MSGgrid.nc
There was a key error (probably due to hail class and nans) in file:  /data/sat/products/PMW_sats/MWCCH_hail_probability/netcdf_MSG_grid/2023/05/10/20230510_S1003_E1004_MHS_meto03_MSGgrid.nc
There was a key error (probably due to hail class and nans) in file:  /data/sat/products/PMW_sats/MWCCH_hail_probability/netcdf_MSG_grid/2023/05/10/20230510_S1003_E1004_MHS_meto03_MSGgrid.nc
There was a key error (probably due to hail class and nans) in file:  /data/sat/products/PMW_sats/MWCCH_hail_probability/netcdf_MSG_grid/2023/05/10/20230510_S1003_E1004_MHS_meto03_MSGgrid.nc
There was a key error (probably due to hail class and nans) in file:  /data/sat/products/PMW_sats/MWCCH_hail_probability/netcdf_MSG_grid/2023/05/10/20230510_S1003_E1004_MHS_meto03_MSGgrid.nc
There was a key error (probably due to hail class and nans) in file:  /data/sat/products/PMW_sats/MWCCH_hail_probability/netcdf_MSG_grid/2023/05/10/20230510_S1003_E1004_MHS_meto03_MSGgrid.nc
There was a key error (probably due to hail class and nans) in file:  /data/sat/products/PMW_sats/MWCCH_hail_probability/netcdf_MSG_grid/2023/05/10/20230510_S1003_E1004_MHS_meto03_MSGgrid.nc
There was a key error (probably due to hail class and nans) in file:  /data/sat/products/PMW_sats/MWCCH_hail_probability/netcdf_MSG_grid/2023/05/15/20230515_S0156_E0156_GMI_gpm_MSGgrid.nc
There was a key error (probably due to hail class and nans) in file:  /data/sat/products/PMW_sats/MWCCH_hail_probability/netcdf_MSG_grid/2023/05/15/20230515_S0156_E0156_GMI_gpm_MSGgrid.nc
There was a key error (probably due to hail class and nans) in file:  /data/sat/products/PMW_sats/MWCCH_hail_probability/netcdf_MSG_grid/2023/05/15/20230515_S0156_E0156_GMI_gpm_MSGgrid.nc
There was a key error (probably due to hail class and nans) in file:  /data/sat/products/PMW_sats/MWCCH_hail_probability/netcdf_MSG_grid/2023/05/15/20230515_S0156_E0156_GMI_gpm_MSGgrid.nc
There was a key error (probably due to hail class and nans) in file:  /data/sat/products/PMW_sats/MWCCH_hail_probability/netcdf_MSG_grid/2023/05/15/20230515_S0156_E0156_GMI_gpm_MSGgrid.nc
There was a key error (probably due to hail class and nans) in file:  /data/sat/products/PMW_sats/MWCCH_hail_probability/netcdf_MSG_grid/2023/05/15/20230515_S0156_E0156_GMI_gpm_MSGgrid.nc
There was a key error (probably due to hail class and nans) in file:  /data/sat/products/PMW_sats/MWCCH_hail_probability/netcdf_MSG_grid/2023/05/15/20230515_S0156_E0156_GMI_gpm_MSGgrid.nc
There was a key error (probably due to hail class and nans) in file:  /data/sat/products/PMW_sats/MWCCH_hail_probability/netcdf_MSG_grid/2023/05/15/20230515_S0156_E0156_GMI_gpm_MSGgrid.nc
There was a key error (probably due to hail class and nans) in file:  /data/sat/products/PMW_sats/MWCCH_hail_probability/netcdf_MSG_grid/2023/05/15/20230515_S0156_E0156_GMI_gpm_MSGgrid.nc
There was a key error (probably due to hail class and nans) in file:  /data/sat/products/PMW_sats/MWCCH_hail_probability/netcdf_MSG_grid/2023/05/15/20230515_S0156_E0156_GMI_gpm_MSGgrid.nc
There was a key error (probably due to hail class and nans) in file:  /data/sat/products/PMW_sats/MWCCH_hail_probability/netcdf_MSG_grid/2023/05/15/20230515_S0156_E0156_GMI_gpm_MSGgrid.nc
There was a key error (probably due to hail class and nans) in file:  /data/sat/products/PMW_sats/MWCCH_hail_probability/netcdf_MSG_grid/2023/05/15/20230515_S0156_E0156_GMI_gpm_MSGgrid.nc
There was a key error (probably due to hail class and nans) in file:  /data/sat/products/PMW_sats/MWCCH_hail_probability/netcdf_MSG_grid/2023/05/15/20230515_S0156_E0156_GMI_gpm_MSGgrid.nc
There was a key error (probably due to hail class and nans) in file:  /data/sat/products/PMW_sats/MWCCH_hail_probability/netcdf_MSG_grid/2023/05/15/20230515_S0156_E0156_GMI_gpm_MSGgrid.nc
There was a key error (probably due to hail class and nans) in file:  /data/sat/products/PMW_sats/MWCCH_hail_probability/netcdf_MSG_grid/2023/05/15/20230515_S0156_E0156_GMI_gpm_MSGgrid.nc
43000
There was a key error (probably due to hail class and nans) in file:  /data/sat/products/PMW_sats/MWCCH_hail_probability/netcdf_MSG_grid/2023/06/04/20230604_S1159_E1159_GMI_gpm_MSGgrid.nc
There was a key error (probably due to hail class and nans) in file:  /data/sat/products/PMW_sats/MWCCH_hail_probability/netcdf_MSG_grid/2023/06/04/20230604_S1159_E1159_GMI_gpm_MSGgrid.nc
There was a key error (probably due to hail class and nans) in file:  /data/sat/products/PMW_sats/MWCCH_hail_probability/netcdf_MSG_grid/2023/06/04/20230604_S1159_E1159_GMI_gpm_MSGgrid.nc
There was a key error (probably due to hail class and nans) in file:  /data/sat/products/PMW_sats/MWCCH_hail_probability/netcdf_MSG_grid/2023/06/04/20230604_S1159_E1159_GMI_gpm_MSGgrid.nc
There was a key error (probably due to hail class and nans) in file:  /data/sat/products/PMW_sats/MWCCH_hail_probability/netcdf_MSG_grid/2023/06/04/20230604_S1159_E1159_GMI_gpm_MSGgrid.nc
There was a key error (probably due to hail class and nans) in file:  /data/sat/products/PMW_sats/MWCCH_hail_probability/netcdf_MSG_grid/2023/06/04/20230604_S1159_E1159_GMI_gpm_MSGgrid.nc
There was a key error (probably due to hail class and nans) in file:  /data/sat/products/PMW_sats/MWCCH_hail_probability/netcdf_MSG_grid/2023/06/04/20230604_S1159_E1159_GMI_gpm_MSGgrid.nc
There was a key error (probably due to hail class and nans) in file:  /data/sat/products/PMW_sats/MWCCH_hail_probability/netcdf_MSG_grid/2023/06/04/20230604_S1159_E1159_GMI_gpm_MSGgrid.nc
There was a key error (probably due to hail class and nans) in file:  /data/sat/products/PMW_sats/MWCCH_hail_probability/netcdf_MSG_grid/2023/06/04/20230604_S1159_E1159_GMI_gpm_MSGgrid.nc
There was a key error (probably due to hail class and nans) in file:  /data/sat/products/PMW_sats/MWCCH_hail_probability/netcdf_MSG_grid/2023/06/05/20230605_S0638_E0638_SSMIS_f16_MSGgrid.nc
There was a key error (probably due to hail class and nans) in file:  /data/sat/products/PMW_sats/MWCCH_hail_probability/netcdf_MSG_grid/2023/06/05/20230605_S0638_E0638_SSMIS_f16_MSGgrid.nc
There was a key error (probably due to hail class and nans) in file:  /data/sat/products/PMW_sats/MWCCH_hail_probability/netcdf_MSG_grid/2023/06/05/20230605_S0638_E0638_SSMIS_f16_MSGgrid.nc
There was a key error (probably due to hail class and nans) in file:  /data/sat/products/PMW_sats/MWCCH_hail_probability/netcdf_MSG_grid/2023/06/05/20230605_S0638_E0638_SSMIS_f16_MSGgrid.nc
There was a key error (probably due to hail class and nans) in file:  /data/sat/products/PMW_sats/MWCCH_hail_probability/netcdf_MSG_grid/2023/06/05/20230605_S0638_E0638_SSMIS_f16_MSGgrid.nc
There was a key error (probably due to hail class and nans) in file:  /data/sat/products/PMW_sats/MWCCH_hail_probability/netcdf_MSG_grid/2023/06/05/20230605_S0638_E0638_SSMIS_f16_MSGgrid.nc
There was a key error (probably due to hail class and nans) in file:  /data/sat/products/PMW_sats/MWCCH_hail_probability/netcdf_MSG_grid/2023/06/05/20230605_S0638_E0638_SSMIS_f16_MSGgrid.nc
There was a key error (probably due to hail class and nans) in file:  /data/sat/products/PMW_sats/MWCCH_hail_probability/netcdf_MSG_grid/2023/06/05/20230605_S0638_E0638_SSMIS_f16_MSGgrid.nc
There was a key error (probably due to hail class and nans) in file:  /data/sat/products/PMW_sats/MWCCH_hail_probability/netcdf_MSG_grid/2023/06/05/20230605_S0638_E0638_SSMIS_f16_MSGgrid.nc
There was a key error (probably due to hail class and nans) in file:  /data/sat/products/PMW_sats/MWCCH_hail_probability/netcdf_MSG_grid/2023/06/05/20230605_S0638_E0638_SSMIS_f16_MSGgrid.nc
There was a key error (probably due to hail class and nans) in file:  /data/sat/products/PMW_sats/MWCCH_hail_probability/netcdf_MSG_grid/2023/06/05/20230605_S0638_E0638_SSMIS_f16_MSGgrid.nc
There was a key error (probably due to hail class and nans) in file:  /data/sat/products/PMW_sats/MWCCH_hail_probability/netcdf_MSG_grid/2023/06/05/20230605_S0638_E0638_SSMIS_f16_MSGgrid.nc
There was a key error (probably due to hail class and nans) in file:  /data/sat/products/PMW_sats/MWCCH_hail_probability/netcdf_MSG_grid/2023/06/05/20230605_S0638_E0638_SSMIS_f16_MSGgrid.nc
There was a key error (probably due to hail class and nans) in file:  /data/sat/products/PMW_sats/MWCCH_hail_probability/netcdf_MSG_grid/2023/06/05/20230605_S0638_E0638_SSMIS_f16_MSGgrid.nc
There was a key error (probably due to hail class and nans) in file:  /data/sat/products/PMW_sats/MWCCH_hail_probability/netcdf_MSG_grid/2023/06/07/20230607_S1814_E1814_SSMIS_f17_MSGgrid.nc
There was a key error (probably due to hail class and nans) in file:  /data/sat/products/PMW_sats/MWCCH_hail_probability/netcdf_MSG_grid/2023/06/07/20230607_S1814_E1814_SSMIS_f17_MSGgrid.nc
There was a key error (probably due to hail class and nans) in file:  /data/sat/products/PMW_sats/MWCCH_hail_probability/netcdf_MSG_grid/2023/06/07/20230607_S1814_E1814_SSMIS_f17_MSGgrid.nc
There was a key error (probably due to hail class and nans) in file:  /data/sat/products/PMW_sats/MWCCH_hail_probability/netcdf_MSG_grid/2023/06/07/20230607_S1814_E1814_SSMIS_f17_MSGgrid.nc
There was a key error (probably due to hail class and nans) in file:  /data/sat/products/PMW_sats/MWCCH_hail_probability/netcdf_MSG_grid/2023/06/07/20230607_S1814_E1814_SSMIS_f17_MSGgrid.nc
There was a key error (probably due to hail class and nans) in file:  /data/sat/products/PMW_sats/MWCCH_hail_probability/netcdf_MSG_grid/2023/06/07/20230607_S1814_E1814_SSMIS_f17_MSGgrid.nc
There was a key error (probably due to hail class and nans) in file:  /data/sat/products/PMW_sats/MWCCH_hail_probability/netcdf_MSG_grid/2023/06/07/20230607_S1814_E1814_SSMIS_f17_MSGgrid.nc
There was a key error (probably due to hail class and nans) in file:  /data/sat/products/PMW_sats/MWCCH_hail_probability/netcdf_MSG_grid/2023/06/07/20230607_S1814_E1814_SSMIS_f17_MSGgrid.nc
There was a key error (probably due to hail class and nans) in file:  /data/sat/products/PMW_sats/MWCCH_hail_probability/netcdf_MSG_grid/2023/06/07/20230607_S1814_E1814_SSMIS_f17_MSGgrid.nc
There was a key error (probably due to hail class and nans) in file:  /data/sat/products/PMW_sats/MWCCH_hail_probability/netcdf_MSG_grid/2023/06/07/20230607_S1814_E1814_SSMIS_f17_MSGgrid.nc
There was a key error (probably due to hail class and nans) in file:  /data/sat/products/PMW_sats/MWCCH_hail_probability/netcdf_MSG_grid/2023/06/07/20230607_S1814_E1814_SSMIS_f17_MSGgrid.nc
There was a key error (probably due to hail class and nans) in file:  /data/sat/products/PMW_sats/MWCCH_hail_probability/netcdf_MSG_grid/2023/06/07/20230607_S1814_E1814_SSMIS_f17_MSGgrid.nc
There was a key error (probably due to hail class and nans) in file:  /data/sat/products/PMW_sats/MWCCH_hail_probability/netcdf_MSG_grid/2023/06/07/20230607_S1814_E1814_SSMIS_f17_MSGgrid.nc
There was a key error (probably due to hail class and nans) in file:  /data/sat/products/PMW_sats/MWCCH_hail_probability/netcdf_MSG_grid/2023/06/07/20230607_S1814_E1814_SSMIS_f17_MSGgrid.nc
There was a key error (probably due to hail class and nans) in file:  /data/sat/products/PMW_sats/MWCCH_hail_probability/netcdf_MSG_grid/2023/06/07/20230607_S1814_E1814_SSMIS_f17_MSGgrid.nc
There was a key error (probably due to hail class and nans) in file:  /data/sat/products/PMW_sats/MWCCH_hail_probability/netcdf_MSG_grid/2023/06/07/20230607_S1814_E1814_SSMIS_f17_MSGgrid.nc
There was a key error (probably due to hail class and nans) in file:  /data/sat/products/PMW_sats/MWCCH_hail_probability/netcdf_MSG_grid/2023/06/07/20230607_S1814_E1814_SSMIS_f17_MSGgrid.nc
There was a key error (probably due to hail class and nans) in file:  /data/sat/products/PMW_sats/MWCCH_hail_probability/netcdf_MSG_grid/2023/06/07/20230607_S1814_E1814_SSMIS_f17_MSGgrid.nc
There was a key error (probably due to hail class and nans) in file:  /data/sat/products/PMW_sats/MWCCH_hail_probability/netcdf_MSG_grid/2023/06/09/20230609_S1714_E1714_SSMIS_f16_MSGgrid.nc
There was a key error (probably due to hail class and nans) in file:  /data/sat/products/PMW_sats/MWCCH_hail_probability/netcdf_MSG_grid/2023/06/09/20230609_S1714_E1714_SSMIS_f16_MSGgrid.nc
There was a key error (probably due to hail class and nans) in file:  /data/sat/products/PMW_sats/MWCCH_hail_probability/netcdf_MSG_grid/2023/06/09/20230609_S1714_E1714_SSMIS_f16_MSGgrid.nc
There was a key error (probably due to hail class and nans) in file:  /data/sat/products/PMW_sats/MWCCH_hail_probability/netcdf_MSG_grid/2023/06/09/20230609_S1714_E1714_SSMIS_f16_MSGgrid.nc
There was a key error (probably due to hail class and nans) in file:  /data/sat/products/PMW_sats/MWCCH_hail_probability/netcdf_MSG_grid/2023/06/09/20230609_S1714_E1714_SSMIS_f16_MSGgrid.nc
There was a key error (probably due to hail class and nans) in file:  /data/sat/products/PMW_sats/MWCCH_hail_probability/netcdf_MSG_grid/2023/06/09/20230609_S1714_E1714_SSMIS_f16_MSGgrid.nc
There was a key error (probably due to hail class and nans) in file:  /data/sat/products/PMW_sats/MWCCH_hail_probability/netcdf_MSG_grid/2023/06/09/20230609_S1714_E1714_SSMIS_f16_MSGgrid.nc
There was a key error (probably due to hail class and nans) in file:  /data/sat/products/PMW_sats/MWCCH_hail_probability/netcdf_MSG_grid/2023/06/09/20230609_S1714_E1714_SSMIS_f16_MSGgrid.nc
There was a key error (probably due to hail class and nans) in file:  /data/sat/products/PMW_sats/MWCCH_hail_probability/netcdf_MSG_grid/2023/06/09/20230609_S1714_E1714_SSMIS_f16_MSGgrid.nc
There was a key error (probably due to hail class and nans) in file:  /data/sat/products/PMW_sats/MWCCH_hail_probability/netcdf_MSG_grid/2023/06/09/20230609_S1714_E1714_SSMIS_f16_MSGgrid.nc
There was a key error (probably due to hail class and nans) in file:  /data/sat/products/PMW_sats/MWCCH_hail_probability/netcdf_MSG_grid/2023/06/11/20230611_S1210_E1210_GMI_gpm_MSGgrid.nc
There was a key error (probably due to hail class and nans) in file:  /data/sat/products/PMW_sats/MWCCH_hail_probability/netcdf_MSG_grid/2023/06/11/20230611_S1210_E1210_GMI_gpm_MSGgrid.nc
There was a key error (probably due to hail class and nans) in file:  /data/sat/products/PMW_sats/MWCCH_hail_probability/netcdf_MSG_grid/2023/06/11/20230611_S1210_E1210_GMI_gpm_MSGgrid.nc
There was a key error (probably due to hail class and nans) in file:  /data/sat/products/PMW_sats/MWCCH_hail_probability/netcdf_MSG_grid/2023/06/11/20230611_S1210_E1210_GMI_gpm_MSGgrid.nc
There was a key error (probably due to hail class and nans) in file:  /data/sat/products/PMW_sats/MWCCH_hail_probability/netcdf_MSG_grid/2023/06/11/20230611_S1210_E1210_GMI_gpm_MSGgrid.nc
There was a key error (probably due to hail class and nans) in file:  /data/sat/products/PMW_sats/MWCCH_hail_probability/netcdf_MSG_grid/2023/06/11/20230611_S1210_E1210_GMI_gpm_MSGgrid.nc
There was a key error (probably due to hail class and nans) in file:  /data/sat/products/PMW_sats/MWCCH_hail_probability/netcdf_MSG_grid/2023/06/11/20230611_S1210_E1210_GMI_gpm_MSGgrid.nc
There was a key error (probably due to hail class and nans) in file:  /data/sat/products/PMW_sats/MWCCH_hail_probability/netcdf_MSG_grid/2023/06/11/20230611_S1210_E1210_GMI_gpm_MSGgrid.nc
There was a key error (probably due to hail class and nans) in file:  /data/sat/products/PMW_sats/MWCCH_hail_probability/netcdf_MSG_grid/2023/06/11/20230611_S1210_E1210_GMI_gpm_MSGgrid.nc
There was a key error (probably due to hail class and nans) in file:  /data/sat/products/PMW_sats/MWCCH_hail_probability/netcdf_MSG_grid/2023/06/11/20230611_S1210_E1210_GMI_gpm_MSGgrid.nc
There was a key error (probably due to hail class and nans) in file:  /data/sat/products/PMW_sats/MWCCH_hail_probability/netcdf_MSG_grid/2023/07/03/20230703_S0736_E0736_SSMIS_f17_MSGgrid.nc
There was a key error (probably due to hail class and nans) in file:  /data/sat/products/PMW_sats/MWCCH_hail_probability/netcdf_MSG_grid/2023/07/03/20230703_S0736_E0736_SSMIS_f17_MSGgrid.nc
There was a key error (probably due to hail class and nans) in file:  /data/sat/products/PMW_sats/MWCCH_hail_probability/netcdf_MSG_grid/2023/07/03/20230703_S0736_E0736_SSMIS_f17_MSGgrid.nc
44000
There was a key error (probably due to hail class and nans) in file:  /data/sat/products/PMW_sats/MWCCH_hail_probability/netcdf_MSG_grid/2023/07/24/20230724_S0736_E0736_GMI_gpm_MSGgrid.nc
There was a key error (probably due to hail class and nans) in file:  /data/sat/products/PMW_sats/MWCCH_hail_probability/netcdf_MSG_grid/2023/07/24/20230724_S0736_E0736_GMI_gpm_MSGgrid.nc
There was a key error (probably due to hail class and nans) in file:  /data/sat/products/PMW_sats/MWCCH_hail_probability/netcdf_MSG_grid/2023/07/25/20230725_S0507_E0507_GMI_gpm_MSGgrid.nc
There was a key error (probably due to hail class and nans) in file:  /data/sat/products/PMW_sats/MWCCH_hail_probability/netcdf_MSG_grid/2023/07/25/20230725_S0507_E0507_GMI_gpm_MSGgrid.nc
There was a key error (probably due to hail class and nans) in file:  /data/sat/products/PMW_sats/MWCCH_hail_probability/netcdf_MSG_grid/2023/07/25/20230725_S0507_E0507_GMI_gpm_MSGgrid.nc
There was a key error (probably due to hail class and nans) in file:  /data/sat/products/PMW_sats/MWCCH_hail_probability/netcdf_MSG_grid/2023/07/25/20230725_S0507_E0507_GMI_gpm_MSGgrid.nc
There was a key error (probably due to hail class and nans) in file:  /data/sat/products/PMW_sats/MWCCH_hail_probability/netcdf_MSG_grid/2023/07/25/20230725_S0507_E0507_GMI_gpm_MSGgrid.nc
There was a key error (probably due to hail class and nans) in file:  /data/sat/products/PMW_sats/MWCCH_hail_probability/netcdf_MSG_grid/2023/07/25/20230725_S0507_E0507_GMI_gpm_MSGgrid.nc
There was a key error (probably due to hail class and nans) in file:  /data/sat/products/PMW_sats/MWCCH_hail_probability/netcdf_MSG_grid/2023/07/25/20230725_S0507_E0507_GMI_gpm_MSGgrid.nc
There was a key error (probably due to hail class and nans) in file:  /data/sat/products/PMW_sats/MWCCH_hail_probability/netcdf_MSG_grid/2023/07/25/20230725_S0507_E0507_GMI_gpm_MSGgrid.nc
There was a key error (probably due to hail class and nans) in file:  /data/sat/products/PMW_sats/MWCCH_hail_probability/netcdf_MSG_grid/2023/07/25/20230725_S0507_E0507_GMI_gpm_MSGgrid.nc
There was a key error (probably due to hail class and nans) in file:  /data/sat/products/PMW_sats/MWCCH_hail_probability/netcdf_MSG_grid/2023/07/25/20230725_S0507_E0507_GMI_gpm_MSGgrid.nc
There was a key error (probably due to hail class and nans) in file:  /data/sat/products/PMW_sats/MWCCH_hail_probability/netcdf_MSG_grid/2023/07/25/20230725_S0507_E0507_GMI_gpm_MSGgrid.nc
There was a key error (probably due to hail class and nans) in file:  /data/sat/products/PMW_sats/MWCCH_hail_probability/netcdf_MSG_grid/2023/07/29/20230729_S1947_E1947_GMI_gpm_MSGgrid.nc
There was a key error (probably due to hail class and nans) in file:  /data/sat/products/PMW_sats/MWCCH_hail_probability/netcdf_MSG_grid/2023/07/29/20230729_S1947_E1947_GMI_gpm_MSGgrid.nc
There was a key error (probably due to hail class and nans) in file:  /data/sat/products/PMW_sats/MWCCH_hail_probability/netcdf_MSG_grid/2023/07/29/20230729_S1947_E1947_GMI_gpm_MSGgrid.nc
There was a key error (probably due to hail class and nans) in file:  /data/sat/products/PMW_sats/MWCCH_hail_probability/netcdf_MSG_grid/2023/07/29/20230729_S1947_E1947_GMI_gpm_MSGgrid.nc
There was a key error (probably due to hail class and nans) in file:  /data/sat/products/PMW_sats/MWCCH_hail_probability/netcdf_MSG_grid/2023/07/29/20230729_S1947_E1947_GMI_gpm_MSGgrid.nc
There was a key error (probably due to hail class and nans) in file:  /data/sat/products/PMW_sats/MWCCH_hail_probability/netcdf_MSG_grid/2023/07/29/20230729_S1947_E1947_GMI_gpm_MSGgrid.nc
There was a key error (probably due to hail class and nans) in file:  /data/sat/products/PMW_sats/MWCCH_hail_probability/netcdf_MSG_grid/2023/07/29/20230729_S1947_E1947_GMI_gpm_MSGgrid.nc
There was a key error (probably due to hail class and nans) in file:  /data/sat/products/PMW_sats/MWCCH_hail_probability/netcdf_MSG_grid/2023/07/29/20230729_S1947_E1947_GMI_gpm_MSGgrid.nc
There was a key error (probably due to hail class and nans) in file:  /data/sat/products/PMW_sats/MWCCH_hail_probability/netcdf_MSG_grid/2023/07/29/20230729_S1947_E1947_GMI_gpm_MSGgrid.nc
There was a key error (probably due to hail class and nans) in file:  /data/sat/products/PMW_sats/MWCCH_hail_probability/netcdf_MSG_grid/2023/07/29/20230729_S1947_E1947_GMI_gpm_MSGgrid.nc
There was a key error (probably due to hail class and nans) in file:  /data/sat/products/PMW_sats/MWCCH_hail_probability/netcdf_MSG_grid/2023/07/29/20230729_S1947_E1947_GMI_gpm_MSGgrid.nc
There was a key error (probably due to hail class and nans) in file:  /data/sat/products/PMW_sats/MWCCH_hail_probability/netcdf_MSG_grid/2023/07/29/20230729_S1947_E1947_GMI_gpm_MSGgrid.nc
There was a key error (probably due to hail class and nans) in file:  /data/sat/products/PMW_sats/MWCCH_hail_probability/netcdf_MSG_grid/2023/07/29/20230729_S1947_E1947_GMI_gpm_MSGgrid.nc
There was a key error (probably due to hail class and nans) in file:  /data/sat/products/PMW_sats/MWCCH_hail_probability/netcdf_MSG_grid/2023/07/29/20230729_S1947_E1947_GMI_gpm_MSGgrid.nc
There was a key error (probably due to hail class and nans) in file:  /data/sat/products/PMW_sats/MWCCH_hail_probability/netcdf_MSG_grid/2023/07/29/20230729_S1947_E1947_GMI_gpm_MSGgrid.nc
There was a key error (probably due to hail class and nans) in file:  /data/sat/products/PMW_sats/MWCCH_hail_probability/netcdf_MSG_grid/2023/07/29/20230729_S1947_E1947_GMI_gpm_MSGgrid.nc
There was a key error (probably due to hail class and nans) in file:  /data/sat/products/PMW_sats/MWCCH_hail_probability/netcdf_MSG_grid/2023/07/29/20230729_S1947_E1947_GMI_gpm_MSGgrid.nc
There was a key error (probably due to hail class and nans) in file:  /data/sat/products/PMW_sats/MWCCH_hail_probability/netcdf_MSG_grid/2023/09/04/20230904_S0507_E0507_SSMIS_f17_MSGgrid.nc
There was a key error (probably due to hail class and nans) in file:  /data/sat/products/PMW_sats/MWCCH_hail_probability/netcdf_MSG_grid/2023/09/04/20230904_S0507_E0507_SSMIS_f17_MSGgrid.nc
There was a key error (probably due to hail class and nans) in file:  /data/sat/products/PMW_sats/MWCCH_hail_probability/netcdf_MSG_grid/2023/09/04/20230904_S0507_E0507_SSMIS_f17_MSGgrid.nc
There was a key error (probably due to hail class and nans) in file:  /data/sat/products/PMW_sats/MWCCH_hail_probability/netcdf_MSG_grid/2023/09/04/20230904_S0507_E0507_SSMIS_f17_MSGgrid.nc
There was a key error (probably due to hail class and nans) in file:  /data/sat/products/PMW_sats/MWCCH_hail_probability/netcdf_MSG_grid/2023/09/04/20230904_S0507_E0507_SSMIS_f17_MSGgrid.nc
There was a key error (probably due to hail class and nans) in file:  /data/sat/products/PMW_sats/MWCCH_hail_probability/netcdf_MSG_grid/2023/09/04/20230904_S0507_E0507_SSMIS_f17_MSGgrid.nc
There was a key error (probably due to hail class and nans) in file:  /data/sat/products/PMW_sats/MWCCH_hail_probability/netcdf_MSG_grid/2023/09/04/20230904_S0507_E0507_SSMIS_f17_MSGgrid.nc
There was a key error (probably due to hail class and nans) in file:  /data/sat/products/PMW_sats/MWCCH_hail_probability/netcdf_MSG_grid/2023/09/04/20230904_S0507_E0507_SSMIS_f17_MSGgrid.nc
There was a key error (probably due to hail class and nans) in file:  /data/sat/products/PMW_sats/MWCCH_hail_probability/netcdf_MSG_grid/2023/09/15/20230915_S1347_E1347_GMI_gpm_MSGgrid.nc
There was a key error (probably due to hail class and nans) in file:  /data/sat/products/PMW_sats/MWCCH_hail_probability/netcdf_MSG_grid/2023/09/15/20230915_S1347_E1347_GMI_gpm_MSGgrid.nc
There was a key error (probably due to hail class and nans) in file:  /data/sat/products/PMW_sats/MWCCH_hail_probability/netcdf_MSG_grid/2023/09/15/20230915_S1347_E1347_GMI_gpm_MSGgrid.nc
There was a key error (probably due to hail class and nans) in file:  /data/sat/products/PMW_sats/MWCCH_hail_probability/netcdf_MSG_grid/2023/09/15/20230915_S1347_E1347_GMI_gpm_MSGgrid.nc
There was a key error (probably due to hail class and nans) in file:  /data/sat/products/PMW_sats/MWCCH_hail_probability/netcdf_MSG_grid/2023/09/15/20230915_S1347_E1347_GMI_gpm_MSGgrid.nc
There was a key error (probably due to hail class and nans) in file:  /data/sat/products/PMW_sats/MWCCH_hail_probability/netcdf_MSG_grid/2023/09/15/20230915_S1347_E1347_GMI_gpm_MSGgrid.nc
There was a key error (probably due to hail class and nans) in file:  /data/sat/products/PMW_sats/MWCCH_hail_probability/netcdf_MSG_grid/2023/09/15/20230915_S1347_E1347_GMI_gpm_MSGgrid.nc
There was a key error (probably due to hail class and nans) in file:  /data/sat/products/PMW_sats/MWCCH_hail_probability/netcdf_MSG_grid/2023/09/15/20230915_S1347_E1347_GMI_gpm_MSGgrid.nc
There was a key error (probably due to hail class and nans) in file:  /data/sat/products/PMW_sats/MWCCH_hail_probability/netcdf_MSG_grid/2023/09/15/20230915_S1347_E1347_GMI_gpm_MSGgrid.nc
There was a key error (probably due to hail class and nans) in file:  /data/sat/products/PMW_sats/MWCCH_hail_probability/netcdf_MSG_grid/2023/09/15/20230915_S1347_E1347_GMI_gpm_MSGgrid.nc
There was a key error (probably due to hail class and nans) in file:  /data/sat/products/PMW_sats/MWCCH_hail_probability/netcdf_MSG_grid/2023/09/15/20230915_S1347_E1347_GMI_gpm_MSGgrid.nc
There was a key error (probably due to hail class and nans) in file:  /data/sat/products/PMW_sats/MWCCH_hail_probability/netcdf_MSG_grid/2023/09/15/20230915_S1347_E1347_GMI_gpm_MSGgrid.nc
There was a key error (probably due to hail class and nans) in file:  /data/sat/products/PMW_sats/MWCCH_hail_probability/netcdf_MSG_grid/2023/09/15/20230915_S1347_E1347_GMI_gpm_MSGgrid.nc
45000
There was a key error (probably due to hail class and nans) in file:  /data/sat/products/PMW_sats/MWCCH_hail_probability/netcdf_MSG_grid/2023/09/16/20230916_S0854_E0854_MHS_meto03_MSGgrid.nc
There was a key error (probably due to hail class and nans) in file:  /data/sat/products/PMW_sats/MWCCH_hail_probability/netcdf_MSG_grid/2023/09/16/20230916_S0854_E0854_MHS_meto03_MSGgrid.nc
There was a key error (probably due to hail class and nans) in file:  /data/sat/products/PMW_sats/MWCCH_hail_probability/netcdf_MSG_grid/2023/09/16/20230916_S0854_E0854_MHS_meto03_MSGgrid.nc
There was a key error (probably due to hail class and nans) in file:  /data/sat/products/PMW_sats/MWCCH_hail_probability/netcdf_MSG_grid/2023/09/16/20230916_S0854_E0854_MHS_meto03_MSGgrid.nc
There was a key error (probably due to hail class and nans) in file:  /data/sat/products/PMW_sats/MWCCH_hail_probability/netcdf_MSG_grid/2023/09/16/20230916_S0854_E0854_MHS_meto03_MSGgrid.nc
There was a key error (probably due to hail class and nans) in file:  /data/sat/products/PMW_sats/MWCCH_hail_probability/netcdf_MSG_grid/2023/09/16/20230916_S0854_E0854_MHS_meto03_MSGgrid.nc
There was a key error (probably due to hail class and nans) in file:  /data/sat/products/PMW_sats/MWCCH_hail_probability/netcdf_MSG_grid/2023/09/16/20230916_S0854_E0854_MHS_meto03_MSGgrid.nc
There was a key error (probably due to hail class and nans) in file:  /data/sat/products/PMW_sats/MWCCH_hail_probability/netcdf_MSG_grid/2023/09/16/20230916_S0854_E0854_MHS_meto03_MSGgrid.nc
There was a key error (probably due to hail class and nans) in file:  /data/sat/products/PMW_sats/MWCCH_hail_probability/netcdf_MSG_grid/2023/09/16/20230916_S0854_E0854_MHS_meto03_MSGgrid.nc
There was a key error (probably due to hail class and nans) in file:  /data/sat/products/PMW_sats/MWCCH_hail_probability/netcdf_MSG_grid/2023/09/16/20230916_S0854_E0854_MHS_meto03_MSGgrid.nc
There was a key error (probably due to hail class and nans) in file:  /data/sat/products/PMW_sats/MWCCH_hail_probability/netcdf_MSG_grid/2023/09/16/20230916_S0854_E0854_MHS_meto03_MSGgrid.nc
There was a key error (probably due to hail class and nans) in file:  /data/sat/products/PMW_sats/MWCCH_hail_probability/netcdf_MSG_grid/2023/09/16/20230916_S0854_E0854_MHS_meto03_MSGgrid.nc
There was a key error (probably due to hail class and nans) in file:  /data/sat/products/PMW_sats/MWCCH_hail_probability/netcdf_MSG_grid/2023/09/16/20230916_S0854_E0854_MHS_meto03_MSGgrid.nc
There was a key error (probably due to hail class and nans) in file:  /data/sat/products/PMW_sats/MWCCH_hail_probability/netcdf_MSG_grid/2023/09/16/20230916_S0854_E0854_MHS_meto03_MSGgrid.nc
There was a key error (probably due to hail class and nans) in file:  /data/sat/products/PMW_sats/MWCCH_hail_probability/netcdf_MSG_grid/2023/09/16/20230916_S0854_E0854_MHS_meto03_MSGgrid.nc
There was a key error (probably due to hail class and nans) in file:  /data/sat/products/PMW_sats/MWCCH_hail_probability/netcdf_MSG_grid/2023/09/16/20230916_S0854_E0854_MHS_meto03_MSGgrid.nc
There was a key error (probably due to hail class and nans) in file:  /data/sat/products/PMW_sats/MWCCH_hail_probability/netcdf_MSG_grid/2023/09/16/20230916_S0854_E0854_MHS_meto03_MSGgrid.nc
There was a key error (probably due to hail class and nans) in file:  /data/sat/products/PMW_sats/MWCCH_hail_probability/netcdf_MSG_grid/2023/09/16/20230916_S0854_E0854_MHS_meto03_MSGgrid.nc
There was a key error (probably due to hail class and nans) in file:  /data/sat/products/PMW_sats/MWCCH_hail_probability/netcdf_MSG_grid/2023/09/28/20230928_S0208_E0208_GMI_gpm_MSGgrid.nc
There was a key error (probably due to hail class and nans) in file:  /data/sat/products/PMW_sats/MWCCH_hail_probability/netcdf_MSG_grid/2023/09/28/20230928_S0208_E0208_GMI_gpm_MSGgrid.nc
There was a key error (probably due to hail class and nans) in file:  /data/sat/products/PMW_sats/MWCCH_hail_probability/netcdf_MSG_grid/2023/09/28/20230928_S0208_E0208_GMI_gpm_MSGgrid.nc
There was a key error (probably due to hail class and nans) in file:  /data/sat/products/PMW_sats/MWCCH_hail_probability/netcdf_MSG_grid/2023/09/28/20230928_S0208_E0208_GMI_gpm_MSGgrid.nc
There was a key error (probably due to hail class and nans) in file:  /data/sat/products/PMW_sats/MWCCH_hail_probability/netcdf_MSG_grid/2023/09/28/20230928_S0208_E0208_GMI_gpm_MSGgrid.nc
There was a key error (probably due to hail class and nans) in file:  /data/sat/products/PMW_sats/MWCCH_hail_probability/netcdf_MSG_grid/2023/09/28/20230928_S0208_E0208_GMI_gpm_MSGgrid.nc
There was a key error (probably due to hail class and nans) in file:  /data/sat/products/PMW_sats/MWCCH_hail_probability/netcdf_MSG_grid/2023/09/28/20230928_S0208_E0208_GMI_gpm_MSGgrid.nc
There was a key error (probably due to hail class and nans) in file:  /data/sat/products/PMW_sats/MWCCH_hail_probability/netcdf_MSG_grid/2023/09/28/20230928_S0208_E0208_GMI_gpm_MSGgrid.nc
There was a key error (probably due to hail class and nans) in file:  /data/sat/products/PMW_sats/MWCCH_hail_probability/netcdf_MSG_grid/2023/09/28/20230928_S0208_E0208_GMI_gpm_MSGgrid.nc
There was a key error (probably due to hail class and nans) in file:  /data/sat/products/PMW_sats/MWCCH_hail_probability/netcdf_MSG_grid/2023/09/28/20230928_S0208_E0208_GMI_gpm_MSGgrid.nc
There was a key error (probably due to hail class and nans) in file:  /data/sat/products/PMW_sats/MWCCH_hail_probability/netcdf_MSG_grid/2023/09/28/20230928_S0208_E0208_GMI_gpm_MSGgrid.nc
There was a key error (probably due to hail class and nans) in file:  /data/sat/products/PMW_sats/MWCCH_hail_probability/netcdf_MSG_grid/2023/09/28/20230928_S0208_E0208_GMI_gpm_MSGgrid.nc
There was a key error (probably due to hail class and nans) in file:  /data/sat/products/PMW_sats/MWCCH_hail_probability/netcdf_MSG_grid/2023/09/28/20230928_S0208_E0208_GMI_gpm_MSGgrid.nc
There was a key error (probably due to hail class and nans) in file:  /data/sat/products/PMW_sats/MWCCH_hail_probability/netcdf_MSG_grid/2023/09/28/20230928_S0208_E0208_GMI_gpm_MSGgrid.nc
There was a key error (probably due to hail class and nans) in file:  /data/sat/products/PMW_sats/MWCCH_hail_probability/netcdf_MSG_grid/2023/09/28/20230928_S0208_E0208_GMI_gpm_MSGgrid.nc
There was a key error (probably due to hail class and nans) in file:  /data/sat/products/PMW_sats/MWCCH_hail_probability/netcdf_MSG_grid/2023/09/28/20230928_S0208_E0208_GMI_gpm_MSGgrid.nc
There was a key error (probably due to hail class and nans) in file:  /data/sat/products/PMW_sats/MWCCH_hail_probability/netcdf_MSG_grid/2023/09/28/20230928_S0208_E0208_GMI_gpm_MSGgrid.nc
There was a key error (probably due to hail class and nans) in file:  /data/sat/products/PMW_sats/MWCCH_hail_probability/netcdf_MSG_grid/2023/09/28/20230928_S0208_E0208_GMI_gpm_MSGgrid.nc
total number of files processed:  45261
